<?xml version='1.0' encoding='UTF-8'?><magicdraw><legenditem id="00ad112b-3088-4251-bf61-cc76a3b413bb" refElementId="00ad112b-3088-4251-bf61-cc76a3b413bb" humanType="Legend Item" classType="Constraint" requireSort="node" icon="StyleGuide_files/icon_legenditem_534753602.jpg"><visibility humanName="Visibility">public</visibility><taggedValue humanName="Tagged Value"><stringtaggedvalue refid="c02594b8-f634-4f09-8cf3-bb6af31704fe" refElementId="c02594b8-f634-4f09-8cf3-bb6af31704fe" humanType="String Tagged Value" classType="StringTaggedValue" name="adornment = &quot;&lt;?xml version=&quot;1.0&quot; encoding=&quot;UTF-8&quot; standalone=&quot;yes&quot;?>&lt;adornment fillColor=&quot;-100&quot; transparency=&quot;0&quot; lineWidth=&quot;0&quot;>&lt;representation>ADORNMENT_REPRESENT_AS_SHAPE&lt;/representation>&lt;/adornment>&quot;" icon="StyleGuide_files/icon_stringtaggedvalue_907973731.jpg"/></taggedValue><specification refid="a5c64404-5b4e-44cb-800f-5977f47e5174" refElementId="a5c64404-5b4e-44cb-800f-5977f47e5174" humanType="Opaque Expression" classType="OpaqueExpression" name="NA" text="" icon="StyleGuide_files/icon_opaqueexpression_1102819865.jpg" humanName="Specification" mode="s,e"/><qualifiedName humanName="Qualified Name" mode="e">AFLCMC Style Guide Rules::AFLCMC Rule Examples::3. Use of Legends::Legend of Boats::Medium Boat</qualifiedName><owner refid="78135278-e001-47d9-b70c-d5e71632cbaa" refElementId="78135278-e001-47d9-b70c-d5e71632cbaa" humanType="Legend" classType="Class" name="Legend of Boats" icon="StyleGuide_files/icon_legend_751988083.jpg" humanName="Owner" mode="s,e"/><ownedElement humanName="Owned Element"><stringtaggedvalue refid="c02594b8-f634-4f09-8cf3-bb6af31704fe" refElementId="c02594b8-f634-4f09-8cf3-bb6af31704fe" humanType="String Tagged Value" classType="StringTaggedValue" name="adornment = &quot;&lt;?xml version=&quot;1.0&quot; encoding=&quot;UTF-8&quot; standalone=&quot;yes&quot;?>&lt;adornment fillColor=&quot;-100&quot; transparency=&quot;0&quot; lineWidth=&quot;0&quot;>&lt;representation>ADORNMENT_REPRESENT_AS_SHAPE&lt;/representation>&lt;/adornment>&quot;" icon="StyleGuide_files/icon_stringtaggedvalue_907973731.jpg"/><opaqueexpression refid="a5c64404-5b4e-44cb-800f-5977f47e5174" refElementId="a5c64404-5b4e-44cb-800f-5977f47e5174" humanType="Opaque Expression" classType="OpaqueExpression" name="NA" text="" icon="StyleGuide_files/icon_opaqueexpression_1102819865.jpg"/></ownedElement><namespace refid="78135278-e001-47d9-b70c-d5e71632cbaa" refElementId="78135278-e001-47d9-b70c-d5e71632cbaa" humanType="Legend" classType="Class" name="Legend of Boats" icon="StyleGuide_files/icon_legend_751988083.jpg" humanName="Namespace"/><name humanName="Name" mode="s,e">Medium Boat</name><documentation humanName="Documentation">NA</documentation><context refid="78135278-e001-47d9-b70c-d5e71632cbaa" refElementId="78135278-e001-47d9-b70c-d5e71632cbaa" humanType="Legend" classType="Class" name="Legend of Boats" icon="StyleGuide_files/icon_legend_751988083.jpg" humanName="Context"/><appliedStereotype humanName="Applied Stereotype" mode="e"><stereotype refid="e0bf93ab-bdc4-4146-ad32-addc7454cad4" refElementId="e0bf93ab-bdc4-4146-ad32-addc7454cad4" humanType="Stereotype" classType="Stereotype" name="LegendItem" icon="StyleGuide_files/icon_stereotype_534753602.jpg"/></appliedStereotype><TO_DO humanName="To Do" mode="s,e">NA</TO_DO><ActiveHyperlink humanName="Active Hyperlink">NA</ActiveHyperlink><report_appliedStereotype_tags humanName="Applied Stereotype" requireSort="element" mode="e"><stereotype refid="e0bf93ab-bdc4-4146-ad32-addc7454cad4" refElementId="e0bf93ab-bdc4-4146-ad32-addc7454cad4" humanType="Stereotype" classType="Stereotype" name="LegendItem" icon="StyleGuide_files/icon_stereotype_534753602.jpg"><property requireSort="name" refid="4570cd41-219c-47f0-9937-d6bbb5c34db9" refElementId="4570cd41-219c-47f0-9937-d6bbb5c34db9" humanType="Property" classType="Property" name="adornedProperties" icon="StyleGuide_files/icon_property_1714208984.jpg" humanName="Adorned Properties"/><property requireSort="name" refid="e591bc36-32c8-4f6f-9cc7-9c5fe879e36b" refElementId="e591bc36-32c8-4f6f-9cc7-9c5fe879e36b" humanType="Property" classType="Property" name="adornment" icon="StyleGuide_files/icon_property_1714208984.jpg" humanName="Adornment"><String>&lt;?xml version="1.0" encoding="UTF-8" standalone="yes"?>&lt;adornment fillColor="-100" transparency="0" lineWidth="0">&lt;representation>ADORNMENT_REPRESENT_AS_SHAPE&lt;/representation>&lt;/adornment></String></property><property requireSort="name" refid="9fc98aec-460c-46c2-ab5f-05363c9101ab" refElementId="9fc98aec-460c-46c2-ab5f-05363c9101ab" humanType="Property" classType="Property" name="base_Constraint" icon="StyleGuide_files/icon_property_1714208984.jpg" humanName="Base_ Constraint"/><property requireSort="name" refid="27e7586a-4c7b-42c7-ba86-885f8c4e7d64" refElementId="27e7586a-4c7b-42c7-ba86-885f8c4e7d64" humanType="Property" classType="Property" name="base_Constraint" icon="StyleGuide_files/icon_property_1714208984.jpg" humanName="Base_ Constraint"/><property requireSort="name" refid="33af4e96-bdd9-4255-bdd4-b8df73fb16a7" refElementId="33af4e96-bdd9-4255-bdd4-b8df73fb16a7" humanType="Property" classType="Property" name="base_Constraint" icon="StyleGuide_files/icon_property_1714208984.jpg" humanName="Base_ Constraint"/><property requireSort="name" refid="fec932b2-935e-42e4-ace0-fe8562104a7c" refElementId="fec932b2-935e-42e4-ace0-fe8562104a7c" humanType="Property" classType="Property" name="base_Element" icon="StyleGuide_files/icon_property_1714208984.jpg" humanName="Base_ Element"/><property requireSort="name" refid="76a6a972-fcb2-406a-92d9-2c2dad1aa9eb" refElementId="76a6a972-fcb2-406a-92d9-2c2dad1aa9eb" humanType="Property" classType="Property" name="implementation" icon="StyleGuide_files/icon_property_1714208984.jpg" humanName="Implementation"/><property requireSort="name" refid="ceda02d3-80a7-4d6c-bc9f-6a668e6fefd2" refElementId="ceda02d3-80a7-4d6c-bc9f-6a668e6fefd2" humanType="Property" classType="Property" name="priority" icon="StyleGuide_files/icon_property_1714208984.jpg" humanName="Priority"/></stereotype></report_appliedStereotype_tags></legenditem></magicdraw>