<?xml version='1.0' encoding='UTF-8'?><magicdraw><constraintblock id="016589ae-c936-47cd-b169-30d3ea318446" refElementId="016589ae-c936-47cd-b169-30d3ea318446" humanType="Constraint Block" classType="Class" requireSort="node" icon="StyleGuide_files/icon_constraintblock_462393747.jpg"><visibility humanName="Visibility">public</visibility><usedAsType humanName="Used As Type"><constraintproperty refid="d67aa71c-5a3d-42ac-9236-2f8cd2d35315" refElementId="d67aa71c-5a3d-42ac-9236-2f8cd2d35315" humanType="Constraint Property" classType="Property" name="NA" icon="StyleGuide_files/icon_constraintproperty_183622963.jpg"/></usedAsType><role humanName="Role"><constraintparameter refid="101f4552-1d77-43b1-a1d9-5c9d01122de0" refElementId="101f4552-1d77-43b1-a1d9-5c9d01122de0" humanType="Constraint Parameter" classType="Port" name="Comp2Mass" icon="StyleGuide_files/icon_constraintparameter_598843222.jpg"/><constraintparameter refid="eff10296-3782-4f49-90ae-929f139070c5" refElementId="eff10296-3782-4f49-90ae-929f139070c5" humanType="Constraint Parameter" classType="Port" name="totalMass" icon="StyleGuide_files/icon_constraintparameter_598843222.jpg"/><constraintparameter refid="2760557a-966d-4c80-830a-f839561b2139" refElementId="2760557a-966d-4c80-830a-f839561b2139" humanType="Constraint Parameter" classType="Port" name="Comp1Mass" icon="StyleGuide_files/icon_constraintparameter_598843222.jpg"/></role><qualifiedName humanName="Qualified Name" mode="e">AFLCMC Style Guide Rules::AFLCMC Rule Examples::20. Parametric diagram flow::ConstraintBlock</qualifiedName><part humanName="Part"><constraintparameter refid="101f4552-1d77-43b1-a1d9-5c9d01122de0" refElementId="101f4552-1d77-43b1-a1d9-5c9d01122de0" humanType="Constraint Parameter" classType="Port" name="Comp2Mass" icon="StyleGuide_files/icon_constraintparameter_598843222.jpg"/><constraintparameter refid="eff10296-3782-4f49-90ae-929f139070c5" refElementId="eff10296-3782-4f49-90ae-929f139070c5" humanType="Constraint Parameter" classType="Port" name="totalMass" icon="StyleGuide_files/icon_constraintparameter_598843222.jpg"/><constraintparameter refid="2760557a-966d-4c80-830a-f839561b2139" refElementId="2760557a-966d-4c80-830a-f839561b2139" humanType="Constraint Parameter" classType="Port" name="Comp1Mass" icon="StyleGuide_files/icon_constraintparameter_598843222.jpg"/></part><package refid="ec682748-a094-4c33-b4df-50ad9d28c09b" refElementId="ec682748-a094-4c33-b4df-50ad9d28c09b" humanType="Package" classType="Package" name="20. Parametric diagram flow" hasDiagram="true" icon="StyleGuide_files/icon_package_1704329166.jpg" humanName="Package"/><owningPackage refid="ec682748-a094-4c33-b4df-50ad9d28c09b" refElementId="ec682748-a094-4c33-b4df-50ad9d28c09b" humanType="Package" classType="Package" name="20. Parametric diagram flow" hasDiagram="true" icon="StyleGuide_files/icon_package_1704329166.jpg" humanName="Owning Package"/><owner refid="ec682748-a094-4c33-b4df-50ad9d28c09b" refElementId="ec682748-a094-4c33-b4df-50ad9d28c09b" humanType="Package" classType="Package" name="20. Parametric diagram flow" hasDiagram="true" icon="StyleGuide_files/icon_package_1704329166.jpg" humanName="Owner" mode="s,e"/><ownedRule humanName="Owned Rule"><constraint refid="98a834bd-1853-4ecc-86fe-5a7981e9f13e" refElementId="98a834bd-1853-4ecc-86fe-5a7981e9f13e" humanType="Constraint" classType="Constraint" name="NA" icon="StyleGuide_files/icon_constraint_1137662975.jpg"/></ownedRule><ownedPort humanName="Owned Port"><constraintparameter refid="101f4552-1d77-43b1-a1d9-5c9d01122de0" refElementId="101f4552-1d77-43b1-a1d9-5c9d01122de0" humanType="Constraint Parameter" classType="Port" name="Comp2Mass" icon="StyleGuide_files/icon_constraintparameter_598843222.jpg"/><constraintparameter refid="eff10296-3782-4f49-90ae-929f139070c5" refElementId="eff10296-3782-4f49-90ae-929f139070c5" humanType="Constraint Parameter" classType="Port" name="totalMass" icon="StyleGuide_files/icon_constraintparameter_598843222.jpg"/><constraintparameter refid="2760557a-966d-4c80-830a-f839561b2139" refElementId="2760557a-966d-4c80-830a-f839561b2139" humanType="Constraint Parameter" classType="Port" name="Comp1Mass" icon="StyleGuide_files/icon_constraintparameter_598843222.jpg"/></ownedPort><ownedMember humanName="Owned Member"><constraintparameter refid="101f4552-1d77-43b1-a1d9-5c9d01122de0" refElementId="101f4552-1d77-43b1-a1d9-5c9d01122de0" humanType="Constraint Parameter" classType="Port" name="Comp2Mass" icon="StyleGuide_files/icon_constraintparameter_598843222.jpg"/><constraintparameter refid="eff10296-3782-4f49-90ae-929f139070c5" refElementId="eff10296-3782-4f49-90ae-929f139070c5" humanType="Constraint Parameter" classType="Port" name="totalMass" icon="StyleGuide_files/icon_constraintparameter_598843222.jpg"/><constraintparameter refid="2760557a-966d-4c80-830a-f839561b2139" refElementId="2760557a-966d-4c80-830a-f839561b2139" humanType="Constraint Parameter" classType="Port" name="Comp1Mass" icon="StyleGuide_files/icon_constraintparameter_598843222.jpg"/><constraint refid="98a834bd-1853-4ecc-86fe-5a7981e9f13e" refElementId="98a834bd-1853-4ecc-86fe-5a7981e9f13e" humanType="Constraint" classType="Constraint" name="NA" icon="StyleGuide_files/icon_constraint_1137662975.jpg"/></ownedMember><ownedElement humanName="Owned Element"><constraintparameter refid="101f4552-1d77-43b1-a1d9-5c9d01122de0" refElementId="101f4552-1d77-43b1-a1d9-5c9d01122de0" humanType="Constraint Parameter" classType="Port" name="Comp2Mass" icon="StyleGuide_files/icon_constraintparameter_598843222.jpg"/><constraintparameter refid="eff10296-3782-4f49-90ae-929f139070c5" refElementId="eff10296-3782-4f49-90ae-929f139070c5" humanType="Constraint Parameter" classType="Port" name="totalMass" icon="StyleGuide_files/icon_constraintparameter_598843222.jpg"/><constraintparameter refid="2760557a-966d-4c80-830a-f839561b2139" refElementId="2760557a-966d-4c80-830a-f839561b2139" humanType="Constraint Parameter" classType="Port" name="Comp1Mass" icon="StyleGuide_files/icon_constraintparameter_598843222.jpg"/><constraint refid="98a834bd-1853-4ecc-86fe-5a7981e9f13e" refElementId="98a834bd-1853-4ecc-86fe-5a7981e9f13e" humanType="Constraint" classType="Constraint" name="NA" icon="StyleGuide_files/icon_constraint_1137662975.jpg"/></ownedElement><ownedAttribute humanName="Owned Attribute"><constraintparameter refid="101f4552-1d77-43b1-a1d9-5c9d01122de0" refElementId="101f4552-1d77-43b1-a1d9-5c9d01122de0" humanType="Constraint Parameter" classType="Port" name="Comp2Mass" icon="StyleGuide_files/icon_constraintparameter_598843222.jpg"/><constraintparameter refid="eff10296-3782-4f49-90ae-929f139070c5" refElementId="eff10296-3782-4f49-90ae-929f139070c5" humanType="Constraint Parameter" classType="Port" name="totalMass" icon="StyleGuide_files/icon_constraintparameter_598843222.jpg"/><constraintparameter refid="2760557a-966d-4c80-830a-f839561b2139" refElementId="2760557a-966d-4c80-830a-f839561b2139" humanType="Constraint Parameter" classType="Port" name="Comp1Mass" icon="StyleGuide_files/icon_constraintparameter_598843222.jpg"/></ownedAttribute><namespace refid="ec682748-a094-4c33-b4df-50ad9d28c09b" refElementId="ec682748-a094-4c33-b4df-50ad9d28c09b" humanType="Package" classType="Package" name="20. Parametric diagram flow" hasDiagram="true" icon="StyleGuide_files/icon_package_1704329166.jpg" humanName="Namespace"/><name humanName="Name" mode="s,e">ConstraintBlock</name><member humanName="Member"><constraintparameter refid="101f4552-1d77-43b1-a1d9-5c9d01122de0" refElementId="101f4552-1d77-43b1-a1d9-5c9d01122de0" humanType="Constraint Parameter" classType="Port" name="Comp2Mass" icon="StyleGuide_files/icon_constraintparameter_598843222.jpg"/><constraintparameter refid="eff10296-3782-4f49-90ae-929f139070c5" refElementId="eff10296-3782-4f49-90ae-929f139070c5" humanType="Constraint Parameter" classType="Port" name="totalMass" icon="StyleGuide_files/icon_constraintparameter_598843222.jpg"/><constraintparameter refid="2760557a-966d-4c80-830a-f839561b2139" refElementId="2760557a-966d-4c80-830a-f839561b2139" humanType="Constraint Parameter" classType="Port" name="Comp1Mass" icon="StyleGuide_files/icon_constraintparameter_598843222.jpg"/><constraint refid="98a834bd-1853-4ecc-86fe-5a7981e9f13e" refElementId="98a834bd-1853-4ecc-86fe-5a7981e9f13e" humanType="Constraint" classType="Constraint" name="NA" icon="StyleGuide_files/icon_constraint_1137662975.jpg"/></member><isLeaf humanName="Is Leaf">false</isLeaf><isFinalSpecialization humanName="Is Final Specialization">false</isFinalSpecialization><isActive humanName="Is Active" mode="e">false</isActive><isAbstract humanName="Is Abstract">false</isAbstract><feature humanName="Feature"><constraintparameter refid="101f4552-1d77-43b1-a1d9-5c9d01122de0" refElementId="101f4552-1d77-43b1-a1d9-5c9d01122de0" humanType="Constraint Parameter" classType="Port" name="Comp2Mass" icon="StyleGuide_files/icon_constraintparameter_598843222.jpg"/><constraintparameter refid="eff10296-3782-4f49-90ae-929f139070c5" refElementId="eff10296-3782-4f49-90ae-929f139070c5" humanType="Constraint Parameter" classType="Port" name="totalMass" icon="StyleGuide_files/icon_constraintparameter_598843222.jpg"/><constraintparameter refid="2760557a-966d-4c80-830a-f839561b2139" refElementId="2760557a-966d-4c80-830a-f839561b2139" humanType="Constraint Parameter" classType="Port" name="Comp1Mass" icon="StyleGuide_files/icon_constraintparameter_598843222.jpg"/></feature><effectiveIRI humanName="Effective IRI">NA</effectiveIRI><documentation humanName="Documentation">NA</documentation><derivedExplanation humanName="Derived Explanation">NA</derivedExplanation><attribute humanName="Attribute"><constraintparameter refid="101f4552-1d77-43b1-a1d9-5c9d01122de0" refElementId="101f4552-1d77-43b1-a1d9-5c9d01122de0" humanType="Constraint Parameter" classType="Port" name="Comp2Mass" icon="StyleGuide_files/icon_constraintparameter_598843222.jpg"/><constraintparameter refid="eff10296-3782-4f49-90ae-929f139070c5" refElementId="eff10296-3782-4f49-90ae-929f139070c5" humanType="Constraint Parameter" classType="Port" name="totalMass" icon="StyleGuide_files/icon_constraintparameter_598843222.jpg"/><constraintparameter refid="2760557a-966d-4c80-830a-f839561b2139" refElementId="2760557a-966d-4c80-830a-f839561b2139" humanType="Constraint Parameter" classType="Port" name="Comp1Mass" icon="StyleGuide_files/icon_constraintparameter_598843222.jpg"/></attribute><appliedStereotype humanName="Applied Stereotype" mode="e"><stereotype refid="6a35a614-f6a2-4dc7-afdb-ef0bc9d4c356" refElementId="6a35a614-f6a2-4dc7-afdb-ef0bc9d4c356" humanType="Stereotype" classType="Stereotype" name="ConstraintBlock" icon="StyleGuide_files/icon_stereotype_462393747.jpg"/></appliedStereotype><TO_DO humanName="To Do">NA</TO_DO><ActiveHyperlink humanName="Active Hyperlink">NA</ActiveHyperlink><report_appliedStereotype_tags humanName="Applied Stereotype" requireSort="element" mode="e"><stereotype refid="6a35a614-f6a2-4dc7-afdb-ef0bc9d4c356" refElementId="6a35a614-f6a2-4dc7-afdb-ef0bc9d4c356" humanType="Stereotype" classType="Stereotype" name="ConstraintBlock" icon="StyleGuide_files/icon_stereotype_462393747.jpg"><property requireSort="name" refid="5226ecbd-0d12-4d45-8058-746ec309cebc" refElementId="5226ecbd-0d12-4d45-8058-746ec309cebc" humanType="Property" classType="Property" name="base_Class" icon="StyleGuide_files/icon_property_1714208984.jpg" humanName="Base_ Class"/><property requireSort="name" refid="bc7751b1-76b0-4daa-9db2-8f2e91343ae1" refElementId="bc7751b1-76b0-4daa-9db2-8f2e91343ae1" humanType="Property" classType="Property" name="base_Class" icon="StyleGuide_files/icon_property_1714208984.jpg" humanName="Base_ Class"/><property requireSort="name" refid="bcd3c93f-2a66-496e-b6e5-3c281bfca79a" refElementId="bcd3c93f-2a66-496e-b6e5-3c281bfca79a" humanType="Property" classType="Property" name="isEncapsulated" icon="StyleGuide_files/icon_property_1714208984.jpg" humanName="Is Encapsulated"/></stereotype></report_appliedStereotype_tags></constraintblock></magicdraw>