<?xml version='1.0' encoding='UTF-8'?><magicdraw><comment id="01fe35a9-3ecd-4ff7-9c4d-cd24d93fa90f" refElementId="01fe35a9-3ecd-4ff7-9c4d-cd24d93fa90f" humanType="Comment" classType="Comment" requireSort="node" icon="StyleGuide_files/icon_comment_381730363.jpg"><owningElement refid="f4855656-0ec6-465b-84c2-748089f0b2f6" refElementId="f4855656-0ec6-465b-84c2-748089f0b2f6" humanType="Package" classType="Package" name="AFLCMC Rule Examples" icon="StyleGuide_files/icon_package_1704329166.jpg" humanName="Owning Element"/><owner refid="f4855656-0ec6-465b-84c2-748089f0b2f6" refElementId="f4855656-0ec6-465b-84c2-748089f0b2f6" humanType="Package" classType="Package" name="AFLCMC Rule Examples" icon="StyleGuide_files/icon_package_1704329166.jpg" humanName="Owner" mode="s,e"/><documentation humanName="Documentation">NA</documentation><body humanName="Body" mode="s,e">Not all rules  (4, 9, 15, 17, 24) require/have a diagram example.</body><TO_DO humanName="To Do" mode="s,e">NA</TO_DO><ActiveHyperlink humanName="Active Hyperlink">NA</ActiveHyperlink><report_appliedStereotype_tags humanName="Applied Stereotype" requireSort="element" mode="s,e"/></comment></magicdraw>