<?xml version='1.0' encoding='UTF-8'?><magicdraw><requirement id="0634e730-c1de-49e3-8c90-4de53869f7ae" refElementId="0634e730-c1de-49e3-8c90-4de53869f7ae" humanType="Requirement" classType="Class" requireSort="node" icon="StyleGuide_files/icon_requirement_1047273168.jpg"><visibility humanName="Visibility">public</visibility><taggedValue humanName="Tagged Value"><stringtaggedvalue refid="d0589e56-e250-48f5-9a0f-ccb0f0d5c5d1" refElementId="d0589e56-e250-48f5-9a0f-ccb0f0d5c5d1" humanType="String Tagged Value" classType="StringTaggedValue" name="Text = &quot;&quot;" icon="StyleGuide_files/icon_stringtaggedvalue_907973731.jpg"/><stringtaggedvalue refid="89ca2015-2598-42bf-af66-974473ec53a8" refElementId="89ca2015-2598-42bf-af66-974473ec53a8" humanType="String Tagged Value" classType="StringTaggedValue" name="Id = &quot;23.1&quot;" icon="StyleGuide_files/icon_stringtaggedvalue_907973731.jpg"/><elementtaggedvalue refid="1a495907-6f39-4414-a44e-8510c618af17" refElementId="1a495907-6f39-4414-a44e-8510c618af17" humanType="Element Tagged Value" classType="ElementTaggedValue" name="DerivedFrom = Provide a Vegan Diet" icon="StyleGuide_files/icon_elementtaggedvalue_1398767430.jpg"/></taggedValue><specifyingElement humanName="Specifying Element"><requirement refid="214cfa0e-2ceb-4626-b9bc-49d36daa0580" refElementId="214cfa0e-2ceb-4626-b9bc-49d36daa0580" humanType="Requirement" classType="Class" name="Provide a Vegan Diet" icon="StyleGuide_files/icon_requirement_1047273168.jpg"/></specifyingElement><redefinitionContext humanName="Redefinition Context"><requirement refid="78b10bd0-8644-4ddb-927d-dfc248695adc" refElementId="78b10bd0-8644-4ddb-927d-dfc248695adc" humanType="Requirement" classType="Class" name="Provide a Vegetarian Diet" icon="StyleGuide_files/icon_requirement_1047273168.jpg"/></redefinitionContext><qualifiedName humanName="Qualified Name" mode="e">AFLCMC Style Guide Rules::AFLCMC Rule Examples::19. Requirement Ownership::Provide a Vegetarian Diet::Provide Vegetables</qualifiedName><owner refid="78b10bd0-8644-4ddb-927d-dfc248695adc" refElementId="78b10bd0-8644-4ddb-927d-dfc248695adc" humanType="Requirement" classType="Class" name="Provide a Vegetarian Diet" icon="StyleGuide_files/icon_requirement_1047273168.jpg" humanName="Owner" mode="s,e"/><ownedElement humanName="Owned Element"><stringtaggedvalue refid="d0589e56-e250-48f5-9a0f-ccb0f0d5c5d1" refElementId="d0589e56-e250-48f5-9a0f-ccb0f0d5c5d1" humanType="String Tagged Value" classType="StringTaggedValue" name="Text = &quot;&quot;" icon="StyleGuide_files/icon_stringtaggedvalue_907973731.jpg"/><stringtaggedvalue refid="89ca2015-2598-42bf-af66-974473ec53a8" refElementId="89ca2015-2598-42bf-af66-974473ec53a8" humanType="String Tagged Value" classType="StringTaggedValue" name="Id = &quot;23.1&quot;" icon="StyleGuide_files/icon_stringtaggedvalue_907973731.jpg"/><elementtaggedvalue refid="1a495907-6f39-4414-a44e-8510c618af17" refElementId="1a495907-6f39-4414-a44e-8510c618af17" humanType="Element Tagged Value" classType="ElementTaggedValue" name="DerivedFrom = Provide a Vegan Diet" icon="StyleGuide_files/icon_elementtaggedvalue_1398767430.jpg"/></ownedElement><namespace refid="78b10bd0-8644-4ddb-927d-dfc248695adc" refElementId="78b10bd0-8644-4ddb-927d-dfc248695adc" humanType="Requirement" classType="Class" name="Provide a Vegetarian Diet" icon="StyleGuide_files/icon_requirement_1047273168.jpg" humanName="Namespace"/><name humanName="Name" mode="s,e">Provide Vegetables</name><isLeaf humanName="Is Leaf">false</isLeaf><isFinalSpecialization humanName="Is Final Specialization">false</isFinalSpecialization><isActive humanName="Is Active" mode="e">false</isActive><isAbstract humanName="Is Abstract">false</isAbstract><effectiveIRI humanName="Effective IRI">NA</effectiveIRI><documentation humanName="Documentation">NA</documentation><derivedExplanation humanName="Derived Explanation">NA</derivedExplanation><clientDependency humanName="Client Dependency"><derivereqt refid="7adb0229-0e1e-437a-9fb3-047914fc446e" refElementId="7adb0229-0e1e-437a-9fb3-047914fc446e" humanType="DeriveReqt" classType="Abstraction" name="NA" isRelationship="true" icon="StyleGuide_files/icon_derivereqt_146792998.jpg"/></clientDependency><appliedStereotype humanName="Applied Stereotype" mode="e"><stereotype refid="8bf34745-8ee8-4115-b25b-f48b214b2a4e" refElementId="8bf34745-8ee8-4115-b25b-f48b214b2a4e" humanType="Stereotype" classType="Stereotype" name="Requirement" icon="StyleGuide_files/icon_stereotype_1047273168.jpg"/></appliedStereotype><allSpecifyingElements humanName="All Specifying Elements"><requirement refid="214cfa0e-2ceb-4626-b9bc-49d36daa0580" refElementId="214cfa0e-2ceb-4626-b9bc-49d36daa0580" humanType="Requirement" classType="Class" name="Provide a Vegan Diet" icon="StyleGuide_files/icon_requirement_1047273168.jpg"/><requirement refid="78b10bd0-8644-4ddb-927d-dfc248695adc" refElementId="78b10bd0-8644-4ddb-927d-dfc248695adc" humanType="Requirement" classType="Class" name="Provide a Vegetarian Diet" icon="StyleGuide_files/icon_requirement_1047273168.jpg"/></allSpecifyingElements><UMLClass refid="78b10bd0-8644-4ddb-927d-dfc248695adc" refElementId="78b10bd0-8644-4ddb-927d-dfc248695adc" humanType="Requirement" classType="Class" name="Provide a Vegetarian Diet" icon="StyleGuide_files/icon_requirement_1047273168.jpg" humanName="Class"/><TO_DO humanName="To Do">NA</TO_DO><ActiveHyperlink humanName="Active Hyperlink">NA</ActiveHyperlink><report_appliedStereotype_tags humanName="Applied Stereotype" requireSort="element" mode="e"><stereotype refid="8bf34745-8ee8-4115-b25b-f48b214b2a4e" refElementId="8bf34745-8ee8-4115-b25b-f48b214b2a4e" humanType="Stereotype" classType="Stereotype" name="Requirement" icon="StyleGuide_files/icon_stereotype_1047273168.jpg"><property requireSort="name" refid="5dafd8f8-cf8f-4a65-8182-243ac0b22b19" refElementId="5dafd8f8-cf8f-4a65-8182-243ac0b22b19" humanType="Property" classType="Property" name="base_Class" icon="StyleGuide_files/icon_property_1714208984.jpg" humanName="Base_ Class"/><property requireSort="name" refid="2bbdd836-fb29-4d38-9b9b-54a019631007" refElementId="2bbdd836-fb29-4d38-9b9b-54a019631007" humanType="Property" classType="Property" name="base_NamedElement" icon="StyleGuide_files/icon_property_1714208984.jpg" humanName="Base_ Named Element"/><property requireSort="name" refid="11f636dd-5eaa-4190-b16d-013f26033c3a" refElementId="11f636dd-5eaa-4190-b16d-013f26033c3a" humanType="Property" classType="Property" name="Derived" icon="StyleGuide_files/icon_property_1714208984.jpg" humanName="Derived"/><property requireSort="name" refid="5a8cafab-64a9-4a32-9abf-c4bb8cec6632" refElementId="5a8cafab-64a9-4a32-9abf-c4bb8cec6632" humanType="Property" classType="Property" name="DerivedFrom" icon="StyleGuide_files/icon_property_1714208984.jpg" humanName="Derived From"><requirement refid="214cfa0e-2ceb-4626-b9bc-49d36daa0580" refElementId="214cfa0e-2ceb-4626-b9bc-49d36daa0580" humanType="Requirement" classType="Class" name="Provide a Vegan Diet" icon="StyleGuide_files/icon_requirement_1047273168.jpg"/></property><property requireSort="name" refid="94a2d3e4-c3df-465e-9480-5c4389e63be1" refElementId="94a2d3e4-c3df-465e-9480-5c4389e63be1" humanType="Property" classType="Property" name="Id" icon="StyleGuide_files/icon_property_1714208984.jpg" humanName="Id"><String>23.1</String></property><property requireSort="name" refid="321ff866-d508-4559-91c3-ddece6de352a" refElementId="321ff866-d508-4559-91c3-ddece6de352a" humanType="Property" classType="Property" name="Master" icon="StyleGuide_files/icon_property_1714208984.jpg" humanName="Master"/><property requireSort="name" refid="bae37973-55e9-4fd2-91ae-ca4c621bcd2c" refElementId="bae37973-55e9-4fd2-91ae-ca4c621bcd2c" humanType="Property" classType="Property" name="RefinedBy" icon="StyleGuide_files/icon_property_1714208984.jpg" humanName="Refined By"/><property requireSort="name" refid="41eaa8f1-85e4-4159-acf1-f7c637b2f7a5" refElementId="41eaa8f1-85e4-4159-acf1-f7c637b2f7a5" humanType="Property" classType="Property" name="SatisfiedBy" icon="StyleGuide_files/icon_property_1714208984.jpg" humanName="Satisfied By"/><property requireSort="name" refid="bd489283-0106-4e17-ac05-65e53068ad7a" refElementId="bd489283-0106-4e17-ac05-65e53068ad7a" humanType="Property" classType="Property" name="Text" icon="StyleGuide_files/icon_property_1714208984.jpg" humanName="Text"><String>NA</String></property><property requireSort="name" refid="5bb7aa4b-dc88-42e7-9dc0-130def271492" refElementId="5bb7aa4b-dc88-42e7-9dc0-130def271492" humanType="Property" classType="Property" name="TracedTo" icon="StyleGuide_files/icon_property_1714208984.jpg" humanName="Traced To"/><property requireSort="name" refid="f23a6c2e-eac0-4b7a-928c-969a194e41ef" refElementId="f23a6c2e-eac0-4b7a-928c-969a194e41ef" humanType="Property" classType="Property" name="VerifiedBy" icon="StyleGuide_files/icon_property_1714208984.jpg" humanName="Verified By"/></stereotype></report_appliedStereotype_tags></requirement></magicdraw>