<?xml version='1.0' encoding='UTF-8'?><magicdraw><package id="06bf5e69-b3f4-46b6-bf76-f1346ca68d23" refElementId="06bf5e69-b3f4-46b6-bf76-f1346ca68d23" humanType="Package" classType="Package" requireSort="node" icon="StyleGuide_files/icon_package_1704329166.jpg"><visibility humanName="Visibility">public</visibility><qualifiedName humanName="Qualified Name" mode="e">AFLCMC Style Guide Rules::AFLCMC Rule Examples::1. Top Level Diagram, 12. Model scope &amp; purpose &amp;16. Diagram classification marking</qualifiedName><packagedElement humanName="Packaged Element"><artifact refid="2e68efdf-09e2-4bba-82d0-787a8cfe6f96" refElementId="2e68efdf-09e2-4bba-82d0-787a8cfe6f96" humanType="Artifact" classType="Artifact" name="External Document" icon="StyleGuide_files/icon_artifact_1718708569.jpg"/></packagedElement><owningPackage refid="f4855656-0ec6-465b-84c2-748089f0b2f6" refElementId="f4855656-0ec6-465b-84c2-748089f0b2f6" humanType="Package" classType="Package" name="AFLCMC Rule Examples" icon="StyleGuide_files/icon_package_1704329166.jpg" humanName="Owning Package"/><owner refid="f4855656-0ec6-465b-84c2-748089f0b2f6" refElementId="f4855656-0ec6-465b-84c2-748089f0b2f6" humanType="Package" classType="Package" name="AFLCMC Rule Examples" icon="StyleGuide_files/icon_package_1704329166.jpg" humanName="Owner" mode="s,e"/><ownedType humanName="Owned Type"><artifact refid="2e68efdf-09e2-4bba-82d0-787a8cfe6f96" refElementId="2e68efdf-09e2-4bba-82d0-787a8cfe6f96" humanType="Artifact" classType="Artifact" name="External Document" icon="StyleGuide_files/icon_artifact_1718708569.jpg"/></ownedType><ownedMember humanName="Owned Member"><artifact refid="2e68efdf-09e2-4bba-82d0-787a8cfe6f96" refElementId="2e68efdf-09e2-4bba-82d0-787a8cfe6f96" humanType="Artifact" classType="Artifact" name="External Document" icon="StyleGuide_files/icon_artifact_1718708569.jpg"/><diagram refid="9c67c9a1-4318-4c9a-bc23-8f2d4add7508" refElementId="9c67c9a1-4318-4c9a-bc23-8f2d4add7508" humanType="Diagram" classType="Diagram" name="1, 12, 16 Diagram Example" diagramType="SysML Block Definition Diagram" icon="StyleGuide_files/icon_SysML Block Definition Diagram_503060400.jpg"/></ownedMember><ownedElement humanName="Owned Element"><artifact refid="2e68efdf-09e2-4bba-82d0-787a8cfe6f96" refElementId="2e68efdf-09e2-4bba-82d0-787a8cfe6f96" humanType="Artifact" classType="Artifact" name="External Document" icon="StyleGuide_files/icon_artifact_1718708569.jpg"/><diagram refid="9c67c9a1-4318-4c9a-bc23-8f2d4add7508" refElementId="9c67c9a1-4318-4c9a-bc23-8f2d4add7508" humanType="Diagram" classType="Diagram" name="1, 12, 16 Diagram Example" diagramType="SysML Block Definition Diagram" icon="StyleGuide_files/icon_SysML Block Definition Diagram_503060400.jpg"/><comment refid="47475896-26f3-4b99-86c6-ab3a06a5c3b0" refElementId="47475896-26f3-4b99-86c6-ab3a06a5c3b0" humanType="Comment" classType="Comment" name="Data Handling Constraints - ITAR, Dissemination Co..." icon="StyleGuide_files/icon_comment_381730363.jpg"/><comment refid="d2238104-1947-464a-8e3e-3f9b6303536f" refElementId="d2238104-1947-464a-8e3e-3f9b6303536f" humanType="Comment" classType="Comment" name="Points of Contact" icon="StyleGuide_files/icon_comment_381730363.jpg"/><comment refid="7b61fc14-742b-4092-80d5-efae90c24f7e" refElementId="7b61fc14-742b-4092-80d5-efae90c24f7e" humanType="Comment" classType="Comment" name="Model introductory text - e.g., forward, purpose, ..." icon="StyleGuide_files/icon_comment_381730363.jpg"/></ownedElement><ownedDiagram humanName="Owned Diagram"><diagram refid="9c67c9a1-4318-4c9a-bc23-8f2d4add7508" refElementId="9c67c9a1-4318-4c9a-bc23-8f2d4add7508" humanType="Diagram" classType="Diagram" name="1, 12, 16 Diagram Example" diagramType="SysML Block Definition Diagram" icon="StyleGuide_files/icon_SysML Block Definition Diagram_503060400.jpg"/></ownedDiagram><ownedComment humanName="Owned Comment"><comment refid="47475896-26f3-4b99-86c6-ab3a06a5c3b0" refElementId="47475896-26f3-4b99-86c6-ab3a06a5c3b0" humanType="Comment" classType="Comment" name="Data Handling Constraints - ITAR, Dissemination Co..." icon="StyleGuide_files/icon_comment_381730363.jpg"/><comment refid="d2238104-1947-464a-8e3e-3f9b6303536f" refElementId="d2238104-1947-464a-8e3e-3f9b6303536f" humanType="Comment" classType="Comment" name="Points of Contact" icon="StyleGuide_files/icon_comment_381730363.jpg"/><comment refid="7b61fc14-742b-4092-80d5-efae90c24f7e" refElementId="7b61fc14-742b-4092-80d5-efae90c24f7e" humanType="Comment" classType="Comment" name="Model introductory text - e.g., forward, purpose, ..." icon="StyleGuide_files/icon_comment_381730363.jpg"/></ownedComment><nestingPackage refid="f4855656-0ec6-465b-84c2-748089f0b2f6" refElementId="f4855656-0ec6-465b-84c2-748089f0b2f6" humanType="Package" classType="Package" name="AFLCMC Rule Examples" icon="StyleGuide_files/icon_package_1704329166.jpg" humanName="Nesting Package"/><namespace refid="f4855656-0ec6-465b-84c2-748089f0b2f6" refElementId="f4855656-0ec6-465b-84c2-748089f0b2f6" humanType="Package" classType="Package" name="AFLCMC Rule Examples" icon="StyleGuide_files/icon_package_1704329166.jpg" humanName="Namespace"/><name humanName="Name" mode="s,e">1. Top Level Diagram, 12. Model scope &amp; purpose &amp;16. Diagram classification marking</name><member humanName="Member"><artifact refid="2e68efdf-09e2-4bba-82d0-787a8cfe6f96" refElementId="2e68efdf-09e2-4bba-82d0-787a8cfe6f96" humanType="Artifact" classType="Artifact" name="External Document" icon="StyleGuide_files/icon_artifact_1718708569.jpg"/><diagram refid="9c67c9a1-4318-4c9a-bc23-8f2d4add7508" refElementId="9c67c9a1-4318-4c9a-bc23-8f2d4add7508" humanType="Diagram" classType="Diagram" name="1, 12, 16 Diagram Example" diagramType="SysML Block Definition Diagram" icon="StyleGuide_files/icon_SysML Block Definition Diagram_503060400.jpg"/></member><documentation humanName="Documentation">NA</documentation><URI humanName="URI" mode="s,e">NA</URI><TO_DO humanName="To Do" mode="s,e">NA</TO_DO><ActiveHyperlink humanName="Active Hyperlink" mode="e">NA</ActiveHyperlink><report_appliedStereotype_tags humanName="Applied Stereotype" requireSort="element" mode="s,e"/></package></magicdraw>