<?xml version='1.0' encoding='UTF-8'?><magicdraw><package id="0784f85d-8e1e-43f3-b50f-ad9e5ccb1fe6" refElementId="0784f85d-8e1e-43f3-b50f-ad9e5ccb1fe6" humanType="Package" classType="Package" requireSort="node" icon="StyleGuide_files/icon_package_1704329166.jpg"><visibility humanName="Visibility">public</visibility><qualifiedName humanName="Qualified Name" mode="e">AFLCMC Style Guide Rules::AFLCMC Rule Examples::13. Model consistency </qualifiedName><packagedElement humanName="Packaged Element"><block refid="9b716392-feae-4bc7-9600-cda27b74ffec" refElementId="9b716392-feae-4bc7-9600-cda27b74ffec" humanType="Block" classType="Class" name="Block" icon="StyleGuide_files/icon_block_115264500.jpg"/><block refid="08379554-3b2e-4b5a-9ec2-ae3851e4d59b" refElementId="08379554-3b2e-4b5a-9ec2-ae3851e4d59b" humanType="Block" classType="Class" name="PB_J" icon="StyleGuide_files/icon_block_115264500.jpg"/><block refid="06a3d1ca-4198-4bb9-9783-3948be28e652" refElementId="06a3d1ca-4198-4bb9-9783-3948be28e652" humanType="Block" classType="Class" name="Peanut Butter and Jelly" icon="StyleGuide_files/icon_block_115264500.jpg"/></packagedElement><owningPackage refid="f4855656-0ec6-465b-84c2-748089f0b2f6" refElementId="f4855656-0ec6-465b-84c2-748089f0b2f6" humanType="Package" classType="Package" name="AFLCMC Rule Examples" icon="StyleGuide_files/icon_package_1704329166.jpg" humanName="Owning Package"/><owner refid="f4855656-0ec6-465b-84c2-748089f0b2f6" refElementId="f4855656-0ec6-465b-84c2-748089f0b2f6" humanType="Package" classType="Package" name="AFLCMC Rule Examples" icon="StyleGuide_files/icon_package_1704329166.jpg" humanName="Owner" mode="s,e"/><ownedType humanName="Owned Type"><block refid="9b716392-feae-4bc7-9600-cda27b74ffec" refElementId="9b716392-feae-4bc7-9600-cda27b74ffec" humanType="Block" classType="Class" name="Block" icon="StyleGuide_files/icon_block_115264500.jpg"/><block refid="08379554-3b2e-4b5a-9ec2-ae3851e4d59b" refElementId="08379554-3b2e-4b5a-9ec2-ae3851e4d59b" humanType="Block" classType="Class" name="PB_J" icon="StyleGuide_files/icon_block_115264500.jpg"/><block refid="06a3d1ca-4198-4bb9-9783-3948be28e652" refElementId="06a3d1ca-4198-4bb9-9783-3948be28e652" humanType="Block" classType="Class" name="Peanut Butter and Jelly" icon="StyleGuide_files/icon_block_115264500.jpg"/></ownedType><ownedMember humanName="Owned Member"><block refid="9b716392-feae-4bc7-9600-cda27b74ffec" refElementId="9b716392-feae-4bc7-9600-cda27b74ffec" humanType="Block" classType="Class" name="Block" icon="StyleGuide_files/icon_block_115264500.jpg"/><block refid="08379554-3b2e-4b5a-9ec2-ae3851e4d59b" refElementId="08379554-3b2e-4b5a-9ec2-ae3851e4d59b" humanType="Block" classType="Class" name="PB_J" icon="StyleGuide_files/icon_block_115264500.jpg"/><block refid="06a3d1ca-4198-4bb9-9783-3948be28e652" refElementId="06a3d1ca-4198-4bb9-9783-3948be28e652" humanType="Block" classType="Class" name="Peanut Butter and Jelly" icon="StyleGuide_files/icon_block_115264500.jpg"/><diagram refid="1a0111a4-07f3-4574-8ccd-6d661cd0f320" refElementId="1a0111a4-07f3-4574-8ccd-6d661cd0f320" humanType="Diagram" classType="Diagram" name="13. Model consistency " diagramType="SysML Block Definition Diagram" icon="StyleGuide_files/icon_SysML Block Definition Diagram_503060400.jpg"/></ownedMember><ownedElement humanName="Owned Element"><block refid="9b716392-feae-4bc7-9600-cda27b74ffec" refElementId="9b716392-feae-4bc7-9600-cda27b74ffec" humanType="Block" classType="Class" name="Block" icon="StyleGuide_files/icon_block_115264500.jpg"/><block refid="08379554-3b2e-4b5a-9ec2-ae3851e4d59b" refElementId="08379554-3b2e-4b5a-9ec2-ae3851e4d59b" humanType="Block" classType="Class" name="PB_J" icon="StyleGuide_files/icon_block_115264500.jpg"/><block refid="06a3d1ca-4198-4bb9-9783-3948be28e652" refElementId="06a3d1ca-4198-4bb9-9783-3948be28e652" humanType="Block" classType="Class" name="Peanut Butter and Jelly" icon="StyleGuide_files/icon_block_115264500.jpg"/><diagram refid="1a0111a4-07f3-4574-8ccd-6d661cd0f320" refElementId="1a0111a4-07f3-4574-8ccd-6d661cd0f320" humanType="Diagram" classType="Diagram" name="13. Model consistency " diagramType="SysML Block Definition Diagram" icon="StyleGuide_files/icon_SysML Block Definition Diagram_503060400.jpg"/></ownedElement><ownedDiagram humanName="Owned Diagram"><diagram refid="1a0111a4-07f3-4574-8ccd-6d661cd0f320" refElementId="1a0111a4-07f3-4574-8ccd-6d661cd0f320" humanType="Diagram" classType="Diagram" name="13. Model consistency " diagramType="SysML Block Definition Diagram" icon="StyleGuide_files/icon_SysML Block Definition Diagram_503060400.jpg"/></ownedDiagram><nestingPackage refid="f4855656-0ec6-465b-84c2-748089f0b2f6" refElementId="f4855656-0ec6-465b-84c2-748089f0b2f6" humanType="Package" classType="Package" name="AFLCMC Rule Examples" icon="StyleGuide_files/icon_package_1704329166.jpg" humanName="Nesting Package"/><namespace refid="f4855656-0ec6-465b-84c2-748089f0b2f6" refElementId="f4855656-0ec6-465b-84c2-748089f0b2f6" humanType="Package" classType="Package" name="AFLCMC Rule Examples" icon="StyleGuide_files/icon_package_1704329166.jpg" humanName="Namespace"/><name humanName="Name" mode="s,e">13. Model consistency </name><member humanName="Member"><block refid="9b716392-feae-4bc7-9600-cda27b74ffec" refElementId="9b716392-feae-4bc7-9600-cda27b74ffec" humanType="Block" classType="Class" name="Block" icon="StyleGuide_files/icon_block_115264500.jpg"/><block refid="08379554-3b2e-4b5a-9ec2-ae3851e4d59b" refElementId="08379554-3b2e-4b5a-9ec2-ae3851e4d59b" humanType="Block" classType="Class" name="PB_J" icon="StyleGuide_files/icon_block_115264500.jpg"/><block refid="06a3d1ca-4198-4bb9-9783-3948be28e652" refElementId="06a3d1ca-4198-4bb9-9783-3948be28e652" humanType="Block" classType="Class" name="Peanut Butter and Jelly" icon="StyleGuide_files/icon_block_115264500.jpg"/><diagram refid="1a0111a4-07f3-4574-8ccd-6d661cd0f320" refElementId="1a0111a4-07f3-4574-8ccd-6d661cd0f320" humanType="Diagram" classType="Diagram" name="13. Model consistency " diagramType="SysML Block Definition Diagram" icon="StyleGuide_files/icon_SysML Block Definition Diagram_503060400.jpg"/></member><documentation humanName="Documentation">NA</documentation><URI humanName="URI" mode="s,e">NA</URI><TO_DO humanName="To Do" mode="s,e">NA</TO_DO><ActiveHyperlink humanName="Active Hyperlink" mode="e">NA</ActiveHyperlink><report_appliedStereotype_tags humanName="Applied Stereotype" requireSort="element" mode="s,e"/></package></magicdraw>