<?xml version='1.0' encoding='UTF-8'?><magicdraw><block id="08379554-3b2e-4b5a-9ec2-ae3851e4d59b" refElementId="08379554-3b2e-4b5a-9ec2-ae3851e4d59b" humanType="Block" classType="Class" requireSort="node" icon="StyleGuide_files/icon_block_115264500.jpg"><documentation humanName="Documentation" mode="s">Peanut Butter and Jelly</documentation><visibility humanName="Visibility">public</visibility><qualifiedName humanName="Qualified Name" mode="e">AFLCMC Style Guide Rules::AFLCMC Rule Examples::13. Model consistency ::PB_J</qualifiedName><package refid="0784f85d-8e1e-43f3-b50f-ad9e5ccb1fe6" refElementId="0784f85d-8e1e-43f3-b50f-ad9e5ccb1fe6" humanType="Package" classType="Package" name="13. Model consistency " hasDiagram="true" icon="StyleGuide_files/icon_package_1704329166.jpg" humanName="Package"/><owningPackage refid="0784f85d-8e1e-43f3-b50f-ad9e5ccb1fe6" refElementId="0784f85d-8e1e-43f3-b50f-ad9e5ccb1fe6" humanType="Package" classType="Package" name="13. Model consistency " hasDiagram="true" icon="StyleGuide_files/icon_package_1704329166.jpg" humanName="Owning Package"/><owner refid="0784f85d-8e1e-43f3-b50f-ad9e5ccb1fe6" refElementId="0784f85d-8e1e-43f3-b50f-ad9e5ccb1fe6" humanType="Package" classType="Package" name="13. Model consistency " hasDiagram="true" icon="StyleGuide_files/icon_package_1704329166.jpg" humanName="Owner" mode="s,e"/><ownedElement humanName="Owned Element"><comment refid="aae01461-9ff1-45a7-84a4-a6c6c7305323" refElementId="aae01461-9ff1-45a7-84a4-a6c6c7305323" humanType="Comment" classType="Comment" name="Peanut Butter and Jelly" icon="StyleGuide_files/icon_comment_568925759.jpg"/></ownedElement><ownedComment humanName="Owned Comment"><comment refid="aae01461-9ff1-45a7-84a4-a6c6c7305323" refElementId="aae01461-9ff1-45a7-84a4-a6c6c7305323" humanType="Comment" classType="Comment" name="Peanut Butter and Jelly" icon="StyleGuide_files/icon_comment_568925759.jpg"/></ownedComment><namespace refid="0784f85d-8e1e-43f3-b50f-ad9e5ccb1fe6" refElementId="0784f85d-8e1e-43f3-b50f-ad9e5ccb1fe6" humanType="Package" classType="Package" name="13. Model consistency " hasDiagram="true" icon="StyleGuide_files/icon_package_1704329166.jpg" humanName="Namespace"/><name humanName="Name" mode="s,e">PB_J</name><isLeaf humanName="Is Leaf">false</isLeaf><isFinalSpecialization humanName="Is Final Specialization">false</isFinalSpecialization><isActive humanName="Is Active" mode="e">false</isActive><isAbstract humanName="Is Abstract">false</isAbstract><effectiveIRI humanName="Effective IRI">NA</effectiveIRI><derivedExplanation humanName="Derived Explanation">NA</derivedExplanation><appliedStereotype humanName="Applied Stereotype" mode="e"><stereotype refid="2a4f4cbc-9ea6-4f20-b409-6716a55a9e59" refElementId="2a4f4cbc-9ea6-4f20-b409-6716a55a9e59" humanType="Stereotype" classType="Stereotype" name="Block" icon="StyleGuide_files/icon_stereotype_115264500.jpg"/></appliedStereotype><TO_DO humanName="To Do">NA</TO_DO><ActiveHyperlink humanName="Active Hyperlink">NA</ActiveHyperlink><report_appliedStereotype_tags humanName="Applied Stereotype" requireSort="element" mode="e"><stereotype refid="2a4f4cbc-9ea6-4f20-b409-6716a55a9e59" refElementId="2a4f4cbc-9ea6-4f20-b409-6716a55a9e59" humanType="Stereotype" classType="Stereotype" name="Block" icon="StyleGuide_files/icon_stereotype_115264500.jpg"><property requireSort="name" refid="bc7751b1-76b0-4daa-9db2-8f2e91343ae1" refElementId="bc7751b1-76b0-4daa-9db2-8f2e91343ae1" humanType="Property" classType="Property" name="base_Class" icon="StyleGuide_files/icon_property_1714208984.jpg" humanName="Base_ Class"/><property requireSort="name" refid="bcd3c93f-2a66-496e-b6e5-3c281bfca79a" refElementId="bcd3c93f-2a66-496e-b6e5-3c281bfca79a" humanType="Property" classType="Property" name="isEncapsulated" icon="StyleGuide_files/icon_property_1714208984.jpg" humanName="Is Encapsulated"/></stereotype></report_appliedStereotype_tags></block></magicdraw>