<?xml version='1.0' encoding='UTF-8'?><magicdraw><diagram id="0893b071-99bf-4e14-b91b-9753d45ed9b4" refElementId="0893b071-99bf-4e14-b91b-9753d45ed9b4" humanType="Diagram" classType="Diagram" requireSort="node" icon="StyleGuide_files/icon_Glossary Table_670838505.jpg" diagramType="Glossary Table" src="StyleGuide_files/0893b071-99bf-4e14-b91b-9753d45ed9b4.jpg"><visibility humanName="Visibility">public</visibility><taggedValue humanName="Tagged Value"><booleantaggedvalue refid="1610e2c0-64c9-428a-98cf-ce250bb7dc11" refElementId="1610e2c0-64c9-428a-98cf-ce250bb7dc11" humanType="Boolean Tagged Value" classType="BooleanTaggedValue" name="showDetailedColumnName = false" icon="StyleGuide_files/icon_booleantaggedvalue_2126899808.jpg"/><elementtaggedvalue refid="2759f077-05b4-42bf-b307-3d10c321ef82" refElementId="2759f077-05b4-42bf-b307-3d10c321ef82" humanType="Element Tagged Value" classType="ElementTaggedValue" name="displayMode = List" icon="StyleGuide_files/icon_elementtaggedvalue_1398767430.jpg"/><booleantaggedvalue refid="98000f9f-873b-4a57-a5b4-3d3cc501e6c1" refElementId="98000f9f-873b-4a57-a5b4-3d3cc501e6c1" humanType="Boolean Tagged Value" classType="BooleanTaggedValue" name="showElementNumber = false" icon="StyleGuide_files/icon_booleantaggedvalue_2126899808.jpg"/><booleantaggedvalue refid="4b4d4876-6897-4ad0-a9e3-88ba614dd6c6" refElementId="4b4d4876-6897-4ad0-a9e3-88ba614dd6c6" humanType="Boolean Tagged Value" classType="BooleanTaggedValue" name="showColumnIcons = true" icon="StyleGuide_files/icon_booleantaggedvalue_2126899808.jpg"/><booleantaggedvalue refid="27e473fe-7f76-408d-983d-df155f5ac7c5" refElementId="27e473fe-7f76-408d-983d-df155f5ac7c5" humanType="Boolean Tagged Value" classType="BooleanTaggedValue" name="showScopeAsRoot = false" icon="StyleGuide_files/icon_booleantaggedvalue_2126899808.jpg"/><booleantaggedvalue refid="7c378664-43bb-4d72-b2c9-ca2c712da0c0" refElementId="7c378664-43bb-4d72-b2c9-ca2c712da0c0" humanType="Boolean Tagged Value" classType="BooleanTaggedValue" name="showScope = true" icon="StyleGuide_files/icon_booleantaggedvalue_2126899808.jpg"/><booleantaggedvalue refid="d0c62f60-1b22-412d-87e0-0f87db8c407e" refElementId="d0c62f60-1b22-412d-87e0-0f87db8c407e" humanType="Boolean Tagged Value" classType="BooleanTaggedValue" name="showFilter = true" icon="StyleGuide_files/icon_booleantaggedvalue_2126899808.jpg"/><booleantaggedvalue refid="53617dc2-fa4e-4e04-890f-eb882c4c15be" refElementId="53617dc2-fa4e-4e04-890f-eb882c4c15be" humanType="Boolean Tagged Value" classType="BooleanTaggedValue" name="showElementType = true" icon="StyleGuide_files/icon_booleantaggedvalue_2126899808.jpg"/><stringtaggedvalue refid="edfad868-3e5a-440a-ad27-563fc6e277a3" refElementId="edfad868-3e5a-440a-ad27-563fc6e277a3" humanType="String Tagged Value" classType="StringTaggedValue" name="Creation date = &quot;10/24/24, 11:54 AM&quot;" icon="StyleGuide_files/icon_stringtaggedvalue_907973731.jpg"/><stringtaggedvalue refid="dc47d48f-eb38-4314-86f9-d1f6dcaac14e" refElementId="dc47d48f-eb38-4314-86f9-d1f6dcaac14e" humanType="String Tagged Value" classType="StringTaggedValue" name="Modification date = &quot;10/24/24, 11:54 AM&quot;" icon="StyleGuide_files/icon_stringtaggedvalue_907973731.jpg"/><stringtaggedvalue refid="7eb0387b-2e2a-40f0-958f-231250a0d9fc" refElementId="7eb0387b-2e2a-40f0-958f-231250a0d9fc" humanType="String Tagged Value" classType="StringTaggedValue" name="Author = &quot;david.mackay.SB&quot;" icon="StyleGuide_files/icon_stringtaggedvalue_907973731.jpg"/><stringtaggedvalue refid="57d8c430-b028-4ed2-a561-3610363a7455" refElementId="57d8c430-b028-4ed2-a561-3610363a7455" humanType="String Tagged Value" classType="StringTaggedValue" name="Last modified by = &quot;david.mackay.SB&quot;" icon="StyleGuide_files/icon_stringtaggedvalue_907973731.jpg"/><elementtaggedvalue refid="aa97fa25-fce3-4c06-88d0-4b4eefb83e71" refElementId="aa97fa25-fce3-4c06-88d0-4b4eefb83e71" humanType="Element Tagged Value" classType="ElementTaggedValue" name="additionalElements = SWAC, SSDP, LCMC" icon="StyleGuide_files/icon_elementtaggedvalue_1398767430.jpg"/><stringtaggedvalue refid="cd6d43bb-1667-4263-92cc-1480a3d49e9c" refElementId="cd6d43bb-1667-4263-92cc-1480a3d49e9c" humanType="String Tagged Value" classType="StringTaggedValue" name="rowElements = &quot;5a05eca3-66dc-445b-a682-1da201bd07c2&quot;, &quot;e431ad9f-89e4-475d-84bc-b5cab6484aef&quot;, &quot;98c8435b-5e0c-435b-a7d8-5f9e73d01041&quot;" icon="StyleGuide_files/icon_stringtaggedvalue_907973731.jpg"/></taggedValue><qualifiedName humanName="Qualified Name" mode="e">0. Model Overview::Glossary::Glossary</qualifiedName><ownerOfDiagram refid="3a7171b8-0cc3-4a73-8ca9-7de70d050ba8" refElementId="3a7171b8-0cc3-4a73-8ca9-7de70d050ba8" humanType="Package" classType="Package" name="Glossary" hasDiagram="true" icon="StyleGuide_files/icon_package_1704329166.jpg" humanName="Owner Of Diagram"/><owner refid="3a7171b8-0cc3-4a73-8ca9-7de70d050ba8" refElementId="3a7171b8-0cc3-4a73-8ca9-7de70d050ba8" humanType="Package" classType="Package" name="Glossary" hasDiagram="true" icon="StyleGuide_files/icon_package_1704329166.jpg" humanName="Owner" mode="s,e"/><ownedElement humanName="Owned Element"><booleantaggedvalue refid="1610e2c0-64c9-428a-98cf-ce250bb7dc11" refElementId="1610e2c0-64c9-428a-98cf-ce250bb7dc11" humanType="Boolean Tagged Value" classType="BooleanTaggedValue" name="showDetailedColumnName = false" icon="StyleGuide_files/icon_booleantaggedvalue_2126899808.jpg"/><elementtaggedvalue refid="2759f077-05b4-42bf-b307-3d10c321ef82" refElementId="2759f077-05b4-42bf-b307-3d10c321ef82" humanType="Element Tagged Value" classType="ElementTaggedValue" name="displayMode = List" icon="StyleGuide_files/icon_elementtaggedvalue_1398767430.jpg"/><booleantaggedvalue refid="98000f9f-873b-4a57-a5b4-3d3cc501e6c1" refElementId="98000f9f-873b-4a57-a5b4-3d3cc501e6c1" humanType="Boolean Tagged Value" classType="BooleanTaggedValue" name="showElementNumber = false" icon="StyleGuide_files/icon_booleantaggedvalue_2126899808.jpg"/><booleantaggedvalue refid="4b4d4876-6897-4ad0-a9e3-88ba614dd6c6" refElementId="4b4d4876-6897-4ad0-a9e3-88ba614dd6c6" humanType="Boolean Tagged Value" classType="BooleanTaggedValue" name="showColumnIcons = true" icon="StyleGuide_files/icon_booleantaggedvalue_2126899808.jpg"/><booleantaggedvalue refid="27e473fe-7f76-408d-983d-df155f5ac7c5" refElementId="27e473fe-7f76-408d-983d-df155f5ac7c5" humanType="Boolean Tagged Value" classType="BooleanTaggedValue" name="showScopeAsRoot = false" icon="StyleGuide_files/icon_booleantaggedvalue_2126899808.jpg"/><booleantaggedvalue refid="7c378664-43bb-4d72-b2c9-ca2c712da0c0" refElementId="7c378664-43bb-4d72-b2c9-ca2c712da0c0" humanType="Boolean Tagged Value" classType="BooleanTaggedValue" name="showScope = true" icon="StyleGuide_files/icon_booleantaggedvalue_2126899808.jpg"/><booleantaggedvalue refid="d0c62f60-1b22-412d-87e0-0f87db8c407e" refElementId="d0c62f60-1b22-412d-87e0-0f87db8c407e" humanType="Boolean Tagged Value" classType="BooleanTaggedValue" name="showFilter = true" icon="StyleGuide_files/icon_booleantaggedvalue_2126899808.jpg"/><booleantaggedvalue refid="53617dc2-fa4e-4e04-890f-eb882c4c15be" refElementId="53617dc2-fa4e-4e04-890f-eb882c4c15be" humanType="Boolean Tagged Value" classType="BooleanTaggedValue" name="showElementType = true" icon="StyleGuide_files/icon_booleantaggedvalue_2126899808.jpg"/><stringtaggedvalue refid="edfad868-3e5a-440a-ad27-563fc6e277a3" refElementId="edfad868-3e5a-440a-ad27-563fc6e277a3" humanType="String Tagged Value" classType="StringTaggedValue" name="Creation date = &quot;10/24/24, 11:54 AM&quot;" icon="StyleGuide_files/icon_stringtaggedvalue_907973731.jpg"/><stringtaggedvalue refid="dc47d48f-eb38-4314-86f9-d1f6dcaac14e" refElementId="dc47d48f-eb38-4314-86f9-d1f6dcaac14e" humanType="String Tagged Value" classType="StringTaggedValue" name="Modification date = &quot;10/24/24, 11:54 AM&quot;" icon="StyleGuide_files/icon_stringtaggedvalue_907973731.jpg"/><stringtaggedvalue refid="7eb0387b-2e2a-40f0-958f-231250a0d9fc" refElementId="7eb0387b-2e2a-40f0-958f-231250a0d9fc" humanType="String Tagged Value" classType="StringTaggedValue" name="Author = &quot;david.mackay.SB&quot;" icon="StyleGuide_files/icon_stringtaggedvalue_907973731.jpg"/><stringtaggedvalue refid="57d8c430-b028-4ed2-a561-3610363a7455" refElementId="57d8c430-b028-4ed2-a561-3610363a7455" humanType="String Tagged Value" classType="StringTaggedValue" name="Last modified by = &quot;david.mackay.SB&quot;" icon="StyleGuide_files/icon_stringtaggedvalue_907973731.jpg"/><elementtaggedvalue refid="aa97fa25-fce3-4c06-88d0-4b4eefb83e71" refElementId="aa97fa25-fce3-4c06-88d0-4b4eefb83e71" humanType="Element Tagged Value" classType="ElementTaggedValue" name="additionalElements = SWAC, SSDP, LCMC" icon="StyleGuide_files/icon_elementtaggedvalue_1398767430.jpg"/><stringtaggedvalue refid="cd6d43bb-1667-4263-92cc-1480a3d49e9c" refElementId="cd6d43bb-1667-4263-92cc-1480a3d49e9c" humanType="String Tagged Value" classType="StringTaggedValue" name="rowElements = &quot;5a05eca3-66dc-445b-a682-1da201bd07c2&quot;, &quot;e431ad9f-89e4-475d-84bc-b5cab6484aef&quot;, &quot;98c8435b-5e0c-435b-a7d8-5f9e73d01041&quot;" icon="StyleGuide_files/icon_stringtaggedvalue_907973731.jpg"/></ownedElement><namespace refid="3a7171b8-0cc3-4a73-8ca9-7de70d050ba8" refElementId="3a7171b8-0cc3-4a73-8ca9-7de70d050ba8" humanType="Package" classType="Package" name="Glossary" hasDiagram="true" icon="StyleGuide_files/icon_package_1704329166.jpg" humanName="Namespace"/><name humanName="Name" mode="s,e">Glossary</name><documentation humanName="Documentation">NA</documentation><appliedStereotype humanName="Applied Stereotype" mode="s,e"><stereotype refid="dce58a98-f0eb-435d-9b06-8ca2a4c881c7" refElementId="dce58a98-f0eb-435d-9b06-8ca2a4c881c7" humanType="Stereotype" classType="Stereotype" name="DiagramTable" icon="StyleGuide_files/icon_stereotype_726025092.jpg"/><stereotype refid="b9f6a957-5548-461e-be76-365995bc6416" refElementId="b9f6a957-5548-461e-be76-365995bc6416" humanType="Stereotype" classType="Stereotype" name="DiagramInfo" icon="StyleGuide_files/icon_stereotype_726025092.jpg"/></appliedStereotype><TO_DO humanName="To Do" mode="s,e">NA</TO_DO><DIAGRAM_TYPE_DERIVED_PROPERTY humanName="Type">Glossary Table</DIAGRAM_TYPE_DERIVED_PROPERTY><ActiveHyperlink humanName="Active Hyperlink">NA</ActiveHyperlink><map><area refid="98c8435b-5e0c-435b-a7d8-5f9e73d01041" refElementId="98c8435b-5e0c-435b-a7d8-5f9e73d01041" name="Term LCMC" shape="poly"><point x="35" y="65"/><point x="504" y="65"/><point x="504" y="85"/><point x="35" y="85"/></area><area refid="5a05eca3-66dc-445b-a682-1da201bd07c2" refElementId="5a05eca3-66dc-445b-a682-1da201bd07c2" name="Term SWAC" shape="poly"><point x="35" y="23"/><point x="504" y="23"/><point x="504" y="43"/><point x="35" y="43"/></area><area refid="e431ad9f-89e4-475d-84bc-b5cab6484aef" refElementId="e431ad9f-89e4-475d-84bc-b5cab6484aef" name="Term SSDP" shape="poly"><point x="35" y="44"/><point x="504" y="44"/><point x="504" y="64"/><point x="35" y="64"/></area></map><report_appliedStereotype_tags humanName="Applied Stereotype" requireSort="element" mode="s,e"><stereotype refid="dce58a98-f0eb-435d-9b06-8ca2a4c881c7" refElementId="dce58a98-f0eb-435d-9b06-8ca2a4c881c7" humanType="Stereotype" classType="Stereotype" name="DiagramTable" icon="StyleGuide_files/icon_stereotype_726025092.jpg"><property requireSort="name" refid="ef1e2965-36f8-4347-a79c-5e7927f5989e" refElementId="ef1e2965-36f8-4347-a79c-5e7927f5989e" humanType="Property" classType="Property" name="additionalElements" icon="StyleGuide_files/icon_property_1714208984.jpg" humanName="Additional Elements"><term refid="5a05eca3-66dc-445b-a682-1da201bd07c2" refElementId="5a05eca3-66dc-445b-a682-1da201bd07c2" humanType="Term" classType="Class" name="SWAC" icon="StyleGuide_files/icon_term_197430563.jpg"/><term refid="e431ad9f-89e4-475d-84bc-b5cab6484aef" refElementId="e431ad9f-89e4-475d-84bc-b5cab6484aef" humanType="Term" classType="Class" name="SSDP" icon="StyleGuide_files/icon_term_197430563.jpg"/><term refid="98c8435b-5e0c-435b-a7d8-5f9e73d01041" refElementId="98c8435b-5e0c-435b-a7d8-5f9e73d01041" humanType="Term" classType="Class" name="LCMC" icon="StyleGuide_files/icon_term_197430563.jpg"/></property><property requireSort="name" refid="e9eafbcc-8f29-4d80-b5a8-6a3fb661608d" refElementId="e9eafbcc-8f29-4d80-b5a8-6a3fb661608d" humanType="Property" classType="Property" name="base_Diagram" icon="StyleGuide_files/icon_property_1714208984.jpg" humanName="Base_ Diagram"/><property requireSort="name" refid="fec932b2-935e-42e4-ace0-fe8562104a7c" refElementId="fec932b2-935e-42e4-ace0-fe8562104a7c" humanType="Property" classType="Property" name="base_Element" icon="StyleGuide_files/icon_property_1714208984.jpg" humanName="Base_ Element"/><property requireSort="name" refid="987b4112-708b-4b3b-b597-9269255bb0ad" refElementId="987b4112-708b-4b3b-b597-9269255bb0ad" humanType="Property" classType="Property" name="columnElements" icon="StyleGuide_files/icon_property_1714208984.jpg" humanName="Column Elements"/><property requireSort="name" refid="d5df4b61-cda6-44c9-af0a-00c53899b347" refElementId="d5df4b61-cda6-44c9-af0a-00c53899b347" humanType="Property" classType="Property" name="columnIds" icon="StyleGuide_files/icon_property_1714208984.jpg" humanName="Column Ids"/><property requireSort="name" refid="ddc3edee-cac3-48ce-ae86-7d03f14b9ba9" refElementId="ddc3edee-cac3-48ce-ae86-7d03f14b9ba9" humanType="Property" classType="Property" name="columnWidth" icon="StyleGuide_files/icon_property_1714208984.jpg" humanName="Column Width"/><property requireSort="name" refid="73838bda-ba7b-435b-8ff6-284c777e2a16" refElementId="73838bda-ba7b-435b-8ff6-284c777e2a16" humanType="Property" classType="Property" name="customColumns" icon="StyleGuide_files/icon_property_1714208984.jpg" humanName="Custom Columns"/><property requireSort="name" refid="d6a3a6ed-dbe7-4ea1-b73f-ca1f42c34bb8" refElementId="d6a3a6ed-dbe7-4ea1-b73f-ca1f42c34bb8" humanType="Property" classType="Property" name="defaultRowElementsOwner" icon="StyleGuide_files/icon_property_1714208984.jpg" humanName="Default Row Elements Owner"/><property requireSort="name" refid="a274ea56-fd79-46a6-b25f-505cf008b3a2" refElementId="a274ea56-fd79-46a6-b25f-505cf008b3a2" humanType="Property" classType="Property" name="descriptionArea" icon="StyleGuide_files/icon_property_1714208984.jpg" humanName="Description Area"/><property requireSort="name" refid="be927091-0203-4474-9557-7b60a6e06bca" refElementId="be927091-0203-4474-9557-7b60a6e06bca" humanType="Property" classType="Property" name="displayMode" icon="StyleGuide_files/icon_property_1714208984.jpg" humanName="Display Mode"><enumerationliteral refid="ae3c40e3-17e2-4566-9107-2bd94383c19d" refElementId="ae3c40e3-17e2-4566-9107-2bd94383c19d" humanType="Enumeration Literal" classType="EnumerationLiteral" name="List" icon="StyleGuide_files/icon_enumerationliteral_779284805.jpg"/></property><property requireSort="name" refid="b0f89996-8a45-4752-b8ac-a09b03391f20" refElementId="b0f89996-8a45-4752-b8ac-a09b03391f20" humanType="Property" classType="Property" name="excludedElements" icon="StyleGuide_files/icon_property_1714208984.jpg" humanName="Excluded Elements"/><property requireSort="name" refid="a19b7b2f-9123-4eb4-8f06-8765042ea869" refElementId="a19b7b2f-9123-4eb4-8f06-8765042ea869" humanType="Property" classType="Property" name="expandedRows" icon="StyleGuide_files/icon_property_1714208984.jpg" humanName="Expanded Rows"/><property requireSort="name" refid="4e1b67f9-f74e-4ecd-96ea-72cb385ec68c" refElementId="4e1b67f9-f74e-4ecd-96ea-72cb385ec68c" humanType="Property" classType="Property" name="hideColumns" icon="StyleGuide_files/icon_property_1714208984.jpg" humanName="Hide Columns"/><property requireSort="name" refid="62a94a4f-14fd-4260-99b7-da98d474b974" refElementId="62a94a4f-14fd-4260-99b7-da98d474b974" humanType="Property" classType="Property" name="includeAdditionalContent" icon="StyleGuide_files/icon_property_1714208984.jpg" humanName="Include Additional Content"/><property requireSort="name" refid="c5a4d4b3-7943-4348-84d3-4d0544ede5f8" refElementId="c5a4d4b3-7943-4348-84d3-4d0544ede5f8" humanType="Property" classType="Property" name="includeCustomTypesOfRowTypes" icon="StyleGuide_files/icon_property_1714208984.jpg" humanName="Include Custom Types Of Row Types"/><property requireSort="name" refid="d580b3ba-344f-48f5-b083-9325a6da12b1" refElementId="d580b3ba-344f-48f5-b083-9325a6da12b1" humanType="Property" classType="Property" name="includeSubtypesOfRowTypes" icon="StyleGuide_files/icon_property_1714208984.jpg" humanName="Include Subtypes Of Row Types"/><property requireSort="name" refid="3e0517b8-e075-4425-87dc-f8d03bd15867" refElementId="3e0517b8-e075-4425-87dc-f8d03bd15867" humanType="Property" classType="Property" name="legends" icon="StyleGuide_files/icon_property_1714208984.jpg" humanName="Legends"/><property requireSort="name" refid="20942cbe-1213-4d49-919b-8377980ce3e3" refElementId="20942cbe-1213-4d49-919b-8377980ce3e3" humanType="Property" classType="Property" name="limitRowHeight" icon="StyleGuide_files/icon_property_1714208984.jpg" humanName="Limit Row Height"/><property requireSort="name" refid="6336281a-60f4-4f31-98bb-faecc55bb3d1" refElementId="6336281a-60f4-4f31-98bb-faecc55bb3d1" humanType="Property" classType="Property" name="loadPartially" icon="StyleGuide_files/icon_property_1714208984.jpg" humanName="Load Partially"/><property requireSort="name" refid="a794c65c-5cb5-4791-9825-f02d369a97e2" refElementId="a794c65c-5cb5-4791-9825-f02d369a97e2" humanType="Property" classType="Property" name="options" icon="StyleGuide_files/icon_property_1714208984.jpg" humanName="Options"/><property requireSort="name" refid="170a4a9a-99c6-4db6-92c1-8db8e14a88a2" refElementId="170a4a9a-99c6-4db6-92c1-8db8e14a88a2" humanType="Property" classType="Property" name="query" icon="StyleGuide_files/icon_property_1714208984.jpg" humanName="Query"/><property requireSort="name" refid="0d59490d-272b-4b48-bfc1-4d2d2929100d" refElementId="0d59490d-272b-4b48-bfc1-4d2d2929100d" humanType="Property" classType="Property" name="rowElements" icon="StyleGuide_files/icon_property_1714208984.jpg" humanName="Row Elements"><String>5a05eca3-66dc-445b-a682-1da201bd07c2</String><String>e431ad9f-89e4-475d-84bc-b5cab6484aef</String><String>98c8435b-5e0c-435b-a7d8-5f9e73d01041</String></property><property requireSort="name" refid="f1473d8d-4d66-4223-9b39-95c77e4de32f" refElementId="f1473d8d-4d66-4223-9b39-95c77e4de32f" humanType="Property" classType="Property" name="rowElementType" icon="StyleGuide_files/icon_property_1714208984.jpg" humanName="Row Element Type"/><property requireSort="name" refid="0da430f5-bb42-4d89-9266-cc9baf32c0ff" refElementId="0da430f5-bb42-4d89-9266-cc9baf32c0ff" humanType="Property" classType="Property" name="rowFilters" icon="StyleGuide_files/icon_property_1714208984.jpg" humanName="Row Filters"/><property requireSort="name" refid="d8fe0368-9a62-4797-9f31-1dbcd37f4fa9" refElementId="d8fe0368-9a62-4797-9f31-1dbcd37f4fa9" humanType="Property" classType="Property" name="rowsOrder" icon="StyleGuide_files/icon_property_1714208984.jpg" humanName="Rows Order"/><property requireSort="name" refid="02b48163-73a3-447a-882d-35127f63aa33" refElementId="02b48163-73a3-447a-882d-35127f63aa33" humanType="Property" classType="Property" name="scope" icon="StyleGuide_files/icon_property_1714208984.jpg" humanName="Scope"/><property requireSort="name" refid="74801285-a86d-4688-9f6f-e3fe2982859d" refElementId="74801285-a86d-4688-9f6f-e3fe2982859d" humanType="Property" classType="Property" name="showColumnIcons" icon="StyleGuide_files/icon_property_1714208984.jpg" humanName="Show Column Icons"><Boolean>true</Boolean></property><property requireSort="name" refid="af4e9b2d-2d8b-4cea-8bca-ead73ccd3246" refElementId="af4e9b2d-2d8b-4cea-8bca-ead73ccd3246" humanType="Property" classType="Property" name="showDetailedColumnName" icon="StyleGuide_files/icon_property_1714208984.jpg" humanName="Show Detailed Column Name"><Boolean>false</Boolean></property><property requireSort="name" refid="934c0e60-1819-48aa-8cb9-ff48124fc9a2" refElementId="934c0e60-1819-48aa-8cb9-ff48124fc9a2" humanType="Property" classType="Property" name="showElementNumber" icon="StyleGuide_files/icon_property_1714208984.jpg" humanName="Show Element Number"><Boolean>false</Boolean></property><property requireSort="name" refid="555b52c1-5cab-42e3-8bf5-c5b2151f2d38" refElementId="555b52c1-5cab-42e3-8bf5-c5b2151f2d38" humanType="Property" classType="Property" name="showElementType" icon="StyleGuide_files/icon_property_1714208984.jpg" humanName="Show Element Type"><Boolean>true</Boolean></property><property requireSort="name" refid="64be9c81-cf4c-4a5a-abd6-ae62209eaa85" refElementId="64be9c81-cf4c-4a5a-abd6-ae62209eaa85" humanType="Property" classType="Property" name="showFilter" icon="StyleGuide_files/icon_property_1714208984.jpg" humanName="Show Filter"><Boolean>true</Boolean></property><property requireSort="name" refid="ade3775d-aec4-4d92-8dc1-446f5db16585" refElementId="ade3775d-aec4-4d92-8dc1-446f5db16585" humanType="Property" classType="Property" name="showFullPath" icon="StyleGuide_files/icon_property_1714208984.jpg" humanName="Show Full Path"/><property requireSort="name" refid="708e65ba-656a-4530-b28f-b6c4fc66e348" refElementId="708e65ba-656a-4530-b28f-b6c4fc66e348" humanType="Property" classType="Property" name="showScope" icon="StyleGuide_files/icon_property_1714208984.jpg" humanName="Show Scope"><Boolean>true</Boolean></property><property requireSort="name" refid="bc2d4e75-bf9c-4ca9-a9d7-47f091e15976" refElementId="bc2d4e75-bf9c-4ca9-a9d7-47f091e15976" humanType="Property" classType="Property" name="showScopeAsRoot" icon="StyleGuide_files/icon_property_1714208984.jpg" humanName="Show Scope As Root"><Boolean>false</Boolean></property><property requireSort="name" refid="32448cf9-b6bf-4af8-96ac-b1ab899b65bd" refElementId="32448cf9-b6bf-4af8-96ac-b1ab899b65bd" humanType="Property" classType="Property" name="sort" icon="StyleGuide_files/icon_property_1714208984.jpg" humanName="Sort"/><property requireSort="name" refid="66d3048a-fef0-44e7-932f-1084f4725a0e" refElementId="66d3048a-fef0-44e7-932f-1084f4725a0e" humanType="Property" classType="Property" name="wrapText" icon="StyleGuide_files/icon_property_1714208984.jpg" humanName="Wrap Text"/></stereotype><stereotype refid="b9f6a957-5548-461e-be76-365995bc6416" refElementId="b9f6a957-5548-461e-be76-365995bc6416" humanType="Stereotype" classType="Stereotype" name="DiagramInfo" icon="StyleGuide_files/icon_stereotype_726025092.jpg"><property requireSort="name" refid="dd7bc4cc-0c40-4124-a884-4bc4a6dd6f11" refElementId="dd7bc4cc-0c40-4124-a884-4bc4a6dd6f11" humanType="Property" classType="Property" name="Author" icon="StyleGuide_files/icon_property_1714208984.jpg" humanName="Author"><String>david.mackay.SB</String></property><property requireSort="name" refid="6e8f87c9-84ac-4065-be02-1dae530f6a58" refElementId="6e8f87c9-84ac-4065-be02-1dae530f6a58" humanType="Property" classType="Property" name="base_Diagram" icon="StyleGuide_files/icon_property_1714208984.jpg" humanName="Base_ Diagram"/><property requireSort="name" refid="fec932b2-935e-42e4-ace0-fe8562104a7c" refElementId="fec932b2-935e-42e4-ace0-fe8562104a7c" humanType="Property" classType="Property" name="base_Element" icon="StyleGuide_files/icon_property_1714208984.jpg" humanName="Base_ Element"/><property requireSort="name" refid="9528adeb-d572-4251-bbc4-69182c7ffb6d" refElementId="9528adeb-d572-4251-bbc4-69182c7ffb6d" humanType="Property" classType="Property" name="Creation date" icon="StyleGuide_files/icon_property_1714208984.jpg" humanName="Creation Date"><String>10/24/24, 11:54 AM</String></property><property requireSort="name" refid="720a86fd-e310-48b2-9966-9ba79583dc71" refElementId="720a86fd-e310-48b2-9966-9ba79583dc71" humanType="Property" classType="Property" name="Last modified by" icon="StyleGuide_files/icon_property_1714208984.jpg" humanName="Last modified by"><String>david.mackay.SB</String></property><property requireSort="name" refid="13d0da35-25b5-490b-bbaa-d7db3f049841" refElementId="13d0da35-25b5-490b-bbaa-d7db3f049841" humanType="Property" classType="Property" name="Modification date" icon="StyleGuide_files/icon_property_1714208984.jpg" humanName="Modification Date"><String>10/24/24, 11:54 AM</String></property></stereotype></report_appliedStereotype_tags></diagram></magicdraw>