<?xml version='1.0' encoding='UTF-8'?><magicdraw><package id="08a6b552-e231-4ac3-8da8-f22175a482af" refElementId="08a6b552-e231-4ac3-8da8-f22175a482af" humanType="Package" classType="Package" requireSort="node" icon="StyleGuide_files/icon_package_1704329166.jpg"><visibility humanName="Visibility">public</visibility><qualifiedName humanName="Qualified Name" mode="e">AFLCMC Style Guide Rules::AFLCMC Rule Examples::21. Actor interactions</qualifiedName><packagedElement humanName="Packaged Element"><usecase refid="a280f881-2873-4bd6-b8d8-e2e441dc99d1" refElementId="a280f881-2873-4bd6-b8d8-e2e441dc99d1" humanType="UseCase" classType="UseCase" name="Orphaned Use Case" icon="StyleGuide_files/icon_usecase_2090866284.jpg"/><usecase refid="53572c08-fe9c-4149-a755-f68ee9754e8f" refElementId="53572c08-fe9c-4149-a755-f68ee9754e8f" humanType="UseCase" classType="UseCase" name="Use Case" icon="StyleGuide_files/icon_usecase_2090866284.jpg"/><actor refid="1fbb069e-5df3-4e6d-a5d8-9c4ed9925bce" refElementId="1fbb069e-5df3-4e6d-a5d8-9c4ed9925bce" humanType="Actor" classType="Actor" name="Actor" icon="StyleGuide_files/icon_actor_1779524436.jpg"/><association refid="dd956547-a6fa-413f-9869-e313d1c3d03b" refElementId="dd956547-a6fa-413f-9869-e313d1c3d03b" humanType="Association" classType="Association" name="NA" isRelationship="true" icon="StyleGuide_files/icon_association_1144598116.jpg"/></packagedElement><owningPackage refid="f4855656-0ec6-465b-84c2-748089f0b2f6" refElementId="f4855656-0ec6-465b-84c2-748089f0b2f6" humanType="Package" classType="Package" name="AFLCMC Rule Examples" icon="StyleGuide_files/icon_package_1704329166.jpg" humanName="Owning Package"/><owner refid="f4855656-0ec6-465b-84c2-748089f0b2f6" refElementId="f4855656-0ec6-465b-84c2-748089f0b2f6" humanType="Package" classType="Package" name="AFLCMC Rule Examples" icon="StyleGuide_files/icon_package_1704329166.jpg" humanName="Owner" mode="s,e"/><ownedType humanName="Owned Type"><usecase refid="a280f881-2873-4bd6-b8d8-e2e441dc99d1" refElementId="a280f881-2873-4bd6-b8d8-e2e441dc99d1" humanType="UseCase" classType="UseCase" name="Orphaned Use Case" icon="StyleGuide_files/icon_usecase_2090866284.jpg"/><usecase refid="53572c08-fe9c-4149-a755-f68ee9754e8f" refElementId="53572c08-fe9c-4149-a755-f68ee9754e8f" humanType="UseCase" classType="UseCase" name="Use Case" icon="StyleGuide_files/icon_usecase_2090866284.jpg"/><actor refid="1fbb069e-5df3-4e6d-a5d8-9c4ed9925bce" refElementId="1fbb069e-5df3-4e6d-a5d8-9c4ed9925bce" humanType="Actor" classType="Actor" name="Actor" icon="StyleGuide_files/icon_actor_1779524436.jpg"/><association refid="dd956547-a6fa-413f-9869-e313d1c3d03b" refElementId="dd956547-a6fa-413f-9869-e313d1c3d03b" humanType="Association" classType="Association" name="NA" isRelationship="true" icon="StyleGuide_files/icon_association_1144598116.jpg"/></ownedType><ownedMember humanName="Owned Member"><usecase refid="a280f881-2873-4bd6-b8d8-e2e441dc99d1" refElementId="a280f881-2873-4bd6-b8d8-e2e441dc99d1" humanType="UseCase" classType="UseCase" name="Orphaned Use Case" icon="StyleGuide_files/icon_usecase_2090866284.jpg"/><usecase refid="53572c08-fe9c-4149-a755-f68ee9754e8f" refElementId="53572c08-fe9c-4149-a755-f68ee9754e8f" humanType="UseCase" classType="UseCase" name="Use Case" icon="StyleGuide_files/icon_usecase_2090866284.jpg"/><actor refid="1fbb069e-5df3-4e6d-a5d8-9c4ed9925bce" refElementId="1fbb069e-5df3-4e6d-a5d8-9c4ed9925bce" humanType="Actor" classType="Actor" name="Actor" icon="StyleGuide_files/icon_actor_1779524436.jpg"/><association refid="dd956547-a6fa-413f-9869-e313d1c3d03b" refElementId="dd956547-a6fa-413f-9869-e313d1c3d03b" humanType="Association" classType="Association" name="NA" isRelationship="true" icon="StyleGuide_files/icon_association_1144598116.jpg"/><diagram refid="3659a11e-e566-4b6e-9600-6de59ed87a86" refElementId="3659a11e-e566-4b6e-9600-6de59ed87a86" humanType="Diagram" classType="Diagram" name="21. Actor interactions" diagramType="SysML Use Case Diagram" icon="StyleGuide_files/icon_SysML Use Case Diagram_1305571260.jpg"/></ownedMember><ownedElement humanName="Owned Element"><usecase refid="a280f881-2873-4bd6-b8d8-e2e441dc99d1" refElementId="a280f881-2873-4bd6-b8d8-e2e441dc99d1" humanType="UseCase" classType="UseCase" name="Orphaned Use Case" icon="StyleGuide_files/icon_usecase_2090866284.jpg"/><usecase refid="53572c08-fe9c-4149-a755-f68ee9754e8f" refElementId="53572c08-fe9c-4149-a755-f68ee9754e8f" humanType="UseCase" classType="UseCase" name="Use Case" icon="StyleGuide_files/icon_usecase_2090866284.jpg"/><actor refid="1fbb069e-5df3-4e6d-a5d8-9c4ed9925bce" refElementId="1fbb069e-5df3-4e6d-a5d8-9c4ed9925bce" humanType="Actor" classType="Actor" name="Actor" icon="StyleGuide_files/icon_actor_1779524436.jpg"/><association refid="dd956547-a6fa-413f-9869-e313d1c3d03b" refElementId="dd956547-a6fa-413f-9869-e313d1c3d03b" humanType="Association" classType="Association" name="NA" isRelationship="true" icon="StyleGuide_files/icon_association_1144598116.jpg"/><diagram refid="3659a11e-e566-4b6e-9600-6de59ed87a86" refElementId="3659a11e-e566-4b6e-9600-6de59ed87a86" humanType="Diagram" classType="Diagram" name="21. Actor interactions" diagramType="SysML Use Case Diagram" icon="StyleGuide_files/icon_SysML Use Case Diagram_1305571260.jpg"/></ownedElement><ownedDiagram humanName="Owned Diagram"><diagram refid="3659a11e-e566-4b6e-9600-6de59ed87a86" refElementId="3659a11e-e566-4b6e-9600-6de59ed87a86" humanType="Diagram" classType="Diagram" name="21. Actor interactions" diagramType="SysML Use Case Diagram" icon="StyleGuide_files/icon_SysML Use Case Diagram_1305571260.jpg"/></ownedDiagram><nestingPackage refid="f4855656-0ec6-465b-84c2-748089f0b2f6" refElementId="f4855656-0ec6-465b-84c2-748089f0b2f6" humanType="Package" classType="Package" name="AFLCMC Rule Examples" icon="StyleGuide_files/icon_package_1704329166.jpg" humanName="Nesting Package"/><namespace refid="f4855656-0ec6-465b-84c2-748089f0b2f6" refElementId="f4855656-0ec6-465b-84c2-748089f0b2f6" humanType="Package" classType="Package" name="AFLCMC Rule Examples" icon="StyleGuide_files/icon_package_1704329166.jpg" humanName="Namespace"/><name humanName="Name" mode="s,e">21. Actor interactions</name><member humanName="Member"><usecase refid="a280f881-2873-4bd6-b8d8-e2e441dc99d1" refElementId="a280f881-2873-4bd6-b8d8-e2e441dc99d1" humanType="UseCase" classType="UseCase" name="Orphaned Use Case" icon="StyleGuide_files/icon_usecase_2090866284.jpg"/><usecase refid="53572c08-fe9c-4149-a755-f68ee9754e8f" refElementId="53572c08-fe9c-4149-a755-f68ee9754e8f" humanType="UseCase" classType="UseCase" name="Use Case" icon="StyleGuide_files/icon_usecase_2090866284.jpg"/><actor refid="1fbb069e-5df3-4e6d-a5d8-9c4ed9925bce" refElementId="1fbb069e-5df3-4e6d-a5d8-9c4ed9925bce" humanType="Actor" classType="Actor" name="Actor" icon="StyleGuide_files/icon_actor_1779524436.jpg"/><association refid="dd956547-a6fa-413f-9869-e313d1c3d03b" refElementId="dd956547-a6fa-413f-9869-e313d1c3d03b" humanType="Association" classType="Association" name="NA" isRelationship="true" icon="StyleGuide_files/icon_association_1144598116.jpg"/><diagram refid="3659a11e-e566-4b6e-9600-6de59ed87a86" refElementId="3659a11e-e566-4b6e-9600-6de59ed87a86" humanType="Diagram" classType="Diagram" name="21. Actor interactions" diagramType="SysML Use Case Diagram" icon="StyleGuide_files/icon_SysML Use Case Diagram_1305571260.jpg"/></member><documentation humanName="Documentation">NA</documentation><URI humanName="URI" mode="s,e">NA</URI><TO_DO humanName="To Do" mode="s,e">NA</TO_DO><ActiveHyperlink humanName="Active Hyperlink" mode="e">NA</ActiveHyperlink><report_appliedStereotype_tags humanName="Applied Stereotype" requireSort="element" mode="s,e"/></package></magicdraw>