<?xml version='1.0' encoding='UTF-8'?><magicdraw><rationale id="09c7218e-f34c-4d9c-ab8e-c87c822fc4c4" refElementId="09c7218e-f34c-4d9c-ab8e-c87c822fc4c4" humanType="Rationale" classType="Comment" requireSort="node" icon="StyleGuide_files/icon_rationale_1252082738.jpg"><owningElement refid="ada77cc5-a6e7-4d06-803d-6d077f23839b" refElementId="ada77cc5-a6e7-4d06-803d-6d077f23839b" humanType="Requirement" classType="Class" name="20. Parametric diagram flow" icon="StyleGuide_files/icon_requirement_1047273168.jpg" humanName="Owning Element"/><owner refid="ada77cc5-a6e7-4d06-803d-6d077f23839b" refElementId="ada77cc5-a6e7-4d06-803d-6d077f23839b" humanType="Requirement" classType="Class" name="20. Parametric diagram flow" icon="StyleGuide_files/icon_requirement_1047273168.jpg" humanName="Owner" mode="s,e"/><documentation humanName="Documentation">NA</documentation><body humanName="Body" mode="s,e">Provides consistency.</body><appliedStereotype humanName="Applied Stereotype" mode="s,e"><stereotype refid="b8bdccbb-5972-4740-af73-7c1102b8e174" refElementId="b8bdccbb-5972-4740-af73-7c1102b8e174" humanType="Stereotype" classType="Stereotype" name="Rationale" icon="StyleGuide_files/icon_stereotype_1252082738.jpg"/></appliedStereotype><annotatedElement humanName="Annotated Element" mode="s,e"><requirement refid="ada77cc5-a6e7-4d06-803d-6d077f23839b" refElementId="ada77cc5-a6e7-4d06-803d-6d077f23839b" humanType="Requirement" classType="Class" name="20. Parametric diagram flow" icon="StyleGuide_files/icon_requirement_1047273168.jpg"/></annotatedElement><TO_DO humanName="To Do" mode="s,e">NA</TO_DO><ActiveHyperlink humanName="Active Hyperlink">NA</ActiveHyperlink><report_appliedStereotype_tags humanName="Applied Stereotype" requireSort="element" mode="s,e"><stereotype refid="b8bdccbb-5972-4740-af73-7c1102b8e174" refElementId="b8bdccbb-5972-4740-af73-7c1102b8e174" humanType="Stereotype" classType="Stereotype" name="Rationale" icon="StyleGuide_files/icon_stereotype_1252082738.jpg"><property requireSort="name" refid="4081ac1c-ad9a-4728-ab04-2fc34bcdcba0" refElementId="4081ac1c-ad9a-4728-ab04-2fc34bcdcba0" humanType="Property" classType="Property" name="base_Comment" icon="StyleGuide_files/icon_property_1714208984.jpg" humanName="Base_ Comment"/></stereotype></report_appliedStereotype_tags></rationale></magicdraw>