<?xml version='1.0' encoding='UTF-8'?><magicdraw><association id="09f53e39-7c92-46f7-8306-b946abd47442" refElementId="09f53e39-7c92-46f7-8306-b946abd47442" humanType="Association" classType="Association" requireSort="node" icon="StyleGuide_files/icon_association_1156766561.jpg"><visibility humanName="Visibility" mode="s,e">public</visibility><relatedElement humanName="Related Element"><block refid="13a843de-16b9-460d-b629-ee3ff5d9182f" refElementId="13a843de-16b9-460d-b629-ee3ff5d9182f" humanType="Block" classType="Class" name="Part" icon="StyleGuide_files/icon_block_115264500.jpg"/><block refid="76816b2a-c668-45a8-9c82-d07b2232f0bd" refElementId="76816b2a-c668-45a8-9c82-d07b2232f0bd" humanType="Block" classType="Class" name="Whole" icon="StyleGuide_files/icon_block_115264500.jpg"/></relatedElement><qualifiedName humanName="Qualified Name" mode="e">AFLCMC Style Guide Rules::AFLCMC Rule Examples::10. Use of aggregation::</qualifiedName><package refid="1e1bb8e4-0870-4415-8302-3a4e0de8ced1" refElementId="1e1bb8e4-0870-4415-8302-3a4e0de8ced1" humanType="Package" classType="Package" name="10. Use of aggregation" hasDiagram="true" icon="StyleGuide_files/icon_package_1704329166.jpg" humanName="Package"/><owningPackage refid="1e1bb8e4-0870-4415-8302-3a4e0de8ced1" refElementId="1e1bb8e4-0870-4415-8302-3a4e0de8ced1" humanType="Package" classType="Package" name="10. Use of aggregation" hasDiagram="true" icon="StyleGuide_files/icon_package_1704329166.jpg" humanName="Owning Package"/><owner refid="1e1bb8e4-0870-4415-8302-3a4e0de8ced1" refElementId="1e1bb8e4-0870-4415-8302-3a4e0de8ced1" humanType="Package" classType="Package" name="10. Use of aggregation" hasDiagram="true" icon="StyleGuide_files/icon_package_1704329166.jpg" humanName="Owner" mode="s,e"/><ownedMember humanName="Owned Member"><property refid="fe18bca8-4278-4db9-882c-8949e48989fe" refElementId="fe18bca8-4278-4db9-882c-8949e48989fe" humanType="Property" classType="Property" name="NA" icon="StyleGuide_files/icon_property_1714208984.jpg"/></ownedMember><ownedEnd humanName="Owned End"><property refid="fe18bca8-4278-4db9-882c-8949e48989fe" refElementId="fe18bca8-4278-4db9-882c-8949e48989fe" humanType="Property" classType="Property" name="NA" icon="StyleGuide_files/icon_property_1714208984.jpg"/></ownedEnd><ownedElement humanName="Owned Element"><property refid="fe18bca8-4278-4db9-882c-8949e48989fe" refElementId="fe18bca8-4278-4db9-882c-8949e48989fe" humanType="Property" classType="Property" name="NA" icon="StyleGuide_files/icon_property_1714208984.jpg"/></ownedElement><namespace refid="1e1bb8e4-0870-4415-8302-3a4e0de8ced1" refElementId="1e1bb8e4-0870-4415-8302-3a4e0de8ced1" humanType="Package" classType="Package" name="10. Use of aggregation" hasDiagram="true" icon="StyleGuide_files/icon_package_1704329166.jpg" humanName="Namespace"/><name humanName="Name" mode="s,e">NA</name><memberEnd humanName="Member End"><partproperty refid="9bd84ff6-62ed-4b3b-9a8f-4d4453a69de2" refElementId="9bd84ff6-62ed-4b3b-9a8f-4d4453a69de2" humanType="Part Property" classType="Property" name="part" icon="StyleGuide_files/icon_partproperty_725017177.jpg"/><property refid="fe18bca8-4278-4db9-882c-8949e48989fe" refElementId="fe18bca8-4278-4db9-882c-8949e48989fe" humanType="Property" classType="Property" name="NA" icon="StyleGuide_files/icon_property_1714208984.jpg"/></memberEnd><member humanName="Member"><property refid="fe18bca8-4278-4db9-882c-8949e48989fe" refElementId="fe18bca8-4278-4db9-882c-8949e48989fe" humanType="Property" classType="Property" name="NA" icon="StyleGuide_files/icon_property_1714208984.jpg"/><partproperty refid="9bd84ff6-62ed-4b3b-9a8f-4d4453a69de2" refElementId="9bd84ff6-62ed-4b3b-9a8f-4d4453a69de2" humanType="Part Property" classType="Property" name="part" icon="StyleGuide_files/icon_partproperty_725017177.jpg"/></member><isLeaf humanName="Is Leaf">false</isLeaf><isFinalSpecialization humanName="Is Final Specialization">false</isFinalSpecialization><isDerived humanName="Is Derived">false</isDerived><isAbstract humanName="Is Abstract">false</isAbstract><feature humanName="Feature"><property refid="fe18bca8-4278-4db9-882c-8949e48989fe" refElementId="fe18bca8-4278-4db9-882c-8949e48989fe" humanType="Property" classType="Property" name="NA" icon="StyleGuide_files/icon_property_1714208984.jpg"/></feature><endType humanName="End Type"><block refid="13a843de-16b9-460d-b629-ee3ff5d9182f" refElementId="13a843de-16b9-460d-b629-ee3ff5d9182f" humanType="Block" classType="Class" name="Part" icon="StyleGuide_files/icon_block_115264500.jpg"/><block refid="76816b2a-c668-45a8-9c82-d07b2232f0bd" refElementId="76816b2a-c668-45a8-9c82-d07b2232f0bd" humanType="Block" classType="Class" name="Whole" icon="StyleGuide_files/icon_block_115264500.jpg"/></endType><documentation humanName="Documentation">NA</documentation><TO_DO humanName="To Do">NA</TO_DO><ActiveHyperlink humanName="Active Hyperlink">NA</ActiveHyperlink><report_appliedStereotype_tags humanName="Applied Stereotype" requireSort="element"/></association></magicdraw>