<?xml version='1.0' encoding='UTF-8'?><magicdraw><block id="0a94c9d7-d38f-44d7-9c3e-6ec2118a67ed" refElementId="0a94c9d7-d38f-44d7-9c3e-6ec2118a67ed" humanType="Block" classType="Class" requireSort="node" icon="StyleGuide_files/icon_block_115264500.jpg"><documentation humanName="Documentation" mode="s">Serves as a template for change history line items. Each history item is an instance of this block which holds specific values.</documentation><visibility humanName="Visibility">public</visibility><role humanName="Role"><valueproperty refid="833ff0e1-5a48-45ca-af38-af79851bb32f" refElementId="833ff0e1-5a48-45ca-af38-af79851bb32f" humanType="Value Property" classType="Property" name="Version" icon="StyleGuide_files/icon_valueproperty_394706776.jpg"/><valueproperty refid="cb42eb75-0e21-4f2b-a440-ac276e7cf586" refElementId="cb42eb75-0e21-4f2b-a440-ac276e7cf586" humanType="Value Property" classType="Property" name="Date" icon="StyleGuide_files/icon_valueproperty_394706776.jpg"/><valueproperty refid="78b18ffc-2ea3-48b0-886e-b767d2bf7e4a" refElementId="78b18ffc-2ea3-48b0-886e-b767d2bf7e4a" humanType="Value Property" classType="Property" name="POC" icon="StyleGuide_files/icon_valueproperty_394706776.jpg"/><valueproperty refid="606d0bcb-e258-42d0-8364-a254114d03c1" refElementId="606d0bcb-e258-42d0-8364-a254114d03c1" humanType="Value Property" classType="Property" name="Revison Description" icon="StyleGuide_files/icon_valueproperty_394706776.jpg"/></role><qualifiedName humanName="Qualified Name" mode="e">0. Model Overview::Change History::Change History</qualifiedName><part humanName="Part"><valueproperty refid="833ff0e1-5a48-45ca-af38-af79851bb32f" refElementId="833ff0e1-5a48-45ca-af38-af79851bb32f" humanType="Value Property" classType="Property" name="Version" icon="StyleGuide_files/icon_valueproperty_394706776.jpg"/><valueproperty refid="cb42eb75-0e21-4f2b-a440-ac276e7cf586" refElementId="cb42eb75-0e21-4f2b-a440-ac276e7cf586" humanType="Value Property" classType="Property" name="Date" icon="StyleGuide_files/icon_valueproperty_394706776.jpg"/><valueproperty refid="78b18ffc-2ea3-48b0-886e-b767d2bf7e4a" refElementId="78b18ffc-2ea3-48b0-886e-b767d2bf7e4a" humanType="Value Property" classType="Property" name="POC" icon="StyleGuide_files/icon_valueproperty_394706776.jpg"/><valueproperty refid="606d0bcb-e258-42d0-8364-a254114d03c1" refElementId="606d0bcb-e258-42d0-8364-a254114d03c1" humanType="Value Property" classType="Property" name="Revison Description" icon="StyleGuide_files/icon_valueproperty_394706776.jpg"/></part><package refid="df4a76e2-6d48-4da0-92c8-56c64226a833" refElementId="df4a76e2-6d48-4da0-92c8-56c64226a833" humanType="Package" classType="Package" name="Change History" hasDiagram="true" icon="StyleGuide_files/icon_package_1704329166.jpg" humanName="Package"/><owningPackage refid="df4a76e2-6d48-4da0-92c8-56c64226a833" refElementId="df4a76e2-6d48-4da0-92c8-56c64226a833" humanType="Package" classType="Package" name="Change History" hasDiagram="true" icon="StyleGuide_files/icon_package_1704329166.jpg" humanName="Owning Package"/><owner refid="df4a76e2-6d48-4da0-92c8-56c64226a833" refElementId="df4a76e2-6d48-4da0-92c8-56c64226a833" humanType="Package" classType="Package" name="Change History" hasDiagram="true" icon="StyleGuide_files/icon_package_1704329166.jpg" humanName="Owner" mode="s,e"/><ownedMember humanName="Owned Member"><valueproperty refid="833ff0e1-5a48-45ca-af38-af79851bb32f" refElementId="833ff0e1-5a48-45ca-af38-af79851bb32f" humanType="Value Property" classType="Property" name="Version" icon="StyleGuide_files/icon_valueproperty_394706776.jpg"/><valueproperty refid="cb42eb75-0e21-4f2b-a440-ac276e7cf586" refElementId="cb42eb75-0e21-4f2b-a440-ac276e7cf586" humanType="Value Property" classType="Property" name="Date" icon="StyleGuide_files/icon_valueproperty_394706776.jpg"/><valueproperty refid="78b18ffc-2ea3-48b0-886e-b767d2bf7e4a" refElementId="78b18ffc-2ea3-48b0-886e-b767d2bf7e4a" humanType="Value Property" classType="Property" name="POC" icon="StyleGuide_files/icon_valueproperty_394706776.jpg"/><valueproperty refid="606d0bcb-e258-42d0-8364-a254114d03c1" refElementId="606d0bcb-e258-42d0-8364-a254114d03c1" humanType="Value Property" classType="Property" name="Revison Description" icon="StyleGuide_files/icon_valueproperty_394706776.jpg"/></ownedMember><ownedElement humanName="Owned Element"><comment refid="22b48b9a-fd4c-4f58-a6d2-4ccfdd3130f7" refElementId="22b48b9a-fd4c-4f58-a6d2-4ccfdd3130f7" humanType="Comment" classType="Comment" name="Serves as a template for change history line items..." icon="StyleGuide_files/icon_comment_568925759.jpg"/><valueproperty refid="833ff0e1-5a48-45ca-af38-af79851bb32f" refElementId="833ff0e1-5a48-45ca-af38-af79851bb32f" humanType="Value Property" classType="Property" name="Version" icon="StyleGuide_files/icon_valueproperty_394706776.jpg"/><valueproperty refid="cb42eb75-0e21-4f2b-a440-ac276e7cf586" refElementId="cb42eb75-0e21-4f2b-a440-ac276e7cf586" humanType="Value Property" classType="Property" name="Date" icon="StyleGuide_files/icon_valueproperty_394706776.jpg"/><valueproperty refid="78b18ffc-2ea3-48b0-886e-b767d2bf7e4a" refElementId="78b18ffc-2ea3-48b0-886e-b767d2bf7e4a" humanType="Value Property" classType="Property" name="POC" icon="StyleGuide_files/icon_valueproperty_394706776.jpg"/><valueproperty refid="606d0bcb-e258-42d0-8364-a254114d03c1" refElementId="606d0bcb-e258-42d0-8364-a254114d03c1" humanType="Value Property" classType="Property" name="Revison Description" icon="StyleGuide_files/icon_valueproperty_394706776.jpg"/></ownedElement><ownedComment humanName="Owned Comment"><comment refid="22b48b9a-fd4c-4f58-a6d2-4ccfdd3130f7" refElementId="22b48b9a-fd4c-4f58-a6d2-4ccfdd3130f7" humanType="Comment" classType="Comment" name="Serves as a template for change history line items..." icon="StyleGuide_files/icon_comment_568925759.jpg"/></ownedComment><ownedAttribute humanName="Owned Attribute"><valueproperty refid="833ff0e1-5a48-45ca-af38-af79851bb32f" refElementId="833ff0e1-5a48-45ca-af38-af79851bb32f" humanType="Value Property" classType="Property" name="Version" icon="StyleGuide_files/icon_valueproperty_394706776.jpg"/><valueproperty refid="cb42eb75-0e21-4f2b-a440-ac276e7cf586" refElementId="cb42eb75-0e21-4f2b-a440-ac276e7cf586" humanType="Value Property" classType="Property" name="Date" icon="StyleGuide_files/icon_valueproperty_394706776.jpg"/><valueproperty refid="78b18ffc-2ea3-48b0-886e-b767d2bf7e4a" refElementId="78b18ffc-2ea3-48b0-886e-b767d2bf7e4a" humanType="Value Property" classType="Property" name="POC" icon="StyleGuide_files/icon_valueproperty_394706776.jpg"/><valueproperty refid="606d0bcb-e258-42d0-8364-a254114d03c1" refElementId="606d0bcb-e258-42d0-8364-a254114d03c1" humanType="Value Property" classType="Property" name="Revison Description" icon="StyleGuide_files/icon_valueproperty_394706776.jpg"/></ownedAttribute><namespace refid="df4a76e2-6d48-4da0-92c8-56c64226a833" refElementId="df4a76e2-6d48-4da0-92c8-56c64226a833" humanType="Package" classType="Package" name="Change History" hasDiagram="true" icon="StyleGuide_files/icon_package_1704329166.jpg" humanName="Namespace"/><name humanName="Name" mode="s,e">Change History</name><member humanName="Member"><valueproperty refid="833ff0e1-5a48-45ca-af38-af79851bb32f" refElementId="833ff0e1-5a48-45ca-af38-af79851bb32f" humanType="Value Property" classType="Property" name="Version" icon="StyleGuide_files/icon_valueproperty_394706776.jpg"/><valueproperty refid="cb42eb75-0e21-4f2b-a440-ac276e7cf586" refElementId="cb42eb75-0e21-4f2b-a440-ac276e7cf586" humanType="Value Property" classType="Property" name="Date" icon="StyleGuide_files/icon_valueproperty_394706776.jpg"/><valueproperty refid="78b18ffc-2ea3-48b0-886e-b767d2bf7e4a" refElementId="78b18ffc-2ea3-48b0-886e-b767d2bf7e4a" humanType="Value Property" classType="Property" name="POC" icon="StyleGuide_files/icon_valueproperty_394706776.jpg"/><valueproperty refid="606d0bcb-e258-42d0-8364-a254114d03c1" refElementId="606d0bcb-e258-42d0-8364-a254114d03c1" humanType="Value Property" classType="Property" name="Revison Description" icon="StyleGuide_files/icon_valueproperty_394706776.jpg"/></member><isLeaf humanName="Is Leaf">false</isLeaf><isFinalSpecialization humanName="Is Final Specialization">false</isFinalSpecialization><isActive humanName="Is Active" mode="e">false</isActive><isAbstract humanName="Is Abstract">false</isAbstract><feature humanName="Feature"><valueproperty refid="833ff0e1-5a48-45ca-af38-af79851bb32f" refElementId="833ff0e1-5a48-45ca-af38-af79851bb32f" humanType="Value Property" classType="Property" name="Version" icon="StyleGuide_files/icon_valueproperty_394706776.jpg"/><valueproperty refid="cb42eb75-0e21-4f2b-a440-ac276e7cf586" refElementId="cb42eb75-0e21-4f2b-a440-ac276e7cf586" humanType="Value Property" classType="Property" name="Date" icon="StyleGuide_files/icon_valueproperty_394706776.jpg"/><valueproperty refid="78b18ffc-2ea3-48b0-886e-b767d2bf7e4a" refElementId="78b18ffc-2ea3-48b0-886e-b767d2bf7e4a" humanType="Value Property" classType="Property" name="POC" icon="StyleGuide_files/icon_valueproperty_394706776.jpg"/><valueproperty refid="606d0bcb-e258-42d0-8364-a254114d03c1" refElementId="606d0bcb-e258-42d0-8364-a254114d03c1" humanType="Value Property" classType="Property" name="Revison Description" icon="StyleGuide_files/icon_valueproperty_394706776.jpg"/></feature><effectiveIRI humanName="Effective IRI">NA</effectiveIRI><derivedExplanation humanName="Derived Explanation">NA</derivedExplanation><attribute humanName="Attribute"><valueproperty refid="833ff0e1-5a48-45ca-af38-af79851bb32f" refElementId="833ff0e1-5a48-45ca-af38-af79851bb32f" humanType="Value Property" classType="Property" name="Version" icon="StyleGuide_files/icon_valueproperty_394706776.jpg"/><valueproperty refid="cb42eb75-0e21-4f2b-a440-ac276e7cf586" refElementId="cb42eb75-0e21-4f2b-a440-ac276e7cf586" humanType="Value Property" classType="Property" name="Date" icon="StyleGuide_files/icon_valueproperty_394706776.jpg"/><valueproperty refid="78b18ffc-2ea3-48b0-886e-b767d2bf7e4a" refElementId="78b18ffc-2ea3-48b0-886e-b767d2bf7e4a" humanType="Value Property" classType="Property" name="POC" icon="StyleGuide_files/icon_valueproperty_394706776.jpg"/><valueproperty refid="606d0bcb-e258-42d0-8364-a254114d03c1" refElementId="606d0bcb-e258-42d0-8364-a254114d03c1" humanType="Value Property" classType="Property" name="Revison Description" icon="StyleGuide_files/icon_valueproperty_394706776.jpg"/></attribute><appliedStereotype humanName="Applied Stereotype" mode="e"><stereotype refid="2a4f4cbc-9ea6-4f20-b409-6716a55a9e59" refElementId="2a4f4cbc-9ea6-4f20-b409-6716a55a9e59" humanType="Stereotype" classType="Stereotype" name="Block" icon="StyleGuide_files/icon_stereotype_115264500.jpg"/></appliedStereotype><TO_DO humanName="To Do">NA</TO_DO><ActiveHyperlink humanName="Active Hyperlink">NA</ActiveHyperlink><report_appliedStereotype_tags humanName="Applied Stereotype" requireSort="element" mode="e"><stereotype refid="2a4f4cbc-9ea6-4f20-b409-6716a55a9e59" refElementId="2a4f4cbc-9ea6-4f20-b409-6716a55a9e59" humanType="Stereotype" classType="Stereotype" name="Block" icon="StyleGuide_files/icon_stereotype_115264500.jpg"><property requireSort="name" refid="bc7751b1-76b0-4daa-9db2-8f2e91343ae1" refElementId="bc7751b1-76b0-4daa-9db2-8f2e91343ae1" humanType="Property" classType="Property" name="base_Class" icon="StyleGuide_files/icon_property_1714208984.jpg" humanName="Base_ Class"/><property requireSort="name" refid="bcd3c93f-2a66-496e-b6e5-3c281bfca79a" refElementId="bcd3c93f-2a66-496e-b6e5-3c281bfca79a" humanType="Property" classType="Property" name="isEncapsulated" icon="StyleGuide_files/icon_property_1714208984.jpg" humanName="Is Encapsulated"/></stereotype></report_appliedStereotype_tags></block></magicdraw>