<?xml version='1.0' encoding='UTF-8'?><magicdraw><requirement id="0ce60e1b-2290-4eac-9088-12a7811a4ea7" refElementId="0ce60e1b-2290-4eac-9088-12a7811a4ea7" humanType="Requirement" classType="Class" requireSort="node" icon="StyleGuide_files/icon_requirement_1047273168.jpg"><documentation humanName="Documentation" mode="s">All diagrams shall be marked in accordance with DODM 5200.01 Vol. 2 and DODI 5200.48, in a manner similar to briefings. When internal to the model diagrams only must contain classification marking top/bottom with other markings limited to a model overview (README) diagram. If a diagram is published for use outside the model, then other relevant markings are to be added at that time.</documentation><visibility humanName="Visibility">public</visibility><taggedValue humanName="Tagged Value"><stringtaggedvalue refid="640128c2-1e38-4c52-a164-3ac13930416f" refElementId="640128c2-1e38-4c52-a164-3ac13930416f" humanType="String Tagged Value" classType="StringTaggedValue" name="Text = &quot;All diagrams shall be marked in accordance with DODM 5200.01 Vol. 2 and DODI 5200.48, in a manner similar to briefings. When internal to the model diagrams only must contain classification marking top/bottom with other markings limited to a model overview (e.g., README) diagram. If a diagram is published for use outside the model, then other relevant markings are to be added at that time.&quot;" icon="StyleGuide_files/icon_stringtaggedvalue_907973731.jpg"/><stringtaggedvalue refid="ef78df80-98f9-461b-ba73-4b3df3b7a571" refElementId="ef78df80-98f9-461b-ba73-4b3df3b7a571" humanType="String Tagged Value" classType="StringTaggedValue" name="Id = &quot;LCMCRule-16&quot;" icon="StyleGuide_files/icon_stringtaggedvalue_907973731.jpg"/><elementtaggedvalue refid="9d688f8e-2236-4bea-9e10-a7ea7af61d17" refElementId="9d688f8e-2236-4bea-9e10-a7ea7af61d17" humanType="Element Tagged Value" classType="ElementTaggedValue" name="hyperlinkModel = 1, 12, 16 Diagram Example" icon="StyleGuide_files/icon_elementtaggedvalue_1398767430.jpg"/><elementtaggedvalue refid="7b3ec4a6-f67c-43a4-aab8-c7bc298ef827" refElementId="7b3ec4a6-f67c-43a4-aab8-c7bc298ef827" humanType="Element Tagged Value" classType="ElementTaggedValue" name="hyperlinkModelActive = 1, 12, 16 Diagram Example" icon="StyleGuide_files/icon_elementtaggedvalue_1398767430.jpg"/></taggedValue><qualifiedName humanName="Qualified Name" mode="e">AFLCMC Style Guide Rules::16. Diagram classification marking</qualifiedName><package refid="169ad86e-2d29-49c8-aedd-26aeac8d0151" refElementId="169ad86e-2d29-49c8-aedd-26aeac8d0151" humanType="Package" classType="Package" name="AFLCMC Style Guide Rules" hasDiagram="true" icon="StyleGuide_files/icon_package_1704329166.jpg" humanName="Package"/><owningPackage refid="169ad86e-2d29-49c8-aedd-26aeac8d0151" refElementId="169ad86e-2d29-49c8-aedd-26aeac8d0151" humanType="Package" classType="Package" name="AFLCMC Style Guide Rules" hasDiagram="true" icon="StyleGuide_files/icon_package_1704329166.jpg" humanName="Owning Package"/><owner refid="169ad86e-2d29-49c8-aedd-26aeac8d0151" refElementId="169ad86e-2d29-49c8-aedd-26aeac8d0151" humanType="Package" classType="Package" name="AFLCMC Style Guide Rules" hasDiagram="true" icon="StyleGuide_files/icon_package_1704329166.jpg" humanName="Owner" mode="s,e"/><ownedElement humanName="Owned Element"><comment refid="d3862b35-274c-4715-8a59-210b0438f0e4" refElementId="d3862b35-274c-4715-8a59-210b0438f0e4" humanType="Comment" classType="Comment" name="All diagrams shall be marked in accordance with DO..." icon="StyleGuide_files/icon_comment_568925759.jpg"/><rationale refid="efe513a5-ff52-4952-96e4-b84fd7a97b23" refElementId="efe513a5-ff52-4952-96e4-b84fd7a97b23" humanType="Rationale" classType="Comment" name="This is restricted to diagrams b/c source document..." icon="StyleGuide_files/icon_rationale_1252082738.jpg"/><stringtaggedvalue refid="640128c2-1e38-4c52-a164-3ac13930416f" refElementId="640128c2-1e38-4c52-a164-3ac13930416f" humanType="String Tagged Value" classType="StringTaggedValue" name="Text = &quot;All diagrams shall be marked in accordance with DODM 5200.01 Vol. 2 and DODI 5200.48, in a manner similar to briefings. When internal to the model diagrams only must contain classification marking top/bottom with other markings limited to a model overview (e.g., README) diagram. If a diagram is published for use outside the model, then other relevant markings are to be added at that time.&quot;" icon="StyleGuide_files/icon_stringtaggedvalue_907973731.jpg"/><stringtaggedvalue refid="ef78df80-98f9-461b-ba73-4b3df3b7a571" refElementId="ef78df80-98f9-461b-ba73-4b3df3b7a571" humanType="String Tagged Value" classType="StringTaggedValue" name="Id = &quot;LCMCRule-16&quot;" icon="StyleGuide_files/icon_stringtaggedvalue_907973731.jpg"/><elementtaggedvalue refid="9d688f8e-2236-4bea-9e10-a7ea7af61d17" refElementId="9d688f8e-2236-4bea-9e10-a7ea7af61d17" humanType="Element Tagged Value" classType="ElementTaggedValue" name="hyperlinkModel = 1, 12, 16 Diagram Example" icon="StyleGuide_files/icon_elementtaggedvalue_1398767430.jpg"/><elementtaggedvalue refid="7b3ec4a6-f67c-43a4-aab8-c7bc298ef827" refElementId="7b3ec4a6-f67c-43a4-aab8-c7bc298ef827" humanType="Element Tagged Value" classType="ElementTaggedValue" name="hyperlinkModelActive = 1, 12, 16 Diagram Example" icon="StyleGuide_files/icon_elementtaggedvalue_1398767430.jpg"/></ownedElement><ownedComment humanName="Owned Comment"><comment refid="d3862b35-274c-4715-8a59-210b0438f0e4" refElementId="d3862b35-274c-4715-8a59-210b0438f0e4" humanType="Comment" classType="Comment" name="All diagrams shall be marked in accordance with DO..." icon="StyleGuide_files/icon_comment_568925759.jpg"/><rationale refid="efe513a5-ff52-4952-96e4-b84fd7a97b23" refElementId="efe513a5-ff52-4952-96e4-b84fd7a97b23" humanType="Rationale" classType="Comment" name="This is restricted to diagrams b/c source document..." icon="StyleGuide_files/icon_rationale_1252082738.jpg"/></ownedComment><namespace refid="169ad86e-2d29-49c8-aedd-26aeac8d0151" refElementId="169ad86e-2d29-49c8-aedd-26aeac8d0151" humanType="Package" classType="Package" name="AFLCMC Style Guide Rules" hasDiagram="true" icon="StyleGuide_files/icon_package_1704329166.jpg" humanName="Namespace"/><name humanName="Name" mode="s,e">16. Diagram classification marking</name><isLeaf humanName="Is Leaf">false</isLeaf><isFinalSpecialization humanName="Is Final Specialization">false</isFinalSpecialization><isActive humanName="Is Active" mode="e">false</isActive><isAbstract humanName="Is Abstract">false</isAbstract><effectiveIRI humanName="Effective IRI">NA</effectiveIRI><derivedExplanation humanName="Derived Explanation">NA</derivedExplanation><appliedStereotype humanName="Applied Stereotype" mode="e"><stereotype refid="8bf34745-8ee8-4115-b25b-f48b214b2a4e" refElementId="8bf34745-8ee8-4115-b25b-f48b214b2a4e" humanType="Stereotype" classType="Stereotype" name="Requirement" icon="StyleGuide_files/icon_stereotype_1047273168.jpg"/><stereotype refid="41d3a12f-f4da-4be3-b562-eca0fb993290" refElementId="41d3a12f-f4da-4be3-b562-eca0fb993290" humanType="Stereotype" classType="Stereotype" name="HyperlinkOwner" icon="StyleGuide_files/icon_stereotype_726025092.jpg"/></appliedStereotype><TO_DO humanName="To Do">NA</TO_DO><Bounds humanName="Bounds">=5200.01</Bounds><ActiveHyperlink humanName="Active Hyperlink">mdel://9c67c9a1-4318-4c9a-bc23-8f2d4add7508</ActiveHyperlink><report_appliedStereotype_tags humanName="Applied Stereotype" requireSort="element" mode="e"><stereotype refid="8bf34745-8ee8-4115-b25b-f48b214b2a4e" refElementId="8bf34745-8ee8-4115-b25b-f48b214b2a4e" humanType="Stereotype" classType="Stereotype" name="Requirement" icon="StyleGuide_files/icon_stereotype_1047273168.jpg"><property requireSort="name" refid="5dafd8f8-cf8f-4a65-8182-243ac0b22b19" refElementId="5dafd8f8-cf8f-4a65-8182-243ac0b22b19" humanType="Property" classType="Property" name="base_Class" icon="StyleGuide_files/icon_property_1714208984.jpg" humanName="Base_ Class"/><property requireSort="name" refid="2bbdd836-fb29-4d38-9b9b-54a019631007" refElementId="2bbdd836-fb29-4d38-9b9b-54a019631007" humanType="Property" classType="Property" name="base_NamedElement" icon="StyleGuide_files/icon_property_1714208984.jpg" humanName="Base_ Named Element"/><property requireSort="name" refid="11f636dd-5eaa-4190-b16d-013f26033c3a" refElementId="11f636dd-5eaa-4190-b16d-013f26033c3a" humanType="Property" classType="Property" name="Derived" icon="StyleGuide_files/icon_property_1714208984.jpg" humanName="Derived"/><property requireSort="name" refid="5a8cafab-64a9-4a32-9abf-c4bb8cec6632" refElementId="5a8cafab-64a9-4a32-9abf-c4bb8cec6632" humanType="Property" classType="Property" name="DerivedFrom" icon="StyleGuide_files/icon_property_1714208984.jpg" humanName="Derived From"/><property requireSort="name" refid="94a2d3e4-c3df-465e-9480-5c4389e63be1" refElementId="94a2d3e4-c3df-465e-9480-5c4389e63be1" humanType="Property" classType="Property" name="Id" icon="StyleGuide_files/icon_property_1714208984.jpg" humanName="Id"><String>LCMCRule-16</String></property><property requireSort="name" refid="321ff866-d508-4559-91c3-ddece6de352a" refElementId="321ff866-d508-4559-91c3-ddece6de352a" humanType="Property" classType="Property" name="Master" icon="StyleGuide_files/icon_property_1714208984.jpg" humanName="Master"/><property requireSort="name" refid="bae37973-55e9-4fd2-91ae-ca4c621bcd2c" refElementId="bae37973-55e9-4fd2-91ae-ca4c621bcd2c" humanType="Property" classType="Property" name="RefinedBy" icon="StyleGuide_files/icon_property_1714208984.jpg" humanName="Refined By"/><property requireSort="name" refid="41eaa8f1-85e4-4159-acf1-f7c637b2f7a5" refElementId="41eaa8f1-85e4-4159-acf1-f7c637b2f7a5" humanType="Property" classType="Property" name="SatisfiedBy" icon="StyleGuide_files/icon_property_1714208984.jpg" humanName="Satisfied By"/><property requireSort="name" refid="bd489283-0106-4e17-ac05-65e53068ad7a" refElementId="bd489283-0106-4e17-ac05-65e53068ad7a" humanType="Property" classType="Property" name="Text" icon="StyleGuide_files/icon_property_1714208984.jpg" humanName="Text"><String>All diagrams shall be marked in accordance with DODM 5200.01 Vol. 2 and DODI 5200.48, in a manner similar to briefings. When internal to the model diagrams only must contain classification marking top/bottom with other markings limited to a model overview (e.g., README) diagram. If a diagram is published for use outside the model, then other relevant markings are to be added at that time.</String></property><property requireSort="name" refid="5bb7aa4b-dc88-42e7-9dc0-130def271492" refElementId="5bb7aa4b-dc88-42e7-9dc0-130def271492" humanType="Property" classType="Property" name="TracedTo" icon="StyleGuide_files/icon_property_1714208984.jpg" humanName="Traced To"/><property requireSort="name" refid="f23a6c2e-eac0-4b7a-928c-969a194e41ef" refElementId="f23a6c2e-eac0-4b7a-928c-969a194e41ef" humanType="Property" classType="Property" name="VerifiedBy" icon="StyleGuide_files/icon_property_1714208984.jpg" humanName="Verified By"/></stereotype><stereotype refid="41d3a12f-f4da-4be3-b562-eca0fb993290" refElementId="41d3a12f-f4da-4be3-b562-eca0fb993290" humanType="Stereotype" classType="Stereotype" name="HyperlinkOwner" icon="StyleGuide_files/icon_stereotype_726025092.jpg"><property requireSort="name" refid="4d72ed2a-7ea3-4c61-9e81-634e930a36fc" refElementId="4d72ed2a-7ea3-4c61-9e81-634e930a36fc" humanType="Property" classType="Property" name="base_Element" icon="StyleGuide_files/icon_property_1714208984.jpg"/><property requireSort="name" refid="fec932b2-935e-42e4-ace0-fe8562104a7c" refElementId="fec932b2-935e-42e4-ace0-fe8562104a7c" humanType="Property" classType="Property" name="base_Element" icon="StyleGuide_files/icon_property_1714208984.jpg"/><property requireSort="name" refid="1923ea90-7128-4dc0-bb56-d62ef29e31c6" refElementId="1923ea90-7128-4dc0-bb56-d62ef29e31c6" humanType="Property" classType="Property" name="hyperlinkModel" icon="StyleGuide_files/icon_property_1714208984.jpg" humanName="Element/Symbol"><diagram refid="9c67c9a1-4318-4c9a-bc23-8f2d4add7508" refElementId="9c67c9a1-4318-4c9a-bc23-8f2d4add7508" humanType="Diagram" classType="Diagram" name="1, 12, 16 Diagram Example" diagramType="SysML Block Definition Diagram" icon="StyleGuide_files/icon_SysML Block Definition Diagram_503060400.jpg"/></property><property requireSort="name" refid="0ddc2bba-233f-4e2d-8fc2-d44f8d463ebe" refElementId="0ddc2bba-233f-4e2d-8fc2-d44f8d463ebe" humanType="Property" classType="Property" name="hyperlinkModelActive" icon="StyleGuide_files/icon_property_1714208984.jpg" humanName="Active Hyperlink"><diagram refid="9c67c9a1-4318-4c9a-bc23-8f2d4add7508" refElementId="9c67c9a1-4318-4c9a-bc23-8f2d4add7508" humanType="Diagram" classType="Diagram" name="1, 12, 16 Diagram Example" diagramType="SysML Block Definition Diagram" icon="StyleGuide_files/icon_SysML Block Definition Diagram_503060400.jpg"/></property><property requireSort="name" refid="7f5c0cd3-7c6a-4b71-8547-9583c32222da" refElementId="7f5c0cd3-7c6a-4b71-8547-9583c32222da" humanType="Property" classType="Property" name="hyperlinkText" icon="StyleGuide_files/icon_property_1714208984.jpg" humanName="File/WEB_PAGE"/><property requireSort="name" refid="ca259eee-8eba-440d-9608-ac98f1e3b01c" refElementId="ca259eee-8eba-440d-9608-ac98f1e3b01c" humanType="Property" classType="Property" name="hyperlinkTextActive" icon="StyleGuide_files/icon_property_1714208984.jpg" humanName="Active Hyperlink"/></stereotype></report_appliedStereotype_tags></requirement></magicdraw>