<?xml version='1.0' encoding='UTF-8'?><magicdraw><connectorend id="0f2500dd-be2f-4e15-a5bf-834a420a2ca4" refElementId="0f2500dd-be2f-4e15-a5bf-834a420a2ca4" humanType="Connector End" classType="ConnectorEnd" requireSort="node" icon="StyleGuide_files/icon_connectorend_1154174424.jpg"><upper humanName="Upper">1</upper><taggedValue humanName="Tagged Value"><elementtaggedvalue refid="18296867-769f-4314-89e1-6d24cbede8c9" refElementId="18296867-769f-4314-89e1-6d24cbede8c9" humanType="Element Tagged Value" classType="ElementTaggedValue" name="propertyPath = " icon="StyleGuide_files/icon_elementtaggedvalue_1398767430.jpg"/></taggedValue><role refid="4ac07776-134c-4b70-aab3-03c81a11f3cb" refElementId="4ac07776-134c-4b70-aab3-03c81a11f3cb" humanType="Constraint Parameter" classType="Port" name="MassLimit" icon="StyleGuide_files/icon_constraintparameter_598843222.jpg" humanName="Role" mode="s,e"/><partWithPort refid="42e205aa-2e12-4a88-9682-b44908a4110a" refElementId="42e205aa-2e12-4a88-9682-b44908a4110a" humanType="Constraint Property" classType="Property" name="NA" icon="StyleGuide_files/icon_constraintproperty_183622963.jpg" humanName="Part With Port" mode="e"/><owner refid="72d40653-9633-4824-9c31-a8db2be59d10" refElementId="72d40653-9633-4824-9c31-a8db2be59d10" humanType="Binding Connector" classType="Connector" name="NA" isRelationship="true" icon="StyleGuide_files/icon_bindingconnector_1620734737.jpg" humanName="Owner" mode="s,e"/><ownedElement humanName="Owned Element"><elementtaggedvalue refid="18296867-769f-4314-89e1-6d24cbede8c9" refElementId="18296867-769f-4314-89e1-6d24cbede8c9" humanType="Element Tagged Value" classType="ElementTaggedValue" name="propertyPath = " icon="StyleGuide_files/icon_elementtaggedvalue_1398767430.jpg"/></ownedElement><multiplicity humanName="Multiplicity" mode="s,e">NA</multiplicity><lower humanName="Lower">1</lower><isUnique humanName="Is Unique">true</isUnique><isOrdered humanName="Is Ordered">false</isOrdered><documentation humanName="Documentation">NA</documentation><appliedStereotype humanName="Applied Stereotype" mode="s,e"><stereotype refid="02e035ae-f2fe-4c51-a909-d7812202ea2a" refElementId="02e035ae-f2fe-4c51-a909-d7812202ea2a" humanType="Stereotype" classType="Stereotype" name="NestedConnectorEnd" icon="StyleGuide_files/icon_stereotype_726025092.jpg"/></appliedStereotype><TO_DO humanName="To Do" mode="s,e">NA</TO_DO><ActiveHyperlink humanName="Active Hyperlink">NA</ActiveHyperlink><report_appliedStereotype_tags humanName="Applied Stereotype" requireSort="element" mode="s,e"><stereotype refid="02e035ae-f2fe-4c51-a909-d7812202ea2a" refElementId="02e035ae-f2fe-4c51-a909-d7812202ea2a" humanType="Stereotype" classType="Stereotype" name="NestedConnectorEnd" icon="StyleGuide_files/icon_stereotype_726025092.jpg"><property requireSort="name" refid="9eb28be7-de31-4228-99a4-3e49113c032a" refElementId="9eb28be7-de31-4228-99a4-3e49113c032a" humanType="Property" classType="Property" name="base_ConnectorEnd" icon="StyleGuide_files/icon_property_1714208984.jpg" humanName="Base_ Connector End"/><property requireSort="name" refid="fec932b2-935e-42e4-ace0-fe8562104a7c" refElementId="fec932b2-935e-42e4-ace0-fe8562104a7c" humanType="Property" classType="Property" name="base_Element" icon="StyleGuide_files/icon_property_1714208984.jpg" humanName="Base_ Element"/><property requireSort="name" refid="bfbb3468-bee4-4949-9aeb-0d32e0cac929" refElementId="bfbb3468-bee4-4949-9aeb-0d32e0cac929" humanType="Property" classType="Property" name="base_Element" icon="StyleGuide_files/icon_property_1714208984.jpg" humanName="Base_ Element"/><property requireSort="name" refid="25bd009f-c573-48f3-95bc-01afc1fe1734" refElementId="25bd009f-c573-48f3-95bc-01afc1fe1734" humanType="Property" classType="Property" name="propertyPath" icon="StyleGuide_files/icon_property_1714208984.jpg" humanName="Property Path"><constraintproperty refid="42e205aa-2e12-4a88-9682-b44908a4110a" refElementId="42e205aa-2e12-4a88-9682-b44908a4110a" humanType="Constraint Property" classType="Property" name="NA" icon="StyleGuide_files/icon_constraintproperty_183622963.jpg"/></property></stereotype></report_appliedStereotype_tags></connectorend></magicdraw>