<?xml version='1.0' encoding='UTF-8'?><magicdraw><diagram id="0fe6dc46-cdfd-40d3-b7dd-244820e7f02c" refElementId="0fe6dc46-cdfd-40d3-b7dd-244820e7f02c" humanType="Diagram" classType="Diagram" requireSort="node" icon="StyleGuide_files/icon_SysML Block Definition Diagram_503060400.jpg" diagramType="SysML Block Definition Diagram" src="StyleGuide_files/0fe6dc46-cdfd-40d3-b7dd-244820e7f02c.jpg"><visibility humanName="Visibility">public</visibility><taggedValue humanName="Tagged Value"><stringtaggedvalue refid="53db1715-538b-477d-9374-58ecd2b3c242" refElementId="53db1715-538b-477d-9374-58ecd2b3c242" humanType="String Tagged Value" classType="StringTaggedValue" name="Creation date = &quot;8/16/24, 12:58 PM&quot;" icon="StyleGuide_files/icon_stringtaggedvalue_907973731.jpg"/><stringtaggedvalue refid="5b5adf20-3170-49a4-bf00-f39e1fb7fab2" refElementId="5b5adf20-3170-49a4-bf00-f39e1fb7fab2" humanType="String Tagged Value" classType="StringTaggedValue" name="Modification date = &quot;10/24/24, 11:46 AM&quot;" icon="StyleGuide_files/icon_stringtaggedvalue_907973731.jpg"/><stringtaggedvalue refid="4a6bc249-29ee-41d3-9d6f-50c3df8d17f8" refElementId="4a6bc249-29ee-41d3-9d6f-50c3df8d17f8" humanType="String Tagged Value" classType="StringTaggedValue" name="Author = &quot;sean.walker.SB&quot;" icon="StyleGuide_files/icon_stringtaggedvalue_907973731.jpg"/><stringtaggedvalue refid="15d2bc73-2b5f-49fe-8d62-562f2a16a218" refElementId="15d2bc73-2b5f-49fe-8d62-562f2a16a218" humanType="String Tagged Value" classType="StringTaggedValue" name="Last modified by = &quot;david.mackay.SB&quot;" icon="StyleGuide_files/icon_stringtaggedvalue_907973731.jpg"/></taggedValue><qualifiedName humanName="Qualified Name" mode="e">AFLCMC Style Guide Rules::AFLCMC Rule Examples::11. Use of multiplicity with associations::11. Use of multiplicity with associations</qualifiedName><ownerOfDiagram refid="5caeada1-e49d-4e7d-9454-78336030b058" refElementId="5caeada1-e49d-4e7d-9454-78336030b058" humanType="Package" classType="Package" name="11. Use of multiplicity with associations" hasDiagram="true" icon="StyleGuide_files/icon_package_1704329166.jpg" humanName="Owner Of Diagram"/><owner refid="5caeada1-e49d-4e7d-9454-78336030b058" refElementId="5caeada1-e49d-4e7d-9454-78336030b058" humanType="Package" classType="Package" name="11. Use of multiplicity with associations" hasDiagram="true" icon="StyleGuide_files/icon_package_1704329166.jpg" humanName="Owner" mode="s,e"/><ownedElement humanName="Owned Element"><stringtaggedvalue refid="53db1715-538b-477d-9374-58ecd2b3c242" refElementId="53db1715-538b-477d-9374-58ecd2b3c242" humanType="String Tagged Value" classType="StringTaggedValue" name="Creation date = &quot;8/16/24, 12:58 PM&quot;" icon="StyleGuide_files/icon_stringtaggedvalue_907973731.jpg"/><stringtaggedvalue refid="5b5adf20-3170-49a4-bf00-f39e1fb7fab2" refElementId="5b5adf20-3170-49a4-bf00-f39e1fb7fab2" humanType="String Tagged Value" classType="StringTaggedValue" name="Modification date = &quot;10/24/24, 11:46 AM&quot;" icon="StyleGuide_files/icon_stringtaggedvalue_907973731.jpg"/><stringtaggedvalue refid="4a6bc249-29ee-41d3-9d6f-50c3df8d17f8" refElementId="4a6bc249-29ee-41d3-9d6f-50c3df8d17f8" humanType="String Tagged Value" classType="StringTaggedValue" name="Author = &quot;sean.walker.SB&quot;" icon="StyleGuide_files/icon_stringtaggedvalue_907973731.jpg"/><stringtaggedvalue refid="15d2bc73-2b5f-49fe-8d62-562f2a16a218" refElementId="15d2bc73-2b5f-49fe-8d62-562f2a16a218" humanType="String Tagged Value" classType="StringTaggedValue" name="Last modified by = &quot;david.mackay.SB&quot;" icon="StyleGuide_files/icon_stringtaggedvalue_907973731.jpg"/></ownedElement><namespace refid="5caeada1-e49d-4e7d-9454-78336030b058" refElementId="5caeada1-e49d-4e7d-9454-78336030b058" humanType="Package" classType="Package" name="11. Use of multiplicity with associations" hasDiagram="true" icon="StyleGuide_files/icon_package_1704329166.jpg" humanName="Namespace"/><name humanName="Name" mode="s,e">11. Use of multiplicity with associations</name><documentation humanName="Documentation">NA</documentation><appliedStereotype humanName="Applied Stereotype" mode="s,e"><stereotype refid="b9f6a957-5548-461e-be76-365995bc6416" refElementId="b9f6a957-5548-461e-be76-365995bc6416" humanType="Stereotype" classType="Stereotype" name="DiagramInfo" icon="StyleGuide_files/icon_stereotype_726025092.jpg"/></appliedStereotype><TO_DO humanName="To Do" mode="s,e">NA</TO_DO><DIAGRAM_TYPE_DERIVED_PROPERTY humanName="Type">SysML Block Definition Diagram</DIAGRAM_TYPE_DERIVED_PROPERTY><ActiveHyperlink humanName="Active Hyperlink">NA</ActiveHyperlink><map><area refid="ac5e2645-6b85-4b64-bd0a-4abdc924b299" refElementId="ac5e2645-6b85-4b64-bd0a-4abdc924b299" name="Reference Property block 2" shape="rect" type="0" isNotContentShape="false"><point x="452" y="146"/><point x="463" y="146"/><point x="463" y="157"/><point x="452" y="157"/></area><area refid="3d2471e4-2ced-41f2-91f3-40efcde6ba1a" refElementId="3d2471e4-2ced-41f2-91f3-40efcde6ba1a" name="Property" shape="rect" type="0" isNotContentShape="false"><point x="360" y="146"/><point x="371" y="146"/><point x="371" y="157"/><point x="360" y="157"/></area><area refid="4c62a166-44c5-4695-b3a0-0d19e2119aef" refElementId="4c62a166-44c5-4695-b3a0-0d19e2119aef" name="Reference Property block 3" shape="rect" type="0" isNotContentShape="false"><point x="314" y="242"/><point x="325" y="242"/><point x="325" y="253"/><point x="314" y="253"/></area><area refid="b01a15e8-e5d2-4ee5-9286-2901c01ada67" refElementId="b01a15e8-e5d2-4ee5-9286-2901c01ada67" name="Property" shape="rect" type="0" isNotContentShape="false"><point x="314" y="166"/><point x="325" y="166"/><point x="325" y="177"/><point x="314" y="177"/></area><area refid="36350b82-67c5-40ec-9b00-f3c7f1c8a6a0" refElementId="36350b82-67c5-40ec-9b00-f3c7f1c8a6a0" name="Rationale" shape="rect" type="0" isNotContentShape="false"><point x="84" y="350"/><point x="211" y="350"/><point x="211" y="423"/><point x="84" y="423"/></area><area refid="ede650b4-52a1-4942-9743-1e164e48c6e5" refElementId="ede650b4-52a1-4942-9743-1e164e48c6e5" name="Association" shape="poly" type="0" isNotContentShape="false"><point x="320" y="251"/><point x="320" y="165"/><point x="318" y="167"/><point x="318" y="253"/></area><area refid="7afbb8cb-6186-479b-b2db-50c826a30251" refElementId="7afbb8cb-6186-479b-b2db-50c826a30251" name="Association" shape="poly" type="0" isNotContentShape="false"><point x="463" y="150"/><point x="361" y="150"/><point x="359" y="152"/><point x="461" y="152"/></area><area refid="4dbd0dfd-6abf-4a7d-96a4-30cf96a18dff" refElementId="4dbd0dfd-6abf-4a7d-96a4-30cf96a18dff" name="Block Block" shape="rect" type="0" isNotContentShape="false"><point x="280" y="133"/><point x="361" y="133"/><point x="361" y="167"/><point x="280" y="167"/></area><area refid="93388140-d4cf-47d6-82d1-9211ca57e5b9" refElementId="93388140-d4cf-47d6-82d1-9211ca57e5b9" name="Block Block 2" shape="rect" type="0" isNotContentShape="false"><point x="462" y="133"/><point x="543" y="133"/><point x="543" y="167"/><point x="462" y="167"/></area><area refid="b564de41-9d14-4d59-ae99-79e38edf2707" refElementId="b564de41-9d14-4d59-ae99-79e38edf2707" name="Block Block 3" shape="rect" type="0" isNotContentShape="false"><point x="280" y="252"/><point x="361" y="252"/><point x="361" y="286"/><point x="280" y="286"/></area><area refid="4f589e11-cea9-44ee-9226-b4bc02c92fe6" refElementId="4f589e11-cea9-44ee-9226-b4bc02c92fe6" name="String Tagged Value" shape="rect" type="0" isNotContentShape="false"><point x="59" y="118"/><point x="216" y="118"/><point x="216" y="134"/><point x="59" y="134"/></area><area refid="0e6f3a2c-867c-4343-8215-cf352d46865e" refElementId="0e6f3a2c-867c-4343-8215-cf352d46865e" name="String Tagged Value" shape="rect" type="0" isNotContentShape="false"><point x="59" y="133"/><point x="216" y="133"/><point x="216" y="299"/><point x="59" y="299"/></area><area refid="e8250292-95bb-42d0-82e8-6294f7813ffb" refElementId="e8250292-95bb-42d0-82e8-6294f7813ffb" name="Requirement 11. Use of multiplicity with associations" shape="rect" type="0" isNotContentShape="false"><point x="56" y="70"/><point x="219" y="70"/><point x="219" y="305"/><point x="56" y="305"/></area></map><report_appliedStereotype_tags humanName="Applied Stereotype" requireSort="element" mode="s,e"><stereotype refid="b9f6a957-5548-461e-be76-365995bc6416" refElementId="b9f6a957-5548-461e-be76-365995bc6416" humanType="Stereotype" classType="Stereotype" name="DiagramInfo" icon="StyleGuide_files/icon_stereotype_726025092.jpg"><property requireSort="name" refid="dd7bc4cc-0c40-4124-a884-4bc4a6dd6f11" refElementId="dd7bc4cc-0c40-4124-a884-4bc4a6dd6f11" humanType="Property" classType="Property" name="Author" icon="StyleGuide_files/icon_property_1714208984.jpg" humanName="Author"><String>sean.walker.SB</String></property><property requireSort="name" refid="6e8f87c9-84ac-4065-be02-1dae530f6a58" refElementId="6e8f87c9-84ac-4065-be02-1dae530f6a58" humanType="Property" classType="Property" name="base_Diagram" icon="StyleGuide_files/icon_property_1714208984.jpg" humanName="Base_ Diagram"/><property requireSort="name" refid="fec932b2-935e-42e4-ace0-fe8562104a7c" refElementId="fec932b2-935e-42e4-ace0-fe8562104a7c" humanType="Property" classType="Property" name="base_Element" icon="StyleGuide_files/icon_property_1714208984.jpg" humanName="Base_ Element"/><property requireSort="name" refid="9528adeb-d572-4251-bbc4-69182c7ffb6d" refElementId="9528adeb-d572-4251-bbc4-69182c7ffb6d" humanType="Property" classType="Property" name="Creation date" icon="StyleGuide_files/icon_property_1714208984.jpg" humanName="Creation Date"><String>8/16/24, 12:58 PM</String></property><property requireSort="name" refid="720a86fd-e310-48b2-9966-9ba79583dc71" refElementId="720a86fd-e310-48b2-9966-9ba79583dc71" humanType="Property" classType="Property" name="Last modified by" icon="StyleGuide_files/icon_property_1714208984.jpg" humanName="Last modified by"><String>david.mackay.SB</String></property><property requireSort="name" refid="13d0da35-25b5-490b-bbaa-d7db3f049841" refElementId="13d0da35-25b5-490b-bbaa-d7db3f049841" humanType="Property" classType="Property" name="Modification date" icon="StyleGuide_files/icon_property_1714208984.jpg" humanName="Modification Date"><String>10/24/24, 11:46 AM</String></property></stereotype></report_appliedStereotype_tags></diagram></magicdraw>