<?xml version='1.0' encoding='UTF-8'?><magicdraw><diagram id="136a9b6a-2f54-4458-b516-f27c353975f7" refElementId="136a9b6a-2f54-4458-b516-f27c353975f7" humanType="Diagram" classType="Diagram" requireSort="node" icon="StyleGuide_files/icon_SysML Block Definition Diagram_503060400.jpg" diagramType="SysML Block Definition Diagram" src="StyleGuide_files/136a9b6a-2f54-4458-b516-f27c353975f7.jpg"><visibility humanName="Visibility">public</visibility><taggedValue humanName="Tagged Value"><stringtaggedvalue refid="42bec834-34b9-4021-bebf-4b871f1678c5" refElementId="42bec834-34b9-4021-bebf-4b871f1678c5" humanType="String Tagged Value" classType="StringTaggedValue" name="Creation date = &quot;8/16/24, 12:58 PM&quot;" icon="StyleGuide_files/icon_stringtaggedvalue_907973731.jpg"/><stringtaggedvalue refid="dbae8426-4e28-4589-8fe2-e7607518bdd1" refElementId="dbae8426-4e28-4589-8fe2-e7607518bdd1" humanType="String Tagged Value" classType="StringTaggedValue" name="Modification date = &quot;10/22/24, 1:01 PM&quot;" icon="StyleGuide_files/icon_stringtaggedvalue_907973731.jpg"/><stringtaggedvalue refid="1dd2a735-94bb-42a1-8277-8dee11396a11" refElementId="1dd2a735-94bb-42a1-8277-8dee11396a11" humanType="String Tagged Value" classType="StringTaggedValue" name="Author = &quot;sean.walker.SB&quot;" icon="StyleGuide_files/icon_stringtaggedvalue_907973731.jpg"/><stringtaggedvalue refid="85a16e7c-9bf5-4f9c-913e-99eaa94c5e0d" refElementId="85a16e7c-9bf5-4f9c-913e-99eaa94c5e0d" humanType="String Tagged Value" classType="StringTaggedValue" name="Last modified by = &quot;david.mackay.SB&quot;" icon="StyleGuide_files/icon_stringtaggedvalue_907973731.jpg"/></taggedValue><qualifiedName humanName="Qualified Name" mode="e">AFLCMC Style Guide Rules::AFLCMC Rule Examples::10. Use of aggregation::10. Use of aggregation</qualifiedName><ownerOfDiagram refid="1e1bb8e4-0870-4415-8302-3a4e0de8ced1" refElementId="1e1bb8e4-0870-4415-8302-3a4e0de8ced1" humanType="Package" classType="Package" name="10. Use of aggregation" hasDiagram="true" icon="StyleGuide_files/icon_package_1704329166.jpg" humanName="Owner Of Diagram"/><owner refid="1e1bb8e4-0870-4415-8302-3a4e0de8ced1" refElementId="1e1bb8e4-0870-4415-8302-3a4e0de8ced1" humanType="Package" classType="Package" name="10. Use of aggregation" hasDiagram="true" icon="StyleGuide_files/icon_package_1704329166.jpg" humanName="Owner" mode="s,e"/><ownedElement humanName="Owned Element"><stringtaggedvalue refid="42bec834-34b9-4021-bebf-4b871f1678c5" refElementId="42bec834-34b9-4021-bebf-4b871f1678c5" humanType="String Tagged Value" classType="StringTaggedValue" name="Creation date = &quot;8/16/24, 12:58 PM&quot;" icon="StyleGuide_files/icon_stringtaggedvalue_907973731.jpg"/><stringtaggedvalue refid="dbae8426-4e28-4589-8fe2-e7607518bdd1" refElementId="dbae8426-4e28-4589-8fe2-e7607518bdd1" humanType="String Tagged Value" classType="StringTaggedValue" name="Modification date = &quot;10/22/24, 1:01 PM&quot;" icon="StyleGuide_files/icon_stringtaggedvalue_907973731.jpg"/><stringtaggedvalue refid="1dd2a735-94bb-42a1-8277-8dee11396a11" refElementId="1dd2a735-94bb-42a1-8277-8dee11396a11" humanType="String Tagged Value" classType="StringTaggedValue" name="Author = &quot;sean.walker.SB&quot;" icon="StyleGuide_files/icon_stringtaggedvalue_907973731.jpg"/><stringtaggedvalue refid="85a16e7c-9bf5-4f9c-913e-99eaa94c5e0d" refElementId="85a16e7c-9bf5-4f9c-913e-99eaa94c5e0d" humanType="String Tagged Value" classType="StringTaggedValue" name="Last modified by = &quot;david.mackay.SB&quot;" icon="StyleGuide_files/icon_stringtaggedvalue_907973731.jpg"/></ownedElement><namespace refid="1e1bb8e4-0870-4415-8302-3a4e0de8ced1" refElementId="1e1bb8e4-0870-4415-8302-3a4e0de8ced1" humanType="Package" classType="Package" name="10. Use of aggregation" hasDiagram="true" icon="StyleGuide_files/icon_package_1704329166.jpg" humanName="Namespace"/><name humanName="Name" mode="s,e">10. Use of aggregation</name><documentation humanName="Documentation">NA</documentation><appliedStereotype humanName="Applied Stereotype" mode="s,e"><stereotype refid="b9f6a957-5548-461e-be76-365995bc6416" refElementId="b9f6a957-5548-461e-be76-365995bc6416" humanType="Stereotype" classType="Stereotype" name="DiagramInfo" icon="StyleGuide_files/icon_stereotype_726025092.jpg"/></appliedStereotype><TO_DO humanName="To Do" mode="s,e">NA</TO_DO><DIAGRAM_TYPE_DERIVED_PROPERTY humanName="Type">SysML Block Definition Diagram</DIAGRAM_TYPE_DERIVED_PROPERTY><ActiveHyperlink humanName="Active Hyperlink">NA</ActiveHyperlink><map><area refid="9bd84ff6-62ed-4b3b-9a8f-4d4453a69de2" refElementId="9bd84ff6-62ed-4b3b-9a8f-4d4453a69de2" name="Part Property part" shape="rect" type="0" isNotContentShape="false"><point x="461" y="193"/><point x="472" y="193"/><point x="472" y="204"/><point x="461" y="204"/></area><area refid="fe18bca8-4278-4db9-882c-8949e48989fe" refElementId="fe18bca8-4278-4db9-882c-8949e48989fe" name="Property" shape="rect" type="0" isNotContentShape="false"><point x="461" y="152"/><point x="472" y="152"/><point x="472" y="163"/><point x="461" y="163"/></area><area refid="2bd99498-49a4-441d-8871-67915a7eed97" refElementId="2bd99498-49a4-441d-8871-67915a7eed97" name="Reference Property part A" shape="rect" type="0" isNotContentShape="false"><point x="461" y="550"/><point x="472" y="550"/><point x="472" y="561"/><point x="461" y="561"/></area><area refid="7cc66b36-b491-4664-b3f7-396447cbb7ef" refElementId="7cc66b36-b491-4664-b3f7-396447cbb7ef" name="Property" shape="rect" type="0" isNotContentShape="false"><point x="461" y="519"/><point x="472" y="519"/><point x="472" y="530"/><point x="461" y="530"/></area><area refid="cb1afe79-30b1-4e36-9ecb-855689ae7f05" refElementId="cb1afe79-30b1-4e36-9ecb-855689ae7f05" name="Rationale" shape="rect" type="0" isNotContentShape="false"><point x="49" y="322"/><point x="218" y="322"/><point x="218" y="445"/><point x="49" y="445"/></area><area refid="9133977e-c91a-4696-8e0a-4d84846e57bc" refElementId="9133977e-c91a-4696-8e0a-4d84846e57bc" name="Association" shape="poly" type="0" isNotContentShape="false"><point x="467" y="559"/><point x="467" y="518"/><point x="465" y="520"/><point x="465" y="561"/></area><area refid="09f53e39-7c92-46f7-8306-b946abd47442" refElementId="09f53e39-7c92-46f7-8306-b946abd47442" name="Association" shape="poly" type="0" isNotContentShape="false"><point x="467" y="202"/><point x="467" y="151"/><point x="465" y="153"/><point x="465" y="204"/></area><area refid="13a843de-16b9-460d-b629-ee3ff5d9182f" refElementId="13a843de-16b9-460d-b629-ee3ff5d9182f" name="Block Part" shape="rect" type="0" isNotContentShape="false"><point x="427" y="203"/><point x="508" y="203"/><point x="508" y="237"/><point x="427" y="237"/></area><area refid="ec6cce79-0214-4470-9b81-0b5bd30ffc59" refElementId="ec6cce79-0214-4470-9b81-0b5bd30ffc59" name="Block Part A" shape="rect" type="0" isNotContentShape="false"><point x="427" y="560"/><point x="508" y="560"/><point x="508" y="594"/><point x="427" y="594"/></area><area refid="76816b2a-c668-45a8-9c82-d07b2232f0bd" refElementId="76816b2a-c668-45a8-9c82-d07b2232f0bd" name="Block Whole" shape="rect" type="0" isNotContentShape="false"><point x="420" y="98"/><point x="521" y="98"/><point x="521" y="153"/><point x="420" y="153"/></area><area refid="9bd84ff6-62ed-4b3b-9a8f-4d4453a69de2" refElementId="9bd84ff6-62ed-4b3b-9a8f-4d4453a69de2" name="Part Property part" shape="rect" type="0" isNotContentShape="false"><point x="416" y="494"/><point x="523" y="494"/><point x="523" y="507"/><point x="416" y="507"/></area><area refid="76816b2a-c668-45a8-9c82-d07b2232f0bd" refElementId="76816b2a-c668-45a8-9c82-d07b2232f0bd" name="Block Whole" shape="rect" type="0" isNotContentShape="false"><point x="413" y="448"/><point x="526" y="448"/><point x="526" y="520"/><point x="413" y="520"/></area><area refid="2bd99498-49a4-441d-8871-67915a7eed97" refElementId="2bd99498-49a4-441d-8871-67915a7eed97" name="Reference Property part A" shape="rect" type="0" isNotContentShape="false"><point x="409" y="371"/><point x="537" y="371"/><point x="537" y="384"/><point x="409" y="384"/></area><area refid="9bd84ff6-62ed-4b3b-9a8f-4d4453a69de2" refElementId="9bd84ff6-62ed-4b3b-9a8f-4d4453a69de2" name="Part Property part" shape="rect" type="0" isNotContentShape="false"><point x="409" y="340"/><point x="537" y="340"/><point x="537" y="353"/><point x="409" y="353"/></area><area refid="76816b2a-c668-45a8-9c82-d07b2232f0bd" refElementId="76816b2a-c668-45a8-9c82-d07b2232f0bd" name="Block Whole" shape="rect" type="0" isNotContentShape="false"><point x="406" y="294"/><point x="540" y="294"/><point x="540" y="390"/><point x="406" y="390"/></area><area refid="096d9a6f-a3ba-456e-bfdc-e6f4dc9a406a" refElementId="096d9a6f-a3ba-456e-bfdc-e6f4dc9a406a" name="String Tagged Value" shape="rect" type="0" isNotContentShape="false"><point x="38" y="78"/><point x="222" y="78"/><point x="222" y="94"/><point x="38" y="94"/></area><area refid="cff679be-788c-4bc2-8e82-0d3a06c59771" refElementId="cff679be-788c-4bc2-8e82-0d3a06c59771" name="String Tagged Value" shape="rect" type="0" isNotContentShape="false"><point x="38" y="93"/><point x="222" y="93"/><point x="222" y="274"/><point x="38" y="274"/></area><area refid="a4b59ba6-1cbb-4604-8968-efb261dd2c5d" refElementId="a4b59ba6-1cbb-4604-8968-efb261dd2c5d" name="Requirement 10. Use of aggregation" shape="rect" type="0" isNotContentShape="false"><point x="35" y="42"/><point x="225" y="42"/><point x="225" y="280"/><point x="35" y="280"/></area></map><report_appliedStereotype_tags humanName="Applied Stereotype" requireSort="element" mode="s,e"><stereotype refid="b9f6a957-5548-461e-be76-365995bc6416" refElementId="b9f6a957-5548-461e-be76-365995bc6416" humanType="Stereotype" classType="Stereotype" name="DiagramInfo" icon="StyleGuide_files/icon_stereotype_726025092.jpg"><property requireSort="name" refid="dd7bc4cc-0c40-4124-a884-4bc4a6dd6f11" refElementId="dd7bc4cc-0c40-4124-a884-4bc4a6dd6f11" humanType="Property" classType="Property" name="Author" icon="StyleGuide_files/icon_property_1714208984.jpg" humanName="Author"><String>sean.walker.SB</String></property><property requireSort="name" refid="6e8f87c9-84ac-4065-be02-1dae530f6a58" refElementId="6e8f87c9-84ac-4065-be02-1dae530f6a58" humanType="Property" classType="Property" name="base_Diagram" icon="StyleGuide_files/icon_property_1714208984.jpg" humanName="Base_ Diagram"/><property requireSort="name" refid="fec932b2-935e-42e4-ace0-fe8562104a7c" refElementId="fec932b2-935e-42e4-ace0-fe8562104a7c" humanType="Property" classType="Property" name="base_Element" icon="StyleGuide_files/icon_property_1714208984.jpg" humanName="Base_ Element"/><property requireSort="name" refid="9528adeb-d572-4251-bbc4-69182c7ffb6d" refElementId="9528adeb-d572-4251-bbc4-69182c7ffb6d" humanType="Property" classType="Property" name="Creation date" icon="StyleGuide_files/icon_property_1714208984.jpg" humanName="Creation Date"><String>8/16/24, 12:58 PM</String></property><property requireSort="name" refid="720a86fd-e310-48b2-9966-9ba79583dc71" refElementId="720a86fd-e310-48b2-9966-9ba79583dc71" humanType="Property" classType="Property" name="Last modified by" icon="StyleGuide_files/icon_property_1714208984.jpg" humanName="Last modified by"><String>david.mackay.SB</String></property><property requireSort="name" refid="13d0da35-25b5-490b-bbaa-d7db3f049841" refElementId="13d0da35-25b5-490b-bbaa-d7db3f049841" humanType="Property" classType="Property" name="Modification date" icon="StyleGuide_files/icon_property_1714208984.jpg" humanName="Modification Date"><String>10/22/24, 1:01 PM</String></property></stereotype></report_appliedStereotype_tags></diagram></magicdraw>