<?xml version='1.0' encoding='UTF-8'?><magicdraw><block id="13a843de-16b9-460d-b629-ee3ff5d9182f" refElementId="13a843de-16b9-460d-b629-ee3ff5d9182f" humanType="Block" classType="Class" requireSort="node" icon="StyleGuide_files/icon_block_115264500.jpg"><visibility humanName="Visibility">public</visibility><usedAsType humanName="Used As Type"><partproperty refid="9bd84ff6-62ed-4b3b-9a8f-4d4453a69de2" refElementId="9bd84ff6-62ed-4b3b-9a8f-4d4453a69de2" humanType="Part Property" classType="Property" name="part" icon="StyleGuide_files/icon_partproperty_725017177.jpg"/></usedAsType><qualifiedName humanName="Qualified Name" mode="e">AFLCMC Style Guide Rules::AFLCMC Rule Examples::10. Use of aggregation::Part</qualifiedName><package refid="1e1bb8e4-0870-4415-8302-3a4e0de8ced1" refElementId="1e1bb8e4-0870-4415-8302-3a4e0de8ced1" humanType="Package" classType="Package" name="10. Use of aggregation" hasDiagram="true" icon="StyleGuide_files/icon_package_1704329166.jpg" humanName="Package"/><owningPackage refid="1e1bb8e4-0870-4415-8302-3a4e0de8ced1" refElementId="1e1bb8e4-0870-4415-8302-3a4e0de8ced1" humanType="Package" classType="Package" name="10. Use of aggregation" hasDiagram="true" icon="StyleGuide_files/icon_package_1704329166.jpg" humanName="Owning Package"/><owner refid="1e1bb8e4-0870-4415-8302-3a4e0de8ced1" refElementId="1e1bb8e4-0870-4415-8302-3a4e0de8ced1" humanType="Package" classType="Package" name="10. Use of aggregation" hasDiagram="true" icon="StyleGuide_files/icon_package_1704329166.jpg" humanName="Owner" mode="s,e"/><namespace refid="1e1bb8e4-0870-4415-8302-3a4e0de8ced1" refElementId="1e1bb8e4-0870-4415-8302-3a4e0de8ced1" humanType="Package" classType="Package" name="10. Use of aggregation" hasDiagram="true" icon="StyleGuide_files/icon_package_1704329166.jpg" humanName="Namespace"/><name humanName="Name" mode="s,e">Part</name><isLeaf humanName="Is Leaf">false</isLeaf><isFinalSpecialization humanName="Is Final Specialization">false</isFinalSpecialization><isActive humanName="Is Active" mode="e">false</isActive><isAbstract humanName="Is Abstract">false</isAbstract><effectiveIRI humanName="Effective IRI">NA</effectiveIRI><documentation humanName="Documentation">NA</documentation><derivedExplanation humanName="Derived Explanation">NA</derivedExplanation><appliedStereotype humanName="Applied Stereotype" mode="e"><stereotype refid="2a4f4cbc-9ea6-4f20-b409-6716a55a9e59" refElementId="2a4f4cbc-9ea6-4f20-b409-6716a55a9e59" humanType="Stereotype" classType="Stereotype" name="Block" icon="StyleGuide_files/icon_stereotype_115264500.jpg"/></appliedStereotype><TO_DO humanName="To Do">NA</TO_DO><ActiveHyperlink humanName="Active Hyperlink">NA</ActiveHyperlink><report_appliedStereotype_tags humanName="Applied Stereotype" requireSort="element" mode="e"><stereotype refid="2a4f4cbc-9ea6-4f20-b409-6716a55a9e59" refElementId="2a4f4cbc-9ea6-4f20-b409-6716a55a9e59" humanType="Stereotype" classType="Stereotype" name="Block" icon="StyleGuide_files/icon_stereotype_115264500.jpg"><property requireSort="name" refid="bc7751b1-76b0-4daa-9db2-8f2e91343ae1" refElementId="bc7751b1-76b0-4daa-9db2-8f2e91343ae1" humanType="Property" classType="Property" name="base_Class" icon="StyleGuide_files/icon_property_1714208984.jpg" humanName="Base_ Class"/><property requireSort="name" refid="bcd3c93f-2a66-496e-b6e5-3c281bfca79a" refElementId="bcd3c93f-2a66-496e-b6e5-3c281bfca79a" humanType="Property" classType="Property" name="isEncapsulated" icon="StyleGuide_files/icon_property_1714208984.jpg" humanName="Is Encapsulated"/></stereotype></report_appliedStereotype_tags></block></magicdraw>