<?xml version='1.0' encoding='UTF-8'?><magicdraw><rationale id="163e609e-3788-4b43-a812-25df483750be" refElementId="163e609e-3788-4b43-a812-25df483750be" humanType="Rationale" classType="Comment" requireSort="node" icon="StyleGuide_files/icon_rationale_1252082738.jpg"><owningElement refid="30b0ef0a-3832-40ff-a0d6-395abe1156a3" refElementId="30b0ef0a-3832-40ff-a0d6-395abe1156a3" humanType="Requirement" classType="Class" name="5. References &amp; Citations" icon="StyleGuide_files/icon_requirement_1047273168.jpg" humanName="Owning Element"/><owner refid="30b0ef0a-3832-40ff-a0d6-395abe1156a3" refElementId="30b0ef0a-3832-40ff-a0d6-395abe1156a3" humanType="Requirement" classType="Class" name="5. References &amp; Citations" icon="StyleGuide_files/icon_requirement_1047273168.jpg" humanName="Owner" mode="s,e"/><documentation humanName="Documentation">NA</documentation><body humanName="Body" mode="s,e">Improves content understanding and reuse while allowing for uniqueness when new elements are introduced</body><appliedStereotype humanName="Applied Stereotype" mode="s,e"><stereotype refid="b8bdccbb-5972-4740-af73-7c1102b8e174" refElementId="b8bdccbb-5972-4740-af73-7c1102b8e174" humanType="Stereotype" classType="Stereotype" name="Rationale" icon="StyleGuide_files/icon_stereotype_1252082738.jpg"/></appliedStereotype><annotatedElement humanName="Annotated Element" mode="s,e"><requirement refid="30b0ef0a-3832-40ff-a0d6-395abe1156a3" refElementId="30b0ef0a-3832-40ff-a0d6-395abe1156a3" humanType="Requirement" classType="Class" name="5. References &amp; Citations" icon="StyleGuide_files/icon_requirement_1047273168.jpg"/><extendedrequirement refid="37ec1f76-fc58-4818-bb8c-ccc79bacf1b9" refElementId="37ec1f76-fc58-4818-bb8c-ccc79bacf1b9" humanType="Extended Requirement" classType="Class" name="5. References &amp; Citations" icon="StyleGuide_files/icon_extendedrequirement_2026253971.jpg"/></annotatedElement><TO_DO humanName="To Do" mode="s,e">NA</TO_DO><ActiveHyperlink humanName="Active Hyperlink">NA</ActiveHyperlink><report_appliedStereotype_tags humanName="Applied Stereotype" requireSort="element" mode="s,e"><stereotype refid="b8bdccbb-5972-4740-af73-7c1102b8e174" refElementId="b8bdccbb-5972-4740-af73-7c1102b8e174" humanType="Stereotype" classType="Stereotype" name="Rationale" icon="StyleGuide_files/icon_stereotype_1252082738.jpg"><property requireSort="name" refid="4081ac1c-ad9a-4728-ab04-2fc34bcdcba0" refElementId="4081ac1c-ad9a-4728-ab04-2fc34bcdcba0" humanType="Property" classType="Property" name="base_Comment" icon="StyleGuide_files/icon_property_1714208984.jpg" humanName="Base_ Comment"/></stereotype></report_appliedStereotype_tags></rationale></magicdraw>