<?xml version='1.0' encoding='UTF-8'?><magicdraw><package id="169ad86e-2d29-49c8-aedd-26aeac8d0151" refElementId="169ad86e-2d29-49c8-aedd-26aeac8d0151" humanType="Package" classType="Package" requireSort="node" icon="StyleGuide_files/icon_package_1704329166.jpg"><visibility humanName="Visibility">public</visibility><taggedValue humanName="Tagged Value"><stringtaggedvalue refid="8164ab2e-133c-4f64-86f2-2b809c46b169" refElementId="8164ab2e-133c-4f64-86f2-2b809c46b169" humanType="String Tagged Value" classType="StringTaggedValue" name="customNumberingData = &quot;Multi-levelɲɪɳtrueɲɪɳɲɪɳLCMCRule-ɲɪɳɲɪɳ28ɲɪɳc202dc2b-8793-4561-9de5-c05019ae2bfdɲɪɳ94a2d3e4-c3df-465e-9480-5c4389e63be1ɲɪɳ46184282-3425-45a0-82c5-65bf400b099dɲɪɳtrue&quot;" icon="StyleGuide_files/icon_stringtaggedvalue_907973731.jpg"/></taggedValue><qualifiedName humanName="Qualified Name" mode="e">AFLCMC Style Guide Rules</qualifiedName><packagedElement humanName="Packaged Element"><requirement refid="77ed7743-d9b0-4cef-8804-0da29d531817" refElementId="77ed7743-d9b0-4cef-8804-0da29d531817" humanType="Requirement" classType="Class" name="1. Top Level Diagram" icon="StyleGuide_files/icon_requirement_2037343960.jpg"/><requirement refid="7a794e1c-85ab-49d4-902e-1fe89de00014" refElementId="7a794e1c-85ab-49d4-902e-1fe89de00014" humanType="Requirement" classType="Class" name="2. Element Documentation" icon="StyleGuide_files/icon_requirement_2037343960.jpg"/><requirement refid="67ed9266-4566-4113-a45d-cf8fa11cd11b" refElementId="67ed9266-4566-4113-a45d-cf8fa11cd11b" humanType="Requirement" classType="Class" name="3. Use of Legends" icon="StyleGuide_files/icon_requirement_2037343960.jpg"/><requirement refid="8c940d2e-08c2-4351-91ba-835616be8bba" refElementId="8c940d2e-08c2-4351-91ba-835616be8bba" humanType="Requirement" classType="Class" name="4. Use of Common Terminology" icon="StyleGuide_files/icon_requirement_2037343960.jpg"/><requirement refid="30b0ef0a-3832-40ff-a0d6-395abe1156a3" refElementId="30b0ef0a-3832-40ff-a0d6-395abe1156a3" humanType="Requirement" classType="Class" name="5. References &amp; Citations" icon="StyleGuide_files/icon_requirement_2037343960.jpg"/><requirement refid="e3d07989-8e8e-4d14-bf4a-df9ee72a002b" refElementId="e3d07989-8e8e-4d14-bf4a-df9ee72a002b" humanType="Requirement" classType="Class" name="6. Model File Name" icon="StyleGuide_files/icon_requirement_2037343960.jpg"/><requirement refid="1bd7311f-b729-4aed-ba94-6fde97f78789" refElementId="1bd7311f-b729-4aed-ba94-6fde97f78789" humanType="Requirement" classType="Class" name="7. Model Element Naming Restriction" icon="StyleGuide_files/icon_requirement_2037343960.jpg"/><requirement refid="b38e4a04-c0e7-45bb-b79b-e90cd4cbe8c7" refElementId="b38e4a04-c0e7-45bb-b79b-e90cd4cbe8c7" humanType="Requirement" classType="Class" name="8. Model Element Naming" icon="StyleGuide_files/icon_requirement_2037343960.jpg"/><requirement refid="56ca7fde-a70f-4511-9b15-310220ae302e" refElementId="56ca7fde-a70f-4511-9b15-310220ae302e" humanType="Requirement" classType="Class" name="9. Use of acronyms" icon="StyleGuide_files/icon_requirement_2037343960.jpg"/><requirement refid="a4b59ba6-1cbb-4604-8968-efb261dd2c5d" refElementId="a4b59ba6-1cbb-4604-8968-efb261dd2c5d" humanType="Requirement" classType="Class" name="10. Use of aggregation" icon="StyleGuide_files/icon_requirement_2037343960.jpg"/><requirement refid="e8250292-95bb-42d0-82e8-6294f7813ffb" refElementId="e8250292-95bb-42d0-82e8-6294f7813ffb" humanType="Requirement" classType="Class" name="11. Use of multiplicity with associations" icon="StyleGuide_files/icon_requirement_2037343960.jpg"/><requirement refid="894aa88d-e742-46a4-bd06-d075d41d7c5b" refElementId="894aa88d-e742-46a4-bd06-d075d41d7c5b" humanType="Requirement" classType="Class" name="12. Model scope &amp; purpose" icon="StyleGuide_files/icon_requirement_2037343960.jpg"/><requirement refid="e10fa8b5-ae8e-4935-b7a3-70d71412fee3" refElementId="e10fa8b5-ae8e-4935-b7a3-70d71412fee3" humanType="Requirement" classType="Class" name="13. Model consistency " icon="StyleGuide_files/icon_requirement_2037343960.jpg"/><requirement refid="f02e3e6b-d015-42d5-b6cc-697570e6ba73" refElementId="f02e3e6b-d015-42d5-b6cc-697570e6ba73" humanType="Requirement" classType="Class" name="14. Boundary port names (deprecated)" icon="StyleGuide_files/icon_requirement_2037343960.jpg"/><requirement refid="12de4f6c-e92f-4435-8a33-787bf9aeea08" refElementId="12de4f6c-e92f-4435-8a33-787bf9aeea08" humanType="Requirement" classType="Class" name="15. Simulation instance names" icon="StyleGuide_files/icon_requirement_2037343960.jpg"/><requirement refid="0ce60e1b-2290-4eac-9088-12a7811a4ea7" refElementId="0ce60e1b-2290-4eac-9088-12a7811a4ea7" humanType="Requirement" classType="Class" name="16. Diagram classification marking" icon="StyleGuide_files/icon_requirement_2037343960.jpg"/><requirement refid="530a03a0-2a30-4696-aa5a-6d5914ad8c3a" refElementId="530a03a0-2a30-4696-aa5a-6d5914ad8c3a" humanType="Requirement" classType="Class" name="17. Model element reuse" icon="StyleGuide_files/icon_requirement_2037343960.jpg"/><requirement refid="96a8e3fc-9eb0-45d6-a0d1-598a5e98141d" refElementId="96a8e3fc-9eb0-45d6-a0d1-598a5e98141d" humanType="Requirement" classType="Class" name="18. System requirement links" icon="StyleGuide_files/icon_requirement_2037343960.jpg"/><requirement refid="86859c9a-865d-4609-81a0-3ee760572d03" refElementId="86859c9a-865d-4609-81a0-3ee760572d03" humanType="Requirement" classType="Class" name="19. Requirement Ownership" icon="StyleGuide_files/icon_requirement_2037343960.jpg"/><requirement refid="ada77cc5-a6e7-4d06-803d-6d077f23839b" refElementId="ada77cc5-a6e7-4d06-803d-6d077f23839b" humanType="Requirement" classType="Class" name="20. Parametric diagram flow" icon="StyleGuide_files/icon_requirement_2037343960.jpg"/><requirement refid="b1d701ee-ea99-406a-b374-0086652c0746" refElementId="b1d701ee-ea99-406a-b374-0086652c0746" humanType="Requirement" classType="Class" name="21. Actor interactions" icon="StyleGuide_files/icon_requirement_2037343960.jpg"/><requirement refid="49e960fd-bbed-4580-a057-b3b968a7f900" refElementId="49e960fd-bbed-4580-a057-b3b968a7f900" humanType="Requirement" classType="Class" name="22. Use Case Precondition" icon="StyleGuide_files/icon_requirement_2037343960.jpg"/><requirement refid="03023dba-2632-403a-bcbf-4acc70e243fe" refElementId="03023dba-2632-403a-bcbf-4acc70e243fe" humanType="Requirement" classType="Class" name="23. Use  Case Post-condition" icon="StyleGuide_files/icon_requirement_2037343960.jpg"/><requirement refid="a29a79a3-fd27-41f1-ab8e-742b23c646d1" refElementId="a29a79a3-fd27-41f1-ab8e-742b23c646d1" humanType="Requirement" classType="Class" name="24. Simulation" icon="StyleGuide_files/icon_requirement_2037343960.jpg"/><requirement refid="5515f626-9675-40b2-b708-c62523c4fe0b" refElementId="5515f626-9675-40b2-b708-c62523c4fe0b" humanType="Requirement" classType="Class" name="25. Time event annotation (deprecated)" icon="StyleGuide_files/icon_requirement_2037343960.jpg"/><requirement refid="399425b7-9467-475b-bbc0-a7e803d64225" refElementId="399425b7-9467-475b-bbc0-a7e803d64225" humanType="Requirement" classType="Class" name="26. Unique requirement Id" icon="StyleGuide_files/icon_requirement_2037343960.jpg"/><package refid="f4855656-0ec6-465b-84c2-748089f0b2f6" refElementId="f4855656-0ec6-465b-84c2-748089f0b2f6" humanType="Package" classType="Package" name="AFLCMC Rule Examples" icon="StyleGuide_files/icon_package_1704329166.jpg"/></packagedElement><owningPackage refid="2f94faf1-f329-462d-ab1c-a51cfec69335" refElementId="2f94faf1-f329-462d-ab1c-a51cfec69335" humanType="Model" classType="Model" name="AFLCMC Style Guide" icon="StyleGuide_files/icon_model_1438076523.jpg" humanName="Owning Package"/><owner refid="2f94faf1-f329-462d-ab1c-a51cfec69335" refElementId="2f94faf1-f329-462d-ab1c-a51cfec69335" humanType="Model" classType="Model" name="AFLCMC Style Guide" icon="StyleGuide_files/icon_model_1438076523.jpg" humanName="Owner" mode="s,e"/><ownedType humanName="Owned Type"><requirement refid="77ed7743-d9b0-4cef-8804-0da29d531817" refElementId="77ed7743-d9b0-4cef-8804-0da29d531817" humanType="Requirement" classType="Class" name="1. Top Level Diagram" icon="StyleGuide_files/icon_requirement_2037343960.jpg"/><requirement refid="7a794e1c-85ab-49d4-902e-1fe89de00014" refElementId="7a794e1c-85ab-49d4-902e-1fe89de00014" humanType="Requirement" classType="Class" name="2. Element Documentation" icon="StyleGuide_files/icon_requirement_2037343960.jpg"/><requirement refid="67ed9266-4566-4113-a45d-cf8fa11cd11b" refElementId="67ed9266-4566-4113-a45d-cf8fa11cd11b" humanType="Requirement" classType="Class" name="3. Use of Legends" icon="StyleGuide_files/icon_requirement_2037343960.jpg"/><requirement refid="8c940d2e-08c2-4351-91ba-835616be8bba" refElementId="8c940d2e-08c2-4351-91ba-835616be8bba" humanType="Requirement" classType="Class" name="4. Use of Common Terminology" icon="StyleGuide_files/icon_requirement_2037343960.jpg"/><requirement refid="30b0ef0a-3832-40ff-a0d6-395abe1156a3" refElementId="30b0ef0a-3832-40ff-a0d6-395abe1156a3" humanType="Requirement" classType="Class" name="5. References &amp; Citations" icon="StyleGuide_files/icon_requirement_2037343960.jpg"/><requirement refid="e3d07989-8e8e-4d14-bf4a-df9ee72a002b" refElementId="e3d07989-8e8e-4d14-bf4a-df9ee72a002b" humanType="Requirement" classType="Class" name="6. Model File Name" icon="StyleGuide_files/icon_requirement_2037343960.jpg"/><requirement refid="1bd7311f-b729-4aed-ba94-6fde97f78789" refElementId="1bd7311f-b729-4aed-ba94-6fde97f78789" humanType="Requirement" classType="Class" name="7. Model Element Naming Restriction" icon="StyleGuide_files/icon_requirement_2037343960.jpg"/><requirement refid="b38e4a04-c0e7-45bb-b79b-e90cd4cbe8c7" refElementId="b38e4a04-c0e7-45bb-b79b-e90cd4cbe8c7" humanType="Requirement" classType="Class" name="8. Model Element Naming" icon="StyleGuide_files/icon_requirement_2037343960.jpg"/><requirement refid="56ca7fde-a70f-4511-9b15-310220ae302e" refElementId="56ca7fde-a70f-4511-9b15-310220ae302e" humanType="Requirement" classType="Class" name="9. Use of acronyms" icon="StyleGuide_files/icon_requirement_2037343960.jpg"/><requirement refid="a4b59ba6-1cbb-4604-8968-efb261dd2c5d" refElementId="a4b59ba6-1cbb-4604-8968-efb261dd2c5d" humanType="Requirement" classType="Class" name="10. Use of aggregation" icon="StyleGuide_files/icon_requirement_2037343960.jpg"/><requirement refid="e8250292-95bb-42d0-82e8-6294f7813ffb" refElementId="e8250292-95bb-42d0-82e8-6294f7813ffb" humanType="Requirement" classType="Class" name="11. Use of multiplicity with associations" icon="StyleGuide_files/icon_requirement_2037343960.jpg"/><requirement refid="894aa88d-e742-46a4-bd06-d075d41d7c5b" refElementId="894aa88d-e742-46a4-bd06-d075d41d7c5b" humanType="Requirement" classType="Class" name="12. Model scope &amp; purpose" icon="StyleGuide_files/icon_requirement_2037343960.jpg"/><requirement refid="e10fa8b5-ae8e-4935-b7a3-70d71412fee3" refElementId="e10fa8b5-ae8e-4935-b7a3-70d71412fee3" humanType="Requirement" classType="Class" name="13. Model consistency " icon="StyleGuide_files/icon_requirement_2037343960.jpg"/><requirement refid="f02e3e6b-d015-42d5-b6cc-697570e6ba73" refElementId="f02e3e6b-d015-42d5-b6cc-697570e6ba73" humanType="Requirement" classType="Class" name="14. Boundary port names (deprecated)" icon="StyleGuide_files/icon_requirement_2037343960.jpg"/><requirement refid="12de4f6c-e92f-4435-8a33-787bf9aeea08" refElementId="12de4f6c-e92f-4435-8a33-787bf9aeea08" humanType="Requirement" classType="Class" name="15. Simulation instance names" icon="StyleGuide_files/icon_requirement_2037343960.jpg"/><requirement refid="0ce60e1b-2290-4eac-9088-12a7811a4ea7" refElementId="0ce60e1b-2290-4eac-9088-12a7811a4ea7" humanType="Requirement" classType="Class" name="16. Diagram classification marking" icon="StyleGuide_files/icon_requirement_2037343960.jpg"/><requirement refid="530a03a0-2a30-4696-aa5a-6d5914ad8c3a" refElementId="530a03a0-2a30-4696-aa5a-6d5914ad8c3a" humanType="Requirement" classType="Class" name="17. Model element reuse" icon="StyleGuide_files/icon_requirement_2037343960.jpg"/><requirement refid="96a8e3fc-9eb0-45d6-a0d1-598a5e98141d" refElementId="96a8e3fc-9eb0-45d6-a0d1-598a5e98141d" humanType="Requirement" classType="Class" name="18. System requirement links" icon="StyleGuide_files/icon_requirement_2037343960.jpg"/><requirement refid="86859c9a-865d-4609-81a0-3ee760572d03" refElementId="86859c9a-865d-4609-81a0-3ee760572d03" humanType="Requirement" classType="Class" name="19. Requirement Ownership" icon="StyleGuide_files/icon_requirement_2037343960.jpg"/><requirement refid="ada77cc5-a6e7-4d06-803d-6d077f23839b" refElementId="ada77cc5-a6e7-4d06-803d-6d077f23839b" humanType="Requirement" classType="Class" name="20. Parametric diagram flow" icon="StyleGuide_files/icon_requirement_2037343960.jpg"/><requirement refid="b1d701ee-ea99-406a-b374-0086652c0746" refElementId="b1d701ee-ea99-406a-b374-0086652c0746" humanType="Requirement" classType="Class" name="21. Actor interactions" icon="StyleGuide_files/icon_requirement_2037343960.jpg"/><requirement refid="49e960fd-bbed-4580-a057-b3b968a7f900" refElementId="49e960fd-bbed-4580-a057-b3b968a7f900" humanType="Requirement" classType="Class" name="22. Use Case Precondition" icon="StyleGuide_files/icon_requirement_2037343960.jpg"/><requirement refid="03023dba-2632-403a-bcbf-4acc70e243fe" refElementId="03023dba-2632-403a-bcbf-4acc70e243fe" humanType="Requirement" classType="Class" name="23. Use  Case Post-condition" icon="StyleGuide_files/icon_requirement_2037343960.jpg"/><requirement refid="a29a79a3-fd27-41f1-ab8e-742b23c646d1" refElementId="a29a79a3-fd27-41f1-ab8e-742b23c646d1" humanType="Requirement" classType="Class" name="24. Simulation" icon="StyleGuide_files/icon_requirement_2037343960.jpg"/><requirement refid="5515f626-9675-40b2-b708-c62523c4fe0b" refElementId="5515f626-9675-40b2-b708-c62523c4fe0b" humanType="Requirement" classType="Class" name="25. Time event annotation (deprecated)" icon="StyleGuide_files/icon_requirement_2037343960.jpg"/><requirement refid="399425b7-9467-475b-bbc0-a7e803d64225" refElementId="399425b7-9467-475b-bbc0-a7e803d64225" humanType="Requirement" classType="Class" name="26. Unique requirement Id" icon="StyleGuide_files/icon_requirement_2037343960.jpg"/></ownedType><ownedMember humanName="Owned Member"><requirement refid="77ed7743-d9b0-4cef-8804-0da29d531817" refElementId="77ed7743-d9b0-4cef-8804-0da29d531817" humanType="Requirement" classType="Class" name="1. Top Level Diagram" icon="StyleGuide_files/icon_requirement_2037343960.jpg"/><requirement refid="7a794e1c-85ab-49d4-902e-1fe89de00014" refElementId="7a794e1c-85ab-49d4-902e-1fe89de00014" humanType="Requirement" classType="Class" name="2. Element Documentation" icon="StyleGuide_files/icon_requirement_2037343960.jpg"/><requirement refid="67ed9266-4566-4113-a45d-cf8fa11cd11b" refElementId="67ed9266-4566-4113-a45d-cf8fa11cd11b" humanType="Requirement" classType="Class" name="3. Use of Legends" icon="StyleGuide_files/icon_requirement_2037343960.jpg"/><requirement refid="8c940d2e-08c2-4351-91ba-835616be8bba" refElementId="8c940d2e-08c2-4351-91ba-835616be8bba" humanType="Requirement" classType="Class" name="4. Use of Common Terminology" icon="StyleGuide_files/icon_requirement_2037343960.jpg"/><requirement refid="30b0ef0a-3832-40ff-a0d6-395abe1156a3" refElementId="30b0ef0a-3832-40ff-a0d6-395abe1156a3" humanType="Requirement" classType="Class" name="5. References &amp; Citations" icon="StyleGuide_files/icon_requirement_2037343960.jpg"/><requirement refid="e3d07989-8e8e-4d14-bf4a-df9ee72a002b" refElementId="e3d07989-8e8e-4d14-bf4a-df9ee72a002b" humanType="Requirement" classType="Class" name="6. Model File Name" icon="StyleGuide_files/icon_requirement_2037343960.jpg"/><requirement refid="1bd7311f-b729-4aed-ba94-6fde97f78789" refElementId="1bd7311f-b729-4aed-ba94-6fde97f78789" humanType="Requirement" classType="Class" name="7. Model Element Naming Restriction" icon="StyleGuide_files/icon_requirement_2037343960.jpg"/><requirement refid="b38e4a04-c0e7-45bb-b79b-e90cd4cbe8c7" refElementId="b38e4a04-c0e7-45bb-b79b-e90cd4cbe8c7" humanType="Requirement" classType="Class" name="8. Model Element Naming" icon="StyleGuide_files/icon_requirement_2037343960.jpg"/><requirement refid="56ca7fde-a70f-4511-9b15-310220ae302e" refElementId="56ca7fde-a70f-4511-9b15-310220ae302e" humanType="Requirement" classType="Class" name="9. Use of acronyms" icon="StyleGuide_files/icon_requirement_2037343960.jpg"/><requirement refid="a4b59ba6-1cbb-4604-8968-efb261dd2c5d" refElementId="a4b59ba6-1cbb-4604-8968-efb261dd2c5d" humanType="Requirement" classType="Class" name="10. Use of aggregation" icon="StyleGuide_files/icon_requirement_2037343960.jpg"/><requirement refid="e8250292-95bb-42d0-82e8-6294f7813ffb" refElementId="e8250292-95bb-42d0-82e8-6294f7813ffb" humanType="Requirement" classType="Class" name="11. Use of multiplicity with associations" icon="StyleGuide_files/icon_requirement_2037343960.jpg"/><requirement refid="894aa88d-e742-46a4-bd06-d075d41d7c5b" refElementId="894aa88d-e742-46a4-bd06-d075d41d7c5b" humanType="Requirement" classType="Class" name="12. Model scope &amp; purpose" icon="StyleGuide_files/icon_requirement_2037343960.jpg"/><requirement refid="e10fa8b5-ae8e-4935-b7a3-70d71412fee3" refElementId="e10fa8b5-ae8e-4935-b7a3-70d71412fee3" humanType="Requirement" classType="Class" name="13. Model consistency " icon="StyleGuide_files/icon_requirement_2037343960.jpg"/><requirement refid="f02e3e6b-d015-42d5-b6cc-697570e6ba73" refElementId="f02e3e6b-d015-42d5-b6cc-697570e6ba73" humanType="Requirement" classType="Class" name="14. Boundary port names (deprecated)" icon="StyleGuide_files/icon_requirement_2037343960.jpg"/><requirement refid="12de4f6c-e92f-4435-8a33-787bf9aeea08" refElementId="12de4f6c-e92f-4435-8a33-787bf9aeea08" humanType="Requirement" classType="Class" name="15. Simulation instance names" icon="StyleGuide_files/icon_requirement_2037343960.jpg"/><requirement refid="0ce60e1b-2290-4eac-9088-12a7811a4ea7" refElementId="0ce60e1b-2290-4eac-9088-12a7811a4ea7" humanType="Requirement" classType="Class" name="16. Diagram classification marking" icon="StyleGuide_files/icon_requirement_2037343960.jpg"/><requirement refid="530a03a0-2a30-4696-aa5a-6d5914ad8c3a" refElementId="530a03a0-2a30-4696-aa5a-6d5914ad8c3a" humanType="Requirement" classType="Class" name="17. Model element reuse" icon="StyleGuide_files/icon_requirement_2037343960.jpg"/><requirement refid="96a8e3fc-9eb0-45d6-a0d1-598a5e98141d" refElementId="96a8e3fc-9eb0-45d6-a0d1-598a5e98141d" humanType="Requirement" classType="Class" name="18. System requirement links" icon="StyleGuide_files/icon_requirement_2037343960.jpg"/><requirement refid="86859c9a-865d-4609-81a0-3ee760572d03" refElementId="86859c9a-865d-4609-81a0-3ee760572d03" humanType="Requirement" classType="Class" name="19. Requirement Ownership" icon="StyleGuide_files/icon_requirement_2037343960.jpg"/><requirement refid="ada77cc5-a6e7-4d06-803d-6d077f23839b" refElementId="ada77cc5-a6e7-4d06-803d-6d077f23839b" humanType="Requirement" classType="Class" name="20. Parametric diagram flow" icon="StyleGuide_files/icon_requirement_2037343960.jpg"/><requirement refid="b1d701ee-ea99-406a-b374-0086652c0746" refElementId="b1d701ee-ea99-406a-b374-0086652c0746" humanType="Requirement" classType="Class" name="21. Actor interactions" icon="StyleGuide_files/icon_requirement_2037343960.jpg"/><requirement refid="49e960fd-bbed-4580-a057-b3b968a7f900" refElementId="49e960fd-bbed-4580-a057-b3b968a7f900" humanType="Requirement" classType="Class" name="22. Use Case Precondition" icon="StyleGuide_files/icon_requirement_2037343960.jpg"/><requirement refid="03023dba-2632-403a-bcbf-4acc70e243fe" refElementId="03023dba-2632-403a-bcbf-4acc70e243fe" humanType="Requirement" classType="Class" name="23. Use  Case Post-condition" icon="StyleGuide_files/icon_requirement_2037343960.jpg"/><requirement refid="a29a79a3-fd27-41f1-ab8e-742b23c646d1" refElementId="a29a79a3-fd27-41f1-ab8e-742b23c646d1" humanType="Requirement" classType="Class" name="24. Simulation" icon="StyleGuide_files/icon_requirement_2037343960.jpg"/><requirement refid="5515f626-9675-40b2-b708-c62523c4fe0b" refElementId="5515f626-9675-40b2-b708-c62523c4fe0b" humanType="Requirement" classType="Class" name="25. Time event annotation (deprecated)" icon="StyleGuide_files/icon_requirement_2037343960.jpg"/><requirement refid="399425b7-9467-475b-bbc0-a7e803d64225" refElementId="399425b7-9467-475b-bbc0-a7e803d64225" humanType="Requirement" classType="Class" name="26. Unique requirement Id" icon="StyleGuide_files/icon_requirement_2037343960.jpg"/><package refid="f4855656-0ec6-465b-84c2-748089f0b2f6" refElementId="f4855656-0ec6-465b-84c2-748089f0b2f6" humanType="Package" classType="Package" name="AFLCMC Rule Examples" icon="StyleGuide_files/icon_package_1704329166.jpg"/><diagram refid="62aacca0-df11-4cf4-aca3-2aebc018b3b6" refElementId="62aacca0-df11-4cf4-aca3-2aebc018b3b6" humanType="Diagram" classType="Diagram" name="AFLCMC Rules" diagramType="Requirement Diagram" icon="StyleGuide_files/icon_Requirement Diagram_2106817840.jpg"/><diagram refid="1cde8116-80ef-41cf-9746-edb33feeec50" refElementId="1cde8116-80ef-41cf-9746-edb33feeec50" humanType="Diagram" classType="Diagram" name="AFLCMC Rules" diagramType="Requirement Table" icon="StyleGuide_files/icon_Requirement Table_756617340.jpg"/></ownedMember><ownedElement humanName="Owned Element"><stringtaggedvalue refid="8164ab2e-133c-4f64-86f2-2b809c46b169" refElementId="8164ab2e-133c-4f64-86f2-2b809c46b169" humanType="String Tagged Value" classType="StringTaggedValue" name="customNumberingData = &quot;Multi-levelɲɪɳtrueɲɪɳɲɪɳLCMCRule-ɲɪɳɲɪɳ28ɲɪɳc202dc2b-8793-4561-9de5-c05019ae2bfdɲɪɳ94a2d3e4-c3df-465e-9480-5c4389e63be1ɲɪɳ46184282-3425-45a0-82c5-65bf400b099dɲɪɳtrue&quot;" icon="StyleGuide_files/icon_stringtaggedvalue_907973731.jpg"/><requirement refid="77ed7743-d9b0-4cef-8804-0da29d531817" refElementId="77ed7743-d9b0-4cef-8804-0da29d531817" humanType="Requirement" classType="Class" name="1. Top Level Diagram" icon="StyleGuide_files/icon_requirement_2037343960.jpg"/><requirement refid="7a794e1c-85ab-49d4-902e-1fe89de00014" refElementId="7a794e1c-85ab-49d4-902e-1fe89de00014" humanType="Requirement" classType="Class" name="2. Element Documentation" icon="StyleGuide_files/icon_requirement_2037343960.jpg"/><requirement refid="67ed9266-4566-4113-a45d-cf8fa11cd11b" refElementId="67ed9266-4566-4113-a45d-cf8fa11cd11b" humanType="Requirement" classType="Class" name="3. Use of Legends" icon="StyleGuide_files/icon_requirement_2037343960.jpg"/><requirement refid="8c940d2e-08c2-4351-91ba-835616be8bba" refElementId="8c940d2e-08c2-4351-91ba-835616be8bba" humanType="Requirement" classType="Class" name="4. Use of Common Terminology" icon="StyleGuide_files/icon_requirement_2037343960.jpg"/><requirement refid="30b0ef0a-3832-40ff-a0d6-395abe1156a3" refElementId="30b0ef0a-3832-40ff-a0d6-395abe1156a3" humanType="Requirement" classType="Class" name="5. References &amp; Citations" icon="StyleGuide_files/icon_requirement_2037343960.jpg"/><requirement refid="e3d07989-8e8e-4d14-bf4a-df9ee72a002b" refElementId="e3d07989-8e8e-4d14-bf4a-df9ee72a002b" humanType="Requirement" classType="Class" name="6. Model File Name" icon="StyleGuide_files/icon_requirement_2037343960.jpg"/><requirement refid="1bd7311f-b729-4aed-ba94-6fde97f78789" refElementId="1bd7311f-b729-4aed-ba94-6fde97f78789" humanType="Requirement" classType="Class" name="7. Model Element Naming Restriction" icon="StyleGuide_files/icon_requirement_2037343960.jpg"/><requirement refid="b38e4a04-c0e7-45bb-b79b-e90cd4cbe8c7" refElementId="b38e4a04-c0e7-45bb-b79b-e90cd4cbe8c7" humanType="Requirement" classType="Class" name="8. Model Element Naming" icon="StyleGuide_files/icon_requirement_2037343960.jpg"/><requirement refid="56ca7fde-a70f-4511-9b15-310220ae302e" refElementId="56ca7fde-a70f-4511-9b15-310220ae302e" humanType="Requirement" classType="Class" name="9. Use of acronyms" icon="StyleGuide_files/icon_requirement_2037343960.jpg"/><requirement refid="a4b59ba6-1cbb-4604-8968-efb261dd2c5d" refElementId="a4b59ba6-1cbb-4604-8968-efb261dd2c5d" humanType="Requirement" classType="Class" name="10. Use of aggregation" icon="StyleGuide_files/icon_requirement_2037343960.jpg"/><requirement refid="e8250292-95bb-42d0-82e8-6294f7813ffb" refElementId="e8250292-95bb-42d0-82e8-6294f7813ffb" humanType="Requirement" classType="Class" name="11. Use of multiplicity with associations" icon="StyleGuide_files/icon_requirement_2037343960.jpg"/><requirement refid="894aa88d-e742-46a4-bd06-d075d41d7c5b" refElementId="894aa88d-e742-46a4-bd06-d075d41d7c5b" humanType="Requirement" classType="Class" name="12. Model scope &amp; purpose" icon="StyleGuide_files/icon_requirement_2037343960.jpg"/><requirement refid="e10fa8b5-ae8e-4935-b7a3-70d71412fee3" refElementId="e10fa8b5-ae8e-4935-b7a3-70d71412fee3" humanType="Requirement" classType="Class" name="13. Model consistency " icon="StyleGuide_files/icon_requirement_2037343960.jpg"/><requirement refid="f02e3e6b-d015-42d5-b6cc-697570e6ba73" refElementId="f02e3e6b-d015-42d5-b6cc-697570e6ba73" humanType="Requirement" classType="Class" name="14. Boundary port names (deprecated)" icon="StyleGuide_files/icon_requirement_2037343960.jpg"/><requirement refid="12de4f6c-e92f-4435-8a33-787bf9aeea08" refElementId="12de4f6c-e92f-4435-8a33-787bf9aeea08" humanType="Requirement" classType="Class" name="15. Simulation instance names" icon="StyleGuide_files/icon_requirement_2037343960.jpg"/><requirement refid="0ce60e1b-2290-4eac-9088-12a7811a4ea7" refElementId="0ce60e1b-2290-4eac-9088-12a7811a4ea7" humanType="Requirement" classType="Class" name="16. Diagram classification marking" icon="StyleGuide_files/icon_requirement_2037343960.jpg"/><requirement refid="530a03a0-2a30-4696-aa5a-6d5914ad8c3a" refElementId="530a03a0-2a30-4696-aa5a-6d5914ad8c3a" humanType="Requirement" classType="Class" name="17. Model element reuse" icon="StyleGuide_files/icon_requirement_2037343960.jpg"/><requirement refid="96a8e3fc-9eb0-45d6-a0d1-598a5e98141d" refElementId="96a8e3fc-9eb0-45d6-a0d1-598a5e98141d" humanType="Requirement" classType="Class" name="18. System requirement links" icon="StyleGuide_files/icon_requirement_2037343960.jpg"/><requirement refid="86859c9a-865d-4609-81a0-3ee760572d03" refElementId="86859c9a-865d-4609-81a0-3ee760572d03" humanType="Requirement" classType="Class" name="19. Requirement Ownership" icon="StyleGuide_files/icon_requirement_2037343960.jpg"/><requirement refid="ada77cc5-a6e7-4d06-803d-6d077f23839b" refElementId="ada77cc5-a6e7-4d06-803d-6d077f23839b" humanType="Requirement" classType="Class" name="20. Parametric diagram flow" icon="StyleGuide_files/icon_requirement_2037343960.jpg"/><requirement refid="b1d701ee-ea99-406a-b374-0086652c0746" refElementId="b1d701ee-ea99-406a-b374-0086652c0746" humanType="Requirement" classType="Class" name="21. Actor interactions" icon="StyleGuide_files/icon_requirement_2037343960.jpg"/><requirement refid="49e960fd-bbed-4580-a057-b3b968a7f900" refElementId="49e960fd-bbed-4580-a057-b3b968a7f900" humanType="Requirement" classType="Class" name="22. Use Case Precondition" icon="StyleGuide_files/icon_requirement_2037343960.jpg"/><requirement refid="03023dba-2632-403a-bcbf-4acc70e243fe" refElementId="03023dba-2632-403a-bcbf-4acc70e243fe" humanType="Requirement" classType="Class" name="23. Use  Case Post-condition" icon="StyleGuide_files/icon_requirement_2037343960.jpg"/><requirement refid="a29a79a3-fd27-41f1-ab8e-742b23c646d1" refElementId="a29a79a3-fd27-41f1-ab8e-742b23c646d1" humanType="Requirement" classType="Class" name="24. Simulation" icon="StyleGuide_files/icon_requirement_2037343960.jpg"/><requirement refid="5515f626-9675-40b2-b708-c62523c4fe0b" refElementId="5515f626-9675-40b2-b708-c62523c4fe0b" humanType="Requirement" classType="Class" name="25. Time event annotation (deprecated)" icon="StyleGuide_files/icon_requirement_2037343960.jpg"/><requirement refid="399425b7-9467-475b-bbc0-a7e803d64225" refElementId="399425b7-9467-475b-bbc0-a7e803d64225" humanType="Requirement" classType="Class" name="26. Unique requirement Id" icon="StyleGuide_files/icon_requirement_2037343960.jpg"/><package refid="f4855656-0ec6-465b-84c2-748089f0b2f6" refElementId="f4855656-0ec6-465b-84c2-748089f0b2f6" humanType="Package" classType="Package" name="AFLCMC Rule Examples" icon="StyleGuide_files/icon_package_1704329166.jpg"/><diagram refid="62aacca0-df11-4cf4-aca3-2aebc018b3b6" refElementId="62aacca0-df11-4cf4-aca3-2aebc018b3b6" humanType="Diagram" classType="Diagram" name="AFLCMC Rules" diagramType="Requirement Diagram" icon="StyleGuide_files/icon_Requirement Diagram_2106817840.jpg"/><diagram refid="1cde8116-80ef-41cf-9746-edb33feeec50" refElementId="1cde8116-80ef-41cf-9746-edb33feeec50" humanType="Diagram" classType="Diagram" name="AFLCMC Rules" diagramType="Requirement Table" icon="StyleGuide_files/icon_Requirement Table_756617340.jpg"/></ownedElement><ownedDiagram humanName="Owned Diagram"><diagram refid="62aacca0-df11-4cf4-aca3-2aebc018b3b6" refElementId="62aacca0-df11-4cf4-aca3-2aebc018b3b6" humanType="Diagram" classType="Diagram" name="AFLCMC Rules" diagramType="Requirement Diagram" icon="StyleGuide_files/icon_Requirement Diagram_2106817840.jpg"/><diagram refid="1cde8116-80ef-41cf-9746-edb33feeec50" refElementId="1cde8116-80ef-41cf-9746-edb33feeec50" humanType="Diagram" classType="Diagram" name="AFLCMC Rules" diagramType="Requirement Table" icon="StyleGuide_files/icon_Requirement Table_756617340.jpg"/></ownedDiagram><nestingPackage refid="2f94faf1-f329-462d-ab1c-a51cfec69335" refElementId="2f94faf1-f329-462d-ab1c-a51cfec69335" humanType="Model" classType="Model" name="AFLCMC Style Guide" icon="StyleGuide_files/icon_model_1438076523.jpg" humanName="Nesting Package"/><nestedPackage humanName="Nested Package"><package refid="f4855656-0ec6-465b-84c2-748089f0b2f6" refElementId="f4855656-0ec6-465b-84c2-748089f0b2f6" humanType="Package" classType="Package" name="AFLCMC Rule Examples" icon="StyleGuide_files/icon_package_1704329166.jpg"/></nestedPackage><namespace refid="2f94faf1-f329-462d-ab1c-a51cfec69335" refElementId="2f94faf1-f329-462d-ab1c-a51cfec69335" humanType="Model" classType="Model" name="AFLCMC Style Guide" icon="StyleGuide_files/icon_model_1438076523.jpg" humanName="Namespace"/><name humanName="Name" mode="s,e">AFLCMC Style Guide Rules</name><member humanName="Member"><requirement refid="77ed7743-d9b0-4cef-8804-0da29d531817" refElementId="77ed7743-d9b0-4cef-8804-0da29d531817" humanType="Requirement" classType="Class" name="1. Top Level Diagram" icon="StyleGuide_files/icon_requirement_2037343960.jpg"/><requirement refid="7a794e1c-85ab-49d4-902e-1fe89de00014" refElementId="7a794e1c-85ab-49d4-902e-1fe89de00014" humanType="Requirement" classType="Class" name="2. Element Documentation" icon="StyleGuide_files/icon_requirement_2037343960.jpg"/><requirement refid="67ed9266-4566-4113-a45d-cf8fa11cd11b" refElementId="67ed9266-4566-4113-a45d-cf8fa11cd11b" humanType="Requirement" classType="Class" name="3. Use of Legends" icon="StyleGuide_files/icon_requirement_2037343960.jpg"/><requirement refid="8c940d2e-08c2-4351-91ba-835616be8bba" refElementId="8c940d2e-08c2-4351-91ba-835616be8bba" humanType="Requirement" classType="Class" name="4. Use of Common Terminology" icon="StyleGuide_files/icon_requirement_2037343960.jpg"/><requirement refid="30b0ef0a-3832-40ff-a0d6-395abe1156a3" refElementId="30b0ef0a-3832-40ff-a0d6-395abe1156a3" humanType="Requirement" classType="Class" name="5. References &amp; Citations" icon="StyleGuide_files/icon_requirement_2037343960.jpg"/><requirement refid="e3d07989-8e8e-4d14-bf4a-df9ee72a002b" refElementId="e3d07989-8e8e-4d14-bf4a-df9ee72a002b" humanType="Requirement" classType="Class" name="6. Model File Name" icon="StyleGuide_files/icon_requirement_2037343960.jpg"/><requirement refid="1bd7311f-b729-4aed-ba94-6fde97f78789" refElementId="1bd7311f-b729-4aed-ba94-6fde97f78789" humanType="Requirement" classType="Class" name="7. Model Element Naming Restriction" icon="StyleGuide_files/icon_requirement_2037343960.jpg"/><requirement refid="b38e4a04-c0e7-45bb-b79b-e90cd4cbe8c7" refElementId="b38e4a04-c0e7-45bb-b79b-e90cd4cbe8c7" humanType="Requirement" classType="Class" name="8. Model Element Naming" icon="StyleGuide_files/icon_requirement_2037343960.jpg"/><requirement refid="56ca7fde-a70f-4511-9b15-310220ae302e" refElementId="56ca7fde-a70f-4511-9b15-310220ae302e" humanType="Requirement" classType="Class" name="9. Use of acronyms" icon="StyleGuide_files/icon_requirement_2037343960.jpg"/><requirement refid="a4b59ba6-1cbb-4604-8968-efb261dd2c5d" refElementId="a4b59ba6-1cbb-4604-8968-efb261dd2c5d" humanType="Requirement" classType="Class" name="10. Use of aggregation" icon="StyleGuide_files/icon_requirement_2037343960.jpg"/><requirement refid="e8250292-95bb-42d0-82e8-6294f7813ffb" refElementId="e8250292-95bb-42d0-82e8-6294f7813ffb" humanType="Requirement" classType="Class" name="11. Use of multiplicity with associations" icon="StyleGuide_files/icon_requirement_2037343960.jpg"/><requirement refid="894aa88d-e742-46a4-bd06-d075d41d7c5b" refElementId="894aa88d-e742-46a4-bd06-d075d41d7c5b" humanType="Requirement" classType="Class" name="12. Model scope &amp; purpose" icon="StyleGuide_files/icon_requirement_2037343960.jpg"/><requirement refid="e10fa8b5-ae8e-4935-b7a3-70d71412fee3" refElementId="e10fa8b5-ae8e-4935-b7a3-70d71412fee3" humanType="Requirement" classType="Class" name="13. Model consistency " icon="StyleGuide_files/icon_requirement_2037343960.jpg"/><requirement refid="f02e3e6b-d015-42d5-b6cc-697570e6ba73" refElementId="f02e3e6b-d015-42d5-b6cc-697570e6ba73" humanType="Requirement" classType="Class" name="14. Boundary port names (deprecated)" icon="StyleGuide_files/icon_requirement_2037343960.jpg"/><requirement refid="12de4f6c-e92f-4435-8a33-787bf9aeea08" refElementId="12de4f6c-e92f-4435-8a33-787bf9aeea08" humanType="Requirement" classType="Class" name="15. Simulation instance names" icon="StyleGuide_files/icon_requirement_2037343960.jpg"/><requirement refid="0ce60e1b-2290-4eac-9088-12a7811a4ea7" refElementId="0ce60e1b-2290-4eac-9088-12a7811a4ea7" humanType="Requirement" classType="Class" name="16. Diagram classification marking" icon="StyleGuide_files/icon_requirement_2037343960.jpg"/><requirement refid="530a03a0-2a30-4696-aa5a-6d5914ad8c3a" refElementId="530a03a0-2a30-4696-aa5a-6d5914ad8c3a" humanType="Requirement" classType="Class" name="17. Model element reuse" icon="StyleGuide_files/icon_requirement_2037343960.jpg"/><requirement refid="96a8e3fc-9eb0-45d6-a0d1-598a5e98141d" refElementId="96a8e3fc-9eb0-45d6-a0d1-598a5e98141d" humanType="Requirement" classType="Class" name="18. System requirement links" icon="StyleGuide_files/icon_requirement_2037343960.jpg"/><requirement refid="86859c9a-865d-4609-81a0-3ee760572d03" refElementId="86859c9a-865d-4609-81a0-3ee760572d03" humanType="Requirement" classType="Class" name="19. Requirement Ownership" icon="StyleGuide_files/icon_requirement_2037343960.jpg"/><requirement refid="ada77cc5-a6e7-4d06-803d-6d077f23839b" refElementId="ada77cc5-a6e7-4d06-803d-6d077f23839b" humanType="Requirement" classType="Class" name="20. Parametric diagram flow" icon="StyleGuide_files/icon_requirement_2037343960.jpg"/><requirement refid="b1d701ee-ea99-406a-b374-0086652c0746" refElementId="b1d701ee-ea99-406a-b374-0086652c0746" humanType="Requirement" classType="Class" name="21. Actor interactions" icon="StyleGuide_files/icon_requirement_2037343960.jpg"/><requirement refid="49e960fd-bbed-4580-a057-b3b968a7f900" refElementId="49e960fd-bbed-4580-a057-b3b968a7f900" humanType="Requirement" classType="Class" name="22. Use Case Precondition" icon="StyleGuide_files/icon_requirement_2037343960.jpg"/><requirement refid="03023dba-2632-403a-bcbf-4acc70e243fe" refElementId="03023dba-2632-403a-bcbf-4acc70e243fe" humanType="Requirement" classType="Class" name="23. Use  Case Post-condition" icon="StyleGuide_files/icon_requirement_2037343960.jpg"/><requirement refid="a29a79a3-fd27-41f1-ab8e-742b23c646d1" refElementId="a29a79a3-fd27-41f1-ab8e-742b23c646d1" humanType="Requirement" classType="Class" name="24. Simulation" icon="StyleGuide_files/icon_requirement_2037343960.jpg"/><requirement refid="5515f626-9675-40b2-b708-c62523c4fe0b" refElementId="5515f626-9675-40b2-b708-c62523c4fe0b" humanType="Requirement" classType="Class" name="25. Time event annotation (deprecated)" icon="StyleGuide_files/icon_requirement_2037343960.jpg"/><requirement refid="399425b7-9467-475b-bbc0-a7e803d64225" refElementId="399425b7-9467-475b-bbc0-a7e803d64225" humanType="Requirement" classType="Class" name="26. Unique requirement Id" icon="StyleGuide_files/icon_requirement_2037343960.jpg"/><package refid="f4855656-0ec6-465b-84c2-748089f0b2f6" refElementId="f4855656-0ec6-465b-84c2-748089f0b2f6" humanType="Package" classType="Package" name="AFLCMC Rule Examples" icon="StyleGuide_files/icon_package_1704329166.jpg"/><diagram refid="62aacca0-df11-4cf4-aca3-2aebc018b3b6" refElementId="62aacca0-df11-4cf4-aca3-2aebc018b3b6" humanType="Diagram" classType="Diagram" name="AFLCMC Rules" diagramType="Requirement Diagram" icon="StyleGuide_files/icon_Requirement Diagram_2106817840.jpg"/><diagram refid="1cde8116-80ef-41cf-9746-edb33feeec50" refElementId="1cde8116-80ef-41cf-9746-edb33feeec50" humanType="Diagram" classType="Diagram" name="AFLCMC Rules" diagramType="Requirement Table" icon="StyleGuide_files/icon_Requirement Table_756617340.jpg"/></member><documentation humanName="Documentation">NA</documentation><appliedStereotype humanName="Applied Stereotype" mode="s,e"><stereotype refid="de5f99d6-5b57-48ec-85d9-31a2f6757068" refElementId="de5f99d6-5b57-48ec-85d9-31a2f6757068" humanType="Stereotype" classType="Stereotype" name="NumberOwner" icon="StyleGuide_files/icon_stereotype_726025092.jpg"/></appliedStereotype><URI humanName="URI" mode="s,e">NA</URI><TO_DO humanName="To Do" mode="s,e">NA</TO_DO><ActiveHyperlink humanName="Active Hyperlink" mode="e">NA</ActiveHyperlink><report_appliedStereotype_tags humanName="Applied Stereotype" requireSort="element" mode="s,e"><stereotype refid="de5f99d6-5b57-48ec-85d9-31a2f6757068" refElementId="de5f99d6-5b57-48ec-85d9-31a2f6757068" humanType="Stereotype" classType="Stereotype" name="NumberOwner" icon="StyleGuide_files/icon_stereotype_726025092.jpg"><property requireSort="name" refid="07c46e38-6e4a-48ee-925c-ca3c64d10df0" refElementId="07c46e38-6e4a-48ee-925c-ca3c64d10df0" humanType="Property" classType="Property" name="base_Element" icon="StyleGuide_files/icon_property_1714208984.jpg" humanName="Base_ Element"/><property requireSort="name" refid="fec932b2-935e-42e4-ace0-fe8562104a7c" refElementId="fec932b2-935e-42e4-ace0-fe8562104a7c" humanType="Property" classType="Property" name="base_Element" icon="StyleGuide_files/icon_property_1714208984.jpg" humanName="Base_ Element"/><property requireSort="name" refid="38601506-080c-45a1-825e-043d4379c1fd" refElementId="38601506-080c-45a1-825e-043d4379c1fd" humanType="Property" classType="Property" name="customNumberingData" icon="StyleGuide_files/icon_property_1714208984.jpg" humanName="Custom Numbering Data"><String>Multi-levelɲɪɳtrueɲɪɳɲɪɳLCMCRule-ɲɪɳɲɪɳ28ɲɪɳc202dc2b-8793-4561-9de5-c05019ae2bfdɲɪɳ94a2d3e4-c3df-465e-9480-5c4389e63be1ɲɪɳ46184282-3425-45a0-82c5-65bf400b099dɲɪɳtrue</String></property></stereotype></report_appliedStereotype_tags></package></magicdraw>