<?xml version='1.0' encoding='UTF-8'?><magicdraw><diagram id="1a0111a4-07f3-4574-8ccd-6d661cd0f320" refElementId="1a0111a4-07f3-4574-8ccd-6d661cd0f320" humanType="Diagram" classType="Diagram" requireSort="node" icon="StyleGuide_files/icon_SysML Block Definition Diagram_503060400.jpg" diagramType="SysML Block Definition Diagram" src="StyleGuide_files/1a0111a4-07f3-4574-8ccd-6d661cd0f320.jpg"><visibility humanName="Visibility">public</visibility><taggedValue humanName="Tagged Value"><stringtaggedvalue refid="eca41d4e-f217-4496-8bb6-dd172da8a1b4" refElementId="eca41d4e-f217-4496-8bb6-dd172da8a1b4" humanType="String Tagged Value" classType="StringTaggedValue" name="Creation date = &quot;8/16/24, 12:58 PM&quot;" icon="StyleGuide_files/icon_stringtaggedvalue_907973731.jpg"/><stringtaggedvalue refid="55f98fcb-74f4-4667-bc70-9aab1fe9c620" refElementId="55f98fcb-74f4-4667-bc70-9aab1fe9c620" humanType="String Tagged Value" classType="StringTaggedValue" name="Modification date = &quot;10/24/24, 11:47 AM&quot;" icon="StyleGuide_files/icon_stringtaggedvalue_907973731.jpg"/><stringtaggedvalue refid="46e753ad-cd55-410a-9973-0606f64e17db" refElementId="46e753ad-cd55-410a-9973-0606f64e17db" humanType="String Tagged Value" classType="StringTaggedValue" name="Author = &quot;sean.walker.SB&quot;" icon="StyleGuide_files/icon_stringtaggedvalue_907973731.jpg"/><stringtaggedvalue refid="1f38015c-e9ef-482d-a0bc-df44a8558bfe" refElementId="1f38015c-e9ef-482d-a0bc-df44a8558bfe" humanType="String Tagged Value" classType="StringTaggedValue" name="Last modified by = &quot;david.mackay.SB&quot;" icon="StyleGuide_files/icon_stringtaggedvalue_907973731.jpg"/></taggedValue><qualifiedName humanName="Qualified Name" mode="e">AFLCMC Style Guide Rules::AFLCMC Rule Examples::13. Model consistency ::13. Model consistency </qualifiedName><ownerOfDiagram refid="0784f85d-8e1e-43f3-b50f-ad9e5ccb1fe6" refElementId="0784f85d-8e1e-43f3-b50f-ad9e5ccb1fe6" humanType="Package" classType="Package" name="13. Model consistency " hasDiagram="true" icon="StyleGuide_files/icon_package_1704329166.jpg" humanName="Owner Of Diagram"/><owner refid="0784f85d-8e1e-43f3-b50f-ad9e5ccb1fe6" refElementId="0784f85d-8e1e-43f3-b50f-ad9e5ccb1fe6" humanType="Package" classType="Package" name="13. Model consistency " hasDiagram="true" icon="StyleGuide_files/icon_package_1704329166.jpg" humanName="Owner" mode="s,e"/><ownedElement humanName="Owned Element"><stringtaggedvalue refid="eca41d4e-f217-4496-8bb6-dd172da8a1b4" refElementId="eca41d4e-f217-4496-8bb6-dd172da8a1b4" humanType="String Tagged Value" classType="StringTaggedValue" name="Creation date = &quot;8/16/24, 12:58 PM&quot;" icon="StyleGuide_files/icon_stringtaggedvalue_907973731.jpg"/><stringtaggedvalue refid="55f98fcb-74f4-4667-bc70-9aab1fe9c620" refElementId="55f98fcb-74f4-4667-bc70-9aab1fe9c620" humanType="String Tagged Value" classType="StringTaggedValue" name="Modification date = &quot;10/24/24, 11:47 AM&quot;" icon="StyleGuide_files/icon_stringtaggedvalue_907973731.jpg"/><stringtaggedvalue refid="46e753ad-cd55-410a-9973-0606f64e17db" refElementId="46e753ad-cd55-410a-9973-0606f64e17db" humanType="String Tagged Value" classType="StringTaggedValue" name="Author = &quot;sean.walker.SB&quot;" icon="StyleGuide_files/icon_stringtaggedvalue_907973731.jpg"/><stringtaggedvalue refid="1f38015c-e9ef-482d-a0bc-df44a8558bfe" refElementId="1f38015c-e9ef-482d-a0bc-df44a8558bfe" humanType="String Tagged Value" classType="StringTaggedValue" name="Last modified by = &quot;david.mackay.SB&quot;" icon="StyleGuide_files/icon_stringtaggedvalue_907973731.jpg"/></ownedElement><namespace refid="0784f85d-8e1e-43f3-b50f-ad9e5ccb1fe6" refElementId="0784f85d-8e1e-43f3-b50f-ad9e5ccb1fe6" humanType="Package" classType="Package" name="13. Model consistency " hasDiagram="true" icon="StyleGuide_files/icon_package_1704329166.jpg" humanName="Namespace"/><name humanName="Name" mode="s,e">13. Model consistency </name><documentation humanName="Documentation">NA</documentation><appliedStereotype humanName="Applied Stereotype" mode="s,e"><stereotype refid="b9f6a957-5548-461e-be76-365995bc6416" refElementId="b9f6a957-5548-461e-be76-365995bc6416" humanType="Stereotype" classType="Stereotype" name="DiagramInfo" icon="StyleGuide_files/icon_stereotype_726025092.jpg"/></appliedStereotype><TO_DO humanName="To Do" mode="s,e">NA</TO_DO><DIAGRAM_TYPE_DERIVED_PROPERTY humanName="Type">SysML Block Definition Diagram</DIAGRAM_TYPE_DERIVED_PROPERTY><ActiveHyperlink humanName="Active Hyperlink">NA</ActiveHyperlink><map><area refid="ca3387ef-8d73-4dba-91f1-4ed69900d6a2" refElementId="ca3387ef-8d73-4dba-91f1-4ed69900d6a2" name="Rationale" shape="rect" type="0" isNotContentShape="false"><point x="84" y="280"/><point x="185" y="280"/><point x="185" y="341"/><point x="84" y="341"/></area><area refid="08379554-3b2e-4b5a-9ec2-ae3851e4d59b" refElementId="08379554-3b2e-4b5a-9ec2-ae3851e4d59b" name="Block PB_J" shape="rect" type="0" isNotContentShape="false"><point x="315" y="259"/><point x="396" y="259"/><point x="396" y="293"/><point x="315" y="293"/></area><area refid="06a3d1ca-4198-4bb9-9783-3948be28e652" refElementId="06a3d1ca-4198-4bb9-9783-3948be28e652" name="Block Peanut Butter and Jelly" shape="rect" type="0" isNotContentShape="false"><point x="280" y="315"/><point x="414" y="315"/><point x="414" y="349"/><point x="280" y="349"/></area><area refid="27534459-de12-4ee0-b4ec-0d08aa488b20" refElementId="27534459-de12-4ee0-b4ec-0d08aa488b20" name="Value Property UpperCamelCase" shape="rect" type="0" isNotContentShape="false"><point x="304" y="144"/><point x="439" y="144"/><point x="439" y="157"/><point x="304" y="157"/></area><area refid="f1629865-7ba7-45d8-b42b-34c3634f7601" refElementId="f1629865-7ba7-45d8-b42b-34c3634f7601" name="Value Property Sentence Case" shape="rect" type="0" isNotContentShape="false"><point x="304" y="156"/><point x="439" y="156"/><point x="439" y="169"/><point x="304" y="169"/></area><area refid="ca8e5e15-d725-4f22-8de0-9bd52feda68f" refElementId="ca8e5e15-d725-4f22-8de0-9bd52feda68f" name="Value Property camelCase" shape="rect" type="0" isNotContentShape="false"><point x="304" y="168"/><point x="439" y="168"/><point x="439" y="181"/><point x="304" y="181"/></area><area refid="4b2825ad-8914-4b9e-a91a-9aea0d9b0c51" refElementId="4b2825ad-8914-4b9e-a91a-9aea0d9b0c51" name="Value Property flatcase" shape="rect" type="0" isNotContentShape="false"><point x="304" y="180"/><point x="439" y="180"/><point x="439" y="193"/><point x="304" y="193"/></area><area refid="e0e4a9dc-626e-492b-9c48-1f67789d052e" refElementId="e0e4a9dc-626e-492b-9c48-1f67789d052e" name="Value Property snake_case" shape="rect" type="0" isNotContentShape="false"><point x="304" y="192"/><point x="439" y="192"/><point x="439" y="205"/><point x="304" y="205"/></area><area refid="9b716392-feae-4bc7-9600-cda27b74ffec" refElementId="9b716392-feae-4bc7-9600-cda27b74ffec" name="Block Block" shape="rect" type="0" isNotContentShape="false"><point x="301" y="98"/><point x="442" y="98"/><point x="442" y="211"/><point x="301" y="211"/></area><area refid="af976486-9669-430b-9945-dc68dfd19079" refElementId="af976486-9669-430b-9945-dc68dfd19079" name="String Tagged Value" shape="rect" type="0" isNotContentShape="false"><point x="66" y="92"/><point x="223" y="92"/><point x="223" y="108"/><point x="66" y="108"/></area><area refid="b0ff5b29-f2d1-4d38-af3e-46f38c53b88c" refElementId="b0ff5b29-f2d1-4d38-af3e-46f38c53b88c" name="String Tagged Value" shape="rect" type="0" isNotContentShape="false"><point x="66" y="107"/><point x="223" y="107"/><point x="223" y="213"/><point x="66" y="213"/></area><area refid="e10fa8b5-ae8e-4935-b7a3-70d71412fee3" refElementId="e10fa8b5-ae8e-4935-b7a3-70d71412fee3" name="Requirement 13. Model consistency " shape="rect" type="0" isNotContentShape="false"><point x="63" y="56"/><point x="226" y="56"/><point x="226" y="219"/><point x="63" y="219"/></area></map><report_appliedStereotype_tags humanName="Applied Stereotype" requireSort="element" mode="s,e"><stereotype refid="b9f6a957-5548-461e-be76-365995bc6416" refElementId="b9f6a957-5548-461e-be76-365995bc6416" humanType="Stereotype" classType="Stereotype" name="DiagramInfo" icon="StyleGuide_files/icon_stereotype_726025092.jpg"><property requireSort="name" refid="dd7bc4cc-0c40-4124-a884-4bc4a6dd6f11" refElementId="dd7bc4cc-0c40-4124-a884-4bc4a6dd6f11" humanType="Property" classType="Property" name="Author" icon="StyleGuide_files/icon_property_1714208984.jpg" humanName="Author"><String>sean.walker.SB</String></property><property requireSort="name" refid="6e8f87c9-84ac-4065-be02-1dae530f6a58" refElementId="6e8f87c9-84ac-4065-be02-1dae530f6a58" humanType="Property" classType="Property" name="base_Diagram" icon="StyleGuide_files/icon_property_1714208984.jpg" humanName="Base_ Diagram"/><property requireSort="name" refid="fec932b2-935e-42e4-ace0-fe8562104a7c" refElementId="fec932b2-935e-42e4-ace0-fe8562104a7c" humanType="Property" classType="Property" name="base_Element" icon="StyleGuide_files/icon_property_1714208984.jpg" humanName="Base_ Element"/><property requireSort="name" refid="9528adeb-d572-4251-bbc4-69182c7ffb6d" refElementId="9528adeb-d572-4251-bbc4-69182c7ffb6d" humanType="Property" classType="Property" name="Creation date" icon="StyleGuide_files/icon_property_1714208984.jpg" humanName="Creation Date"><String>8/16/24, 12:58 PM</String></property><property requireSort="name" refid="720a86fd-e310-48b2-9966-9ba79583dc71" refElementId="720a86fd-e310-48b2-9966-9ba79583dc71" humanType="Property" classType="Property" name="Last modified by" icon="StyleGuide_files/icon_property_1714208984.jpg" humanName="Last modified by"><String>david.mackay.SB</String></property><property requireSort="name" refid="13d0da35-25b5-490b-bbaa-d7db3f049841" refElementId="13d0da35-25b5-490b-bbaa-d7db3f049841" humanType="Property" classType="Property" name="Modification date" icon="StyleGuide_files/icon_property_1714208984.jpg" humanName="Modification Date"><String>10/24/24, 11:47 AM</String></property></stereotype></report_appliedStereotype_tags></diagram></magicdraw>