<?xml version='1.0' encoding='UTF-8'?><magicdraw><requirement id="1bd7311f-b729-4aed-ba94-6fde97f78789" refElementId="1bd7311f-b729-4aed-ba94-6fde97f78789" humanType="Requirement" classType="Class" requireSort="node" icon="StyleGuide_files/icon_requirement_1047273168.jpg"><documentation humanName="Documentation" mode="s">Model element names shall not contain special characters ($, ^, /, etc.). Exceptions are underscore (_), dash (-), square brackets ([]).</documentation><visibility humanName="Visibility">public</visibility><taggedValue humanName="Tagged Value"><stringtaggedvalue refid="0939bc17-5d53-45ee-91f4-83972dd9d658" refElementId="0939bc17-5d53-45ee-91f4-83972dd9d658" humanType="String Tagged Value" classType="StringTaggedValue" name="Text = &quot;Model element names shall not contain special characters ($, ^, /, etc.). Exceptions are underscore (_), dash (-), square brackets ([]).&quot;" icon="StyleGuide_files/icon_stringtaggedvalue_907973731.jpg"/><stringtaggedvalue refid="ad3f11b6-133b-4915-bcec-a5acb68f4b4e" refElementId="ad3f11b6-133b-4915-bcec-a5acb68f4b4e" humanType="String Tagged Value" classType="StringTaggedValue" name="Id = &quot;LCMCRule-7&quot;" icon="StyleGuide_files/icon_stringtaggedvalue_907973731.jpg"/><elementtaggedvalue refid="7201d0ce-05a4-4de6-8d4c-66b693257d4b" refElementId="7201d0ce-05a4-4de6-8d4c-66b693257d4b" humanType="Element Tagged Value" classType="ElementTaggedValue" name="hyperlinkModel = 7. Model Element Naming Restriction, 8. Model Element Naming" icon="StyleGuide_files/icon_elementtaggedvalue_1398767430.jpg"/><elementtaggedvalue refid="d1ba7fc5-3ec7-49aa-becd-c5ef2dce0da4" refElementId="d1ba7fc5-3ec7-49aa-becd-c5ef2dce0da4" humanType="Element Tagged Value" classType="ElementTaggedValue" name="hyperlinkModelActive = 7. Model Element Naming Restriction, 8. Model Element Naming" icon="StyleGuide_files/icon_elementtaggedvalue_1398767430.jpg"/></taggedValue><qualifiedName humanName="Qualified Name" mode="e">AFLCMC Style Guide Rules::7. Model Element Naming Restriction</qualifiedName><package refid="169ad86e-2d29-49c8-aedd-26aeac8d0151" refElementId="169ad86e-2d29-49c8-aedd-26aeac8d0151" humanType="Package" classType="Package" name="AFLCMC Style Guide Rules" hasDiagram="true" icon="StyleGuide_files/icon_package_1704329166.jpg" humanName="Package"/><owningPackage refid="169ad86e-2d29-49c8-aedd-26aeac8d0151" refElementId="169ad86e-2d29-49c8-aedd-26aeac8d0151" humanType="Package" classType="Package" name="AFLCMC Style Guide Rules" hasDiagram="true" icon="StyleGuide_files/icon_package_1704329166.jpg" humanName="Owning Package"/><owner refid="169ad86e-2d29-49c8-aedd-26aeac8d0151" refElementId="169ad86e-2d29-49c8-aedd-26aeac8d0151" humanType="Package" classType="Package" name="AFLCMC Style Guide Rules" hasDiagram="true" icon="StyleGuide_files/icon_package_1704329166.jpg" humanName="Owner" mode="s,e"/><ownedElement humanName="Owned Element"><comment refid="da2bf8b9-ecde-4ec5-9138-ba5abc216e9b" refElementId="da2bf8b9-ecde-4ec5-9138-ba5abc216e9b" humanType="Comment" classType="Comment" name="Model element names shall not contain special char..." icon="StyleGuide_files/icon_comment_568925759.jpg"/><rationale refid="e8fc9f62-2962-45cc-8149-56d25706fd33" refElementId="e8fc9f62-2962-45cc-8149-56d25706fd33" humanType="Rationale" classType="Comment" name="Avoids negative effects on machine readability" icon="StyleGuide_files/icon_rationale_1252082738.jpg"/><stringtaggedvalue refid="0939bc17-5d53-45ee-91f4-83972dd9d658" refElementId="0939bc17-5d53-45ee-91f4-83972dd9d658" humanType="String Tagged Value" classType="StringTaggedValue" name="Text = &quot;Model element names shall not contain special characters ($, ^, /, etc.). Exceptions are underscore (_), dash (-), square brackets ([]).&quot;" icon="StyleGuide_files/icon_stringtaggedvalue_907973731.jpg"/><stringtaggedvalue refid="ad3f11b6-133b-4915-bcec-a5acb68f4b4e" refElementId="ad3f11b6-133b-4915-bcec-a5acb68f4b4e" humanType="String Tagged Value" classType="StringTaggedValue" name="Id = &quot;LCMCRule-7&quot;" icon="StyleGuide_files/icon_stringtaggedvalue_907973731.jpg"/><elementtaggedvalue refid="7201d0ce-05a4-4de6-8d4c-66b693257d4b" refElementId="7201d0ce-05a4-4de6-8d4c-66b693257d4b" humanType="Element Tagged Value" classType="ElementTaggedValue" name="hyperlinkModel = 7. Model Element Naming Restriction, 8. Model Element Naming" icon="StyleGuide_files/icon_elementtaggedvalue_1398767430.jpg"/><elementtaggedvalue refid="d1ba7fc5-3ec7-49aa-becd-c5ef2dce0da4" refElementId="d1ba7fc5-3ec7-49aa-becd-c5ef2dce0da4" humanType="Element Tagged Value" classType="ElementTaggedValue" name="hyperlinkModelActive = 7. Model Element Naming Restriction, 8. Model Element Naming" icon="StyleGuide_files/icon_elementtaggedvalue_1398767430.jpg"/></ownedElement><ownedComment humanName="Owned Comment"><comment refid="da2bf8b9-ecde-4ec5-9138-ba5abc216e9b" refElementId="da2bf8b9-ecde-4ec5-9138-ba5abc216e9b" humanType="Comment" classType="Comment" name="Model element names shall not contain special char..." icon="StyleGuide_files/icon_comment_568925759.jpg"/><rationale refid="e8fc9f62-2962-45cc-8149-56d25706fd33" refElementId="e8fc9f62-2962-45cc-8149-56d25706fd33" humanType="Rationale" classType="Comment" name="Avoids negative effects on machine readability" icon="StyleGuide_files/icon_rationale_1252082738.jpg"/></ownedComment><namespace refid="169ad86e-2d29-49c8-aedd-26aeac8d0151" refElementId="169ad86e-2d29-49c8-aedd-26aeac8d0151" humanType="Package" classType="Package" name="AFLCMC Style Guide Rules" hasDiagram="true" icon="StyleGuide_files/icon_package_1704329166.jpg" humanName="Namespace"/><name humanName="Name" mode="s,e">7. Model Element Naming Restriction</name><isLeaf humanName="Is Leaf">false</isLeaf><isFinalSpecialization humanName="Is Final Specialization">false</isFinalSpecialization><isActive humanName="Is Active" mode="e">false</isActive><isAbstract humanName="Is Abstract">false</isAbstract><effectiveIRI humanName="Effective IRI">NA</effectiveIRI><derivedExplanation humanName="Derived Explanation">NA</derivedExplanation><appliedStereotype humanName="Applied Stereotype" mode="e"><stereotype refid="8bf34745-8ee8-4115-b25b-f48b214b2a4e" refElementId="8bf34745-8ee8-4115-b25b-f48b214b2a4e" humanType="Stereotype" classType="Stereotype" name="Requirement" icon="StyleGuide_files/icon_stereotype_1047273168.jpg"/><stereotype refid="41d3a12f-f4da-4be3-b562-eca0fb993290" refElementId="41d3a12f-f4da-4be3-b562-eca0fb993290" humanType="Stereotype" classType="Stereotype" name="HyperlinkOwner" icon="StyleGuide_files/icon_stereotype_726025092.jpg"/></appliedStereotype><TO_DO humanName="To Do">NA</TO_DO><ActiveHyperlink humanName="Active Hyperlink">mdel://1d60eb2e-bb3a-46f2-ba96-965bd0971752</ActiveHyperlink><report_appliedStereotype_tags humanName="Applied Stereotype" requireSort="element" mode="e"><stereotype refid="8bf34745-8ee8-4115-b25b-f48b214b2a4e" refElementId="8bf34745-8ee8-4115-b25b-f48b214b2a4e" humanType="Stereotype" classType="Stereotype" name="Requirement" icon="StyleGuide_files/icon_stereotype_1047273168.jpg"><property requireSort="name" refid="5dafd8f8-cf8f-4a65-8182-243ac0b22b19" refElementId="5dafd8f8-cf8f-4a65-8182-243ac0b22b19" humanType="Property" classType="Property" name="base_Class" icon="StyleGuide_files/icon_property_1714208984.jpg" humanName="Base_ Class"/><property requireSort="name" refid="2bbdd836-fb29-4d38-9b9b-54a019631007" refElementId="2bbdd836-fb29-4d38-9b9b-54a019631007" humanType="Property" classType="Property" name="base_NamedElement" icon="StyleGuide_files/icon_property_1714208984.jpg" humanName="Base_ Named Element"/><property requireSort="name" refid="11f636dd-5eaa-4190-b16d-013f26033c3a" refElementId="11f636dd-5eaa-4190-b16d-013f26033c3a" humanType="Property" classType="Property" name="Derived" icon="StyleGuide_files/icon_property_1714208984.jpg" humanName="Derived"/><property requireSort="name" refid="5a8cafab-64a9-4a32-9abf-c4bb8cec6632" refElementId="5a8cafab-64a9-4a32-9abf-c4bb8cec6632" humanType="Property" classType="Property" name="DerivedFrom" icon="StyleGuide_files/icon_property_1714208984.jpg" humanName="Derived From"/><property requireSort="name" refid="94a2d3e4-c3df-465e-9480-5c4389e63be1" refElementId="94a2d3e4-c3df-465e-9480-5c4389e63be1" humanType="Property" classType="Property" name="Id" icon="StyleGuide_files/icon_property_1714208984.jpg" humanName="Id"><String>LCMCRule-7</String></property><property requireSort="name" refid="321ff866-d508-4559-91c3-ddece6de352a" refElementId="321ff866-d508-4559-91c3-ddece6de352a" humanType="Property" classType="Property" name="Master" icon="StyleGuide_files/icon_property_1714208984.jpg" humanName="Master"/><property requireSort="name" refid="bae37973-55e9-4fd2-91ae-ca4c621bcd2c" refElementId="bae37973-55e9-4fd2-91ae-ca4c621bcd2c" humanType="Property" classType="Property" name="RefinedBy" icon="StyleGuide_files/icon_property_1714208984.jpg" humanName="Refined By"/><property requireSort="name" refid="41eaa8f1-85e4-4159-acf1-f7c637b2f7a5" refElementId="41eaa8f1-85e4-4159-acf1-f7c637b2f7a5" humanType="Property" classType="Property" name="SatisfiedBy" icon="StyleGuide_files/icon_property_1714208984.jpg" humanName="Satisfied By"/><property requireSort="name" refid="bd489283-0106-4e17-ac05-65e53068ad7a" refElementId="bd489283-0106-4e17-ac05-65e53068ad7a" humanType="Property" classType="Property" name="Text" icon="StyleGuide_files/icon_property_1714208984.jpg" humanName="Text"><String>Model element names shall not contain special characters ($, ^, /, etc.). Exceptions are underscore (_), dash (-), square brackets ([]).</String></property><property requireSort="name" refid="5bb7aa4b-dc88-42e7-9dc0-130def271492" refElementId="5bb7aa4b-dc88-42e7-9dc0-130def271492" humanType="Property" classType="Property" name="TracedTo" icon="StyleGuide_files/icon_property_1714208984.jpg" humanName="Traced To"/><property requireSort="name" refid="f23a6c2e-eac0-4b7a-928c-969a194e41ef" refElementId="f23a6c2e-eac0-4b7a-928c-969a194e41ef" humanType="Property" classType="Property" name="VerifiedBy" icon="StyleGuide_files/icon_property_1714208984.jpg" humanName="Verified By"/></stereotype><stereotype refid="41d3a12f-f4da-4be3-b562-eca0fb993290" refElementId="41d3a12f-f4da-4be3-b562-eca0fb993290" humanType="Stereotype" classType="Stereotype" name="HyperlinkOwner" icon="StyleGuide_files/icon_stereotype_726025092.jpg"><property requireSort="name" refid="4d72ed2a-7ea3-4c61-9e81-634e930a36fc" refElementId="4d72ed2a-7ea3-4c61-9e81-634e930a36fc" humanType="Property" classType="Property" name="base_Element" icon="StyleGuide_files/icon_property_1714208984.jpg"/><property requireSort="name" refid="fec932b2-935e-42e4-ace0-fe8562104a7c" refElementId="fec932b2-935e-42e4-ace0-fe8562104a7c" humanType="Property" classType="Property" name="base_Element" icon="StyleGuide_files/icon_property_1714208984.jpg"/><property requireSort="name" refid="1923ea90-7128-4dc0-bb56-d62ef29e31c6" refElementId="1923ea90-7128-4dc0-bb56-d62ef29e31c6" humanType="Property" classType="Property" name="hyperlinkModel" icon="StyleGuide_files/icon_property_1714208984.jpg" humanName="Element/Symbol"><diagram refid="1d60eb2e-bb3a-46f2-ba96-965bd0971752" refElementId="1d60eb2e-bb3a-46f2-ba96-965bd0971752" humanType="Diagram" classType="Diagram" name="7. Model Element Naming Restriction, 8. Model Element Naming" diagramType="SysML Block Definition Diagram" icon="StyleGuide_files/icon_SysML Block Definition Diagram_503060400.jpg"/></property><property requireSort="name" refid="0ddc2bba-233f-4e2d-8fc2-d44f8d463ebe" refElementId="0ddc2bba-233f-4e2d-8fc2-d44f8d463ebe" humanType="Property" classType="Property" name="hyperlinkModelActive" icon="StyleGuide_files/icon_property_1714208984.jpg" humanName="Active Hyperlink"><diagram refid="1d60eb2e-bb3a-46f2-ba96-965bd0971752" refElementId="1d60eb2e-bb3a-46f2-ba96-965bd0971752" humanType="Diagram" classType="Diagram" name="7. Model Element Naming Restriction, 8. Model Element Naming" diagramType="SysML Block Definition Diagram" icon="StyleGuide_files/icon_SysML Block Definition Diagram_503060400.jpg"/></property><property requireSort="name" refid="7f5c0cd3-7c6a-4b71-8547-9583c32222da" refElementId="7f5c0cd3-7c6a-4b71-8547-9583c32222da" humanType="Property" classType="Property" name="hyperlinkText" icon="StyleGuide_files/icon_property_1714208984.jpg" humanName="File/WEB_PAGE"/><property requireSort="name" refid="ca259eee-8eba-440d-9608-ac98f1e3b01c" refElementId="ca259eee-8eba-440d-9608-ac98f1e3b01c" humanType="Property" classType="Property" name="hyperlinkTextActive" icon="StyleGuide_files/icon_property_1714208984.jpg" humanName="Active Hyperlink"/></stereotype></report_appliedStereotype_tags></requirement></magicdraw>