<?xml version='1.0' encoding='UTF-8'?><magicdraw><diagram id="1cde8116-80ef-41cf-9746-edb33feeec50" refElementId="1cde8116-80ef-41cf-9746-edb33feeec50" humanType="Diagram" classType="Diagram" requireSort="node" icon="StyleGuide_files/icon_Requirement Table_756617340.jpg" diagramType="Requirement Table" src="StyleGuide_files/1cde8116-80ef-41cf-9746-edb33feeec50.jpg"><visibility humanName="Visibility">public</visibility><taggedValue humanName="Tagged Value"><booleantaggedvalue refid="ac204995-384d-4c5e-b83d-b01dbd4a07fc" refElementId="ac204995-384d-4c5e-b83d-b01dbd4a07fc" humanType="Boolean Tagged Value" classType="BooleanTaggedValue" name="showDetailedColumnName = false" icon="StyleGuide_files/icon_booleantaggedvalue_2126899808.jpg"/><elementtaggedvalue refid="91f1b5a4-befb-4172-ab49-212d4e11d265" refElementId="91f1b5a4-befb-4172-ab49-212d4e11d265" humanType="Element Tagged Value" classType="ElementTaggedValue" name="displayMode = Compact tree" icon="StyleGuide_files/icon_elementtaggedvalue_1398767430.jpg"/><booleantaggedvalue refid="6fe8693f-ede5-43ef-9433-e731f62ff027" refElementId="6fe8693f-ede5-43ef-9433-e731f62ff027" humanType="Boolean Tagged Value" classType="BooleanTaggedValue" name="showElementNumber = true" icon="StyleGuide_files/icon_booleantaggedvalue_2126899808.jpg"/><booleantaggedvalue refid="800150b2-5e62-49f8-a518-d09dc7f7cdd5" refElementId="800150b2-5e62-49f8-a518-d09dc7f7cdd5" humanType="Boolean Tagged Value" classType="BooleanTaggedValue" name="showColumnIcons = true" icon="StyleGuide_files/icon_booleantaggedvalue_2126899808.jpg"/><booleantaggedvalue refid="a6ece3e5-a673-4d91-bc4b-298ad8437eaf" refElementId="a6ece3e5-a673-4d91-bc4b-298ad8437eaf" humanType="Boolean Tagged Value" classType="BooleanTaggedValue" name="showScopeAsRoot = false" icon="StyleGuide_files/icon_booleantaggedvalue_2126899808.jpg"/><booleantaggedvalue refid="29876341-dcaf-464e-80a1-577944a74788" refElementId="29876341-dcaf-464e-80a1-577944a74788" humanType="Boolean Tagged Value" classType="BooleanTaggedValue" name="showScope = true" icon="StyleGuide_files/icon_booleantaggedvalue_2126899808.jpg"/><booleantaggedvalue refid="1f5182db-4a47-406e-a54a-70dedfae30aa" refElementId="1f5182db-4a47-406e-a54a-70dedfae30aa" humanType="Boolean Tagged Value" classType="BooleanTaggedValue" name="showFilter = true" icon="StyleGuide_files/icon_booleantaggedvalue_2126899808.jpg"/><booleantaggedvalue refid="15438a08-68c2-4b1d-b52d-69c8c652d02a" refElementId="15438a08-68c2-4b1d-b52d-69c8c652d02a" humanType="Boolean Tagged Value" classType="BooleanTaggedValue" name="showElementType = true" icon="StyleGuide_files/icon_booleantaggedvalue_2126899808.jpg"/><elementtaggedvalue refid="629e5e25-7fa8-405f-b96f-f4c37542301c" refElementId="629e5e25-7fa8-405f-b96f-f4c37542301c" humanType="Element Tagged Value" classType="ElementTaggedValue" name="rowElementType = AbstractRequirement, Requirement" icon="StyleGuide_files/icon_elementtaggedvalue_1398767430.jpg"/><stringtaggedvalue refid="d465bc63-9e82-4195-a4d4-cfe027297b90" refElementId="d465bc63-9e82-4195-a4d4-cfe027297b90" humanType="String Tagged Value" classType="StringTaggedValue" name="hideColumns = &quot;QPROP:Element:Id&quot;, &quot;QPROP:Element:owner&quot;, &quot;QPROP:Element:RefinedBy&quot;, &quot;QPROP:Element:TracedTo&quot;, &quot;QPROP:Element:SatisfiedBy&quot;, &quot;QPROP:Element:Master&quot;, &quot;QPROP:Element:Derived&quot;, &quot;QPROP:Element:DerivedFrom&quot;, &quot;QPROP:Element:VerifiedBy&quot;, &quot;QPROP:Element:source&quot;, &quot;QPROP:Element:verifyMethod&quot;, &quot;QPROP:Element:risk&quot;, &quot;QPROP:Element:general&quot;, &quot;QPROP:Element:documentation&quot;, &quot;QPROP:Element:Bounds&quot;, &quot;PROPERTY_COLUMN&quot;, &quot;MARGIN_COLUMN&quot;, &quot;VALUE_COLUMN&quot;" icon="StyleGuide_files/icon_stringtaggedvalue_907973731.jpg"/><stringtaggedvalue refid="605ad94b-9bc3-46e1-8625-cb76311e25b6" refElementId="605ad94b-9bc3-46e1-8625-cb76311e25b6" humanType="String Tagged Value" classType="StringTaggedValue" name="columnIds = &quot;_NUMBER_&quot;, &quot;QPROP:Element:name&quot;, &quot;QPROP:Element:Text&quot;, &quot;QPROP:Element:Id&quot;, &quot;QPROP:Element:owner&quot;, &quot;QPROP:Element:RefinedBy&quot;, &quot;QPROP:Element:TracedTo&quot;, &quot;QPROP:Element:SatisfiedBy&quot;, &quot;QPROP:Element:Master&quot;, &quot;QPROP:Element:Derived&quot;, &quot;QPROP:Element:DerivedFrom&quot;, &quot;QPROP:Element:VerifiedBy&quot;, &quot;QPROP:Element:source&quot;, &quot;QPROP:Element:verifyMethod&quot;, &quot;QPROP:Element:risk&quot;, &quot;QPROP:Element:general&quot;, &quot;QPROP:Element:documentation&quot;, &quot;QPROP:Element:Bounds&quot;, &quot;PROPERTY_COLUMN&quot;, &quot;MARGIN_COLUMN&quot;, &quot;VALUE_COLUMN&quot;" icon="StyleGuide_files/icon_stringtaggedvalue_907973731.jpg"/><stringtaggedvalue refid="fb4eff6d-0217-4357-9424-c0aeb54f856f" refElementId="fb4eff6d-0217-4357-9424-c0aeb54f856f" humanType="String Tagged Value" classType="StringTaggedValue" name="sort = &quot;QPROP:Element:name^Asc&quot;" icon="StyleGuide_files/icon_stringtaggedvalue_907973731.jpg"/><stringtaggedvalue refid="8a315b92-3efc-4abb-bcf8-55050f0895f7" refElementId="8a315b92-3efc-4abb-bcf8-55050f0895f7" humanType="String Tagged Value" classType="StringTaggedValue" name="Creation date = &quot;10/8/24, 4:21 PM&quot;" icon="StyleGuide_files/icon_stringtaggedvalue_907973731.jpg"/><stringtaggedvalue refid="00255561-35fb-4f78-8783-e49efd9cf855" refElementId="00255561-35fb-4f78-8783-e49efd9cf855" humanType="String Tagged Value" classType="StringTaggedValue" name="Modification date = &quot;10/8/24, 4:21 PM&quot;" icon="StyleGuide_files/icon_stringtaggedvalue_907973731.jpg"/><stringtaggedvalue refid="51a7e2ff-cd04-4836-bdb3-88c8731ccc4c" refElementId="51a7e2ff-cd04-4836-bdb3-88c8731ccc4c" humanType="String Tagged Value" classType="StringTaggedValue" name="Author = &quot;keith.siders.SB&quot;" icon="StyleGuide_files/icon_stringtaggedvalue_907973731.jpg"/><stringtaggedvalue refid="cf9fcef1-ce9c-4189-9967-04178bd53d57" refElementId="cf9fcef1-ce9c-4189-9967-04178bd53d57" humanType="String Tagged Value" classType="StringTaggedValue" name="Last modified by = &quot;keith.siders.SB&quot;" icon="StyleGuide_files/icon_stringtaggedvalue_907973731.jpg"/><elementtaggedvalue refid="b6868795-c78f-4727-b4a0-ddffc0638088" refElementId="b6868795-c78f-4727-b4a0-ddffc0638088" humanType="Element Tagged Value" classType="ElementTaggedValue" name="scope = AFLCMC Style Guide Rules" icon="StyleGuide_files/icon_elementtaggedvalue_1398767430.jpg"/><stringtaggedvalue refid="bc68578f-9a5e-402c-84d9-419b8b197132" refElementId="bc68578f-9a5e-402c-84d9-419b8b197132" humanType="String Tagged Value" classType="StringTaggedValue" name="expandedRows = &quot;NoExpanded&quot;" icon="StyleGuide_files/icon_stringtaggedvalue_907973731.jpg"/><stringtaggedvalue refid="f4a25145-8db7-4f41-9244-8ce70f71baed" refElementId="f4a25145-8db7-4f41-9244-8ce70f71baed" humanType="String Tagged Value" classType="StringTaggedValue" name="rowsOrder = &quot;0,83dfe215-5e9c-45ca-b198-2472f00eefad:1,6d7a3266-fe75-40d5-8ced-0e31a989110a:0,d249aa07-39ca-408e-9f33-ecef2a6a35b7:1,fb4c1e63-4ab1-41ab-abb8-15e44b3b6362:0,71fc5db1-c7e3-4b34-87c8-90cecbbd61cb:1,78b10bd0-8644-4ddb-927d-dfc248695adc:2,1bbe11ce-033c-4260-ab1b-7d33280b0abc:2,8ddf037b-bd3e-49b5-a94c-5f210d360fe6:2,0634e730-c1de-49e3-8c90-4de53869f7ae:1,214cfa0e-2ceb-4626-b9bc-49d36daa0580:1,e7ea3054-322f-4c8f-8576-877abee744a1&quot;" icon="StyleGuide_files/icon_stringtaggedvalue_907973731.jpg"/></taggedValue><qualifiedName humanName="Qualified Name" mode="e">AFLCMC Style Guide Rules::AFLCMC Rules</qualifiedName><ownerOfDiagram refid="169ad86e-2d29-49c8-aedd-26aeac8d0151" refElementId="169ad86e-2d29-49c8-aedd-26aeac8d0151" humanType="Package" classType="Package" name="AFLCMC Style Guide Rules" hasDiagram="true" icon="StyleGuide_files/icon_package_1704329166.jpg" humanName="Owner Of Diagram"/><owner refid="169ad86e-2d29-49c8-aedd-26aeac8d0151" refElementId="169ad86e-2d29-49c8-aedd-26aeac8d0151" humanType="Package" classType="Package" name="AFLCMC Style Guide Rules" hasDiagram="true" icon="StyleGuide_files/icon_package_1704329166.jpg" humanName="Owner" mode="s,e"/><ownedElement humanName="Owned Element"><booleantaggedvalue refid="ac204995-384d-4c5e-b83d-b01dbd4a07fc" refElementId="ac204995-384d-4c5e-b83d-b01dbd4a07fc" humanType="Boolean Tagged Value" classType="BooleanTaggedValue" name="showDetailedColumnName = false" icon="StyleGuide_files/icon_booleantaggedvalue_2126899808.jpg"/><elementtaggedvalue refid="91f1b5a4-befb-4172-ab49-212d4e11d265" refElementId="91f1b5a4-befb-4172-ab49-212d4e11d265" humanType="Element Tagged Value" classType="ElementTaggedValue" name="displayMode = Compact tree" icon="StyleGuide_files/icon_elementtaggedvalue_1398767430.jpg"/><booleantaggedvalue refid="6fe8693f-ede5-43ef-9433-e731f62ff027" refElementId="6fe8693f-ede5-43ef-9433-e731f62ff027" humanType="Boolean Tagged Value" classType="BooleanTaggedValue" name="showElementNumber = true" icon="StyleGuide_files/icon_booleantaggedvalue_2126899808.jpg"/><booleantaggedvalue refid="800150b2-5e62-49f8-a518-d09dc7f7cdd5" refElementId="800150b2-5e62-49f8-a518-d09dc7f7cdd5" humanType="Boolean Tagged Value" classType="BooleanTaggedValue" name="showColumnIcons = true" icon="StyleGuide_files/icon_booleantaggedvalue_2126899808.jpg"/><booleantaggedvalue refid="a6ece3e5-a673-4d91-bc4b-298ad8437eaf" refElementId="a6ece3e5-a673-4d91-bc4b-298ad8437eaf" humanType="Boolean Tagged Value" classType="BooleanTaggedValue" name="showScopeAsRoot = false" icon="StyleGuide_files/icon_booleantaggedvalue_2126899808.jpg"/><booleantaggedvalue refid="29876341-dcaf-464e-80a1-577944a74788" refElementId="29876341-dcaf-464e-80a1-577944a74788" humanType="Boolean Tagged Value" classType="BooleanTaggedValue" name="showScope = true" icon="StyleGuide_files/icon_booleantaggedvalue_2126899808.jpg"/><booleantaggedvalue refid="1f5182db-4a47-406e-a54a-70dedfae30aa" refElementId="1f5182db-4a47-406e-a54a-70dedfae30aa" humanType="Boolean Tagged Value" classType="BooleanTaggedValue" name="showFilter = true" icon="StyleGuide_files/icon_booleantaggedvalue_2126899808.jpg"/><booleantaggedvalue refid="15438a08-68c2-4b1d-b52d-69c8c652d02a" refElementId="15438a08-68c2-4b1d-b52d-69c8c652d02a" humanType="Boolean Tagged Value" classType="BooleanTaggedValue" name="showElementType = true" icon="StyleGuide_files/icon_booleantaggedvalue_2126899808.jpg"/><elementtaggedvalue refid="629e5e25-7fa8-405f-b96f-f4c37542301c" refElementId="629e5e25-7fa8-405f-b96f-f4c37542301c" humanType="Element Tagged Value" classType="ElementTaggedValue" name="rowElementType = AbstractRequirement, Requirement" icon="StyleGuide_files/icon_elementtaggedvalue_1398767430.jpg"/><stringtaggedvalue refid="d465bc63-9e82-4195-a4d4-cfe027297b90" refElementId="d465bc63-9e82-4195-a4d4-cfe027297b90" humanType="String Tagged Value" classType="StringTaggedValue" name="hideColumns = &quot;QPROP:Element:Id&quot;, &quot;QPROP:Element:owner&quot;, &quot;QPROP:Element:RefinedBy&quot;, &quot;QPROP:Element:TracedTo&quot;, &quot;QPROP:Element:SatisfiedBy&quot;, &quot;QPROP:Element:Master&quot;, &quot;QPROP:Element:Derived&quot;, &quot;QPROP:Element:DerivedFrom&quot;, &quot;QPROP:Element:VerifiedBy&quot;, &quot;QPROP:Element:source&quot;, &quot;QPROP:Element:verifyMethod&quot;, &quot;QPROP:Element:risk&quot;, &quot;QPROP:Element:general&quot;, &quot;QPROP:Element:documentation&quot;, &quot;QPROP:Element:Bounds&quot;, &quot;PROPERTY_COLUMN&quot;, &quot;MARGIN_COLUMN&quot;, &quot;VALUE_COLUMN&quot;" icon="StyleGuide_files/icon_stringtaggedvalue_907973731.jpg"/><stringtaggedvalue refid="605ad94b-9bc3-46e1-8625-cb76311e25b6" refElementId="605ad94b-9bc3-46e1-8625-cb76311e25b6" humanType="String Tagged Value" classType="StringTaggedValue" name="columnIds = &quot;_NUMBER_&quot;, &quot;QPROP:Element:name&quot;, &quot;QPROP:Element:Text&quot;, &quot;QPROP:Element:Id&quot;, &quot;QPROP:Element:owner&quot;, &quot;QPROP:Element:RefinedBy&quot;, &quot;QPROP:Element:TracedTo&quot;, &quot;QPROP:Element:SatisfiedBy&quot;, &quot;QPROP:Element:Master&quot;, &quot;QPROP:Element:Derived&quot;, &quot;QPROP:Element:DerivedFrom&quot;, &quot;QPROP:Element:VerifiedBy&quot;, &quot;QPROP:Element:source&quot;, &quot;QPROP:Element:verifyMethod&quot;, &quot;QPROP:Element:risk&quot;, &quot;QPROP:Element:general&quot;, &quot;QPROP:Element:documentation&quot;, &quot;QPROP:Element:Bounds&quot;, &quot;PROPERTY_COLUMN&quot;, &quot;MARGIN_COLUMN&quot;, &quot;VALUE_COLUMN&quot;" icon="StyleGuide_files/icon_stringtaggedvalue_907973731.jpg"/><stringtaggedvalue refid="fb4eff6d-0217-4357-9424-c0aeb54f856f" refElementId="fb4eff6d-0217-4357-9424-c0aeb54f856f" humanType="String Tagged Value" classType="StringTaggedValue" name="sort = &quot;QPROP:Element:name^Asc&quot;" icon="StyleGuide_files/icon_stringtaggedvalue_907973731.jpg"/><stringtaggedvalue refid="8a315b92-3efc-4abb-bcf8-55050f0895f7" refElementId="8a315b92-3efc-4abb-bcf8-55050f0895f7" humanType="String Tagged Value" classType="StringTaggedValue" name="Creation date = &quot;10/8/24, 4:21 PM&quot;" icon="StyleGuide_files/icon_stringtaggedvalue_907973731.jpg"/><stringtaggedvalue refid="00255561-35fb-4f78-8783-e49efd9cf855" refElementId="00255561-35fb-4f78-8783-e49efd9cf855" humanType="String Tagged Value" classType="StringTaggedValue" name="Modification date = &quot;10/8/24, 4:21 PM&quot;" icon="StyleGuide_files/icon_stringtaggedvalue_907973731.jpg"/><stringtaggedvalue refid="51a7e2ff-cd04-4836-bdb3-88c8731ccc4c" refElementId="51a7e2ff-cd04-4836-bdb3-88c8731ccc4c" humanType="String Tagged Value" classType="StringTaggedValue" name="Author = &quot;keith.siders.SB&quot;" icon="StyleGuide_files/icon_stringtaggedvalue_907973731.jpg"/><stringtaggedvalue refid="cf9fcef1-ce9c-4189-9967-04178bd53d57" refElementId="cf9fcef1-ce9c-4189-9967-04178bd53d57" humanType="String Tagged Value" classType="StringTaggedValue" name="Last modified by = &quot;keith.siders.SB&quot;" icon="StyleGuide_files/icon_stringtaggedvalue_907973731.jpg"/><elementtaggedvalue refid="b6868795-c78f-4727-b4a0-ddffc0638088" refElementId="b6868795-c78f-4727-b4a0-ddffc0638088" humanType="Element Tagged Value" classType="ElementTaggedValue" name="scope = AFLCMC Style Guide Rules" icon="StyleGuide_files/icon_elementtaggedvalue_1398767430.jpg"/><stringtaggedvalue refid="bc68578f-9a5e-402c-84d9-419b8b197132" refElementId="bc68578f-9a5e-402c-84d9-419b8b197132" humanType="String Tagged Value" classType="StringTaggedValue" name="expandedRows = &quot;NoExpanded&quot;" icon="StyleGuide_files/icon_stringtaggedvalue_907973731.jpg"/><stringtaggedvalue refid="f4a25145-8db7-4f41-9244-8ce70f71baed" refElementId="f4a25145-8db7-4f41-9244-8ce70f71baed" humanType="String Tagged Value" classType="StringTaggedValue" name="rowsOrder = &quot;0,83dfe215-5e9c-45ca-b198-2472f00eefad:1,6d7a3266-fe75-40d5-8ced-0e31a989110a:0,d249aa07-39ca-408e-9f33-ecef2a6a35b7:1,fb4c1e63-4ab1-41ab-abb8-15e44b3b6362:0,71fc5db1-c7e3-4b34-87c8-90cecbbd61cb:1,78b10bd0-8644-4ddb-927d-dfc248695adc:2,1bbe11ce-033c-4260-ab1b-7d33280b0abc:2,8ddf037b-bd3e-49b5-a94c-5f210d360fe6:2,0634e730-c1de-49e3-8c90-4de53869f7ae:1,214cfa0e-2ceb-4626-b9bc-49d36daa0580:1,e7ea3054-322f-4c8f-8576-877abee744a1&quot;" icon="StyleGuide_files/icon_stringtaggedvalue_907973731.jpg"/></ownedElement><namespace refid="169ad86e-2d29-49c8-aedd-26aeac8d0151" refElementId="169ad86e-2d29-49c8-aedd-26aeac8d0151" humanType="Package" classType="Package" name="AFLCMC Style Guide Rules" hasDiagram="true" icon="StyleGuide_files/icon_package_1704329166.jpg" humanName="Namespace"/><name humanName="Name" mode="s,e">AFLCMC Rules</name><documentation humanName="Documentation">NA</documentation><appliedStereotype humanName="Applied Stereotype" mode="s,e"><stereotype refid="2f5e96a5-d9e0-4aa4-a6e3-0d56683a18d5" refElementId="2f5e96a5-d9e0-4aa4-a6e3-0d56683a18d5" humanType="Stereotype" classType="Stereotype" name="RequirementTable" icon="StyleGuide_files/icon_stereotype_726025092.jpg"/><stereotype refid="dce58a98-f0eb-435d-9b06-8ca2a4c881c7" refElementId="dce58a98-f0eb-435d-9b06-8ca2a4c881c7" humanType="Stereotype" classType="Stereotype" name="DiagramTable" icon="StyleGuide_files/icon_stereotype_726025092.jpg"/><stereotype refid="b9f6a957-5548-461e-be76-365995bc6416" refElementId="b9f6a957-5548-461e-be76-365995bc6416" humanType="Stereotype" classType="Stereotype" name="DiagramInfo" icon="StyleGuide_files/icon_stereotype_726025092.jpg"/></appliedStereotype><TO_DO humanName="To Do" mode="s,e">NA</TO_DO><DIAGRAM_TYPE_DERIVED_PROPERTY humanName="Type">Requirement Table</DIAGRAM_TYPE_DERIVED_PROPERTY><ActiveHyperlink humanName="Active Hyperlink">NA</ActiveHyperlink><map><area refid="ada77cc5-a6e7-4d06-803d-6d077f23839b" refElementId="ada77cc5-a6e7-4d06-803d-6d077f23839b" name="Requirement 20. Parametric diagram flow" shape="poly"><point x="35" y="553"/><point x="359" y="553"/><point x="359" y="573"/><point x="35" y="573"/></area><area refid="77ed7743-d9b0-4cef-8804-0da29d531817" refElementId="77ed7743-d9b0-4cef-8804-0da29d531817" name="Requirement 1. Top Level Diagram" shape="poly"><point x="35" y="42"/><point x="359" y="42"/><point x="359" y="78"/><point x="35" y="78"/></area><area refid="399425b7-9467-475b-bbc0-a7e803d64225" refElementId="399425b7-9467-475b-bbc0-a7e803d64225" name="Requirement 26. Unique requirement Id" shape="poly"><point x="35" y="679"/><point x="359" y="679"/><point x="359" y="699"/><point x="35" y="699"/></area><area refid="e8250292-95bb-42d0-82e8-6294f7813ffb" refElementId="e8250292-95bb-42d0-82e8-6294f7813ffb" name="Requirement 11. Use of multiplicity with associations" shape="poly"><point x="35" y="300"/><point x="359" y="300"/><point x="359" y="336"/><point x="35" y="336"/></area><area refid="b1d701ee-ea99-406a-b374-0086652c0746" refElementId="b1d701ee-ea99-406a-b374-0086652c0746" name="Requirement 21. Actor interactions" shape="poly"><point x="35" y="574"/><point x="359" y="574"/><point x="359" y="594"/><point x="35" y="594"/></area><area refid="86859c9a-865d-4609-81a0-3ee760572d03" refElementId="86859c9a-865d-4609-81a0-3ee760572d03" name="Requirement 19. Requirement Ownership" shape="poly"><point x="35" y="532"/><point x="359" y="532"/><point x="359" y="552"/><point x="35" y="552"/></area><area refid="f02e3e6b-d015-42d5-b6cc-697570e6ba73" refElementId="f02e3e6b-d015-42d5-b6cc-697570e6ba73" name="Requirement 14. Boundary port names (deprecated)" shape="poly"><point x="35" y="395"/><point x="359" y="395"/><point x="359" y="415"/><point x="35" y="415"/></area><area refid="49e960fd-bbed-4580-a057-b3b968a7f900" refElementId="49e960fd-bbed-4580-a057-b3b968a7f900" name="Requirement 22. Use Case Precondition" shape="poly"><point x="35" y="595"/><point x="359" y="595"/><point x="359" y="615"/><point x="35" y="615"/></area><area refid="96a8e3fc-9eb0-45d6-a0d1-598a5e98141d" refElementId="96a8e3fc-9eb0-45d6-a0d1-598a5e98141d" name="Requirement 18. System requirement links" shape="poly"><point x="35" y="511"/><point x="359" y="511"/><point x="359" y="531"/><point x="35" y="531"/></area><area refid="0ce60e1b-2290-4eac-9088-12a7811a4ea7" refElementId="0ce60e1b-2290-4eac-9088-12a7811a4ea7" name="Requirement 16. Diagram classification marking" shape="poly"><point x="35" y="437"/><point x="359" y="437"/><point x="359" y="489"/><point x="35" y="489"/></area><area refid="1bd7311f-b729-4aed-ba94-6fde97f78789" refElementId="1bd7311f-b729-4aed-ba94-6fde97f78789" name="Requirement 7. Model Element Naming Restriction" shape="poly"><point x="35" y="200"/><point x="359" y="200"/><point x="359" y="220"/><point x="35" y="220"/></area><area refid="894aa88d-e742-46a4-bd06-d075d41d7c5b" refElementId="894aa88d-e742-46a4-bd06-d075d41d7c5b" name="Requirement 12. Model scope &amp; purpose" shape="poly"><point x="35" y="337"/><point x="359" y="337"/><point x="359" y="373"/><point x="35" y="373"/></area><area refid="12de4f6c-e92f-4435-8a33-787bf9aeea08" refElementId="12de4f6c-e92f-4435-8a33-787bf9aeea08" name="Requirement 15. Simulation instance names" shape="poly"><point x="35" y="416"/><point x="359" y="416"/><point x="359" y="436"/><point x="35" y="436"/></area><area refid="e3d07989-8e8e-4d14-bf4a-df9ee72a002b" refElementId="e3d07989-8e8e-4d14-bf4a-df9ee72a002b" name="Requirement 6. Model File Name" shape="poly"><point x="35" y="163"/><point x="359" y="163"/><point x="359" y="199"/><point x="35" y="199"/></area><area refid="a29a79a3-fd27-41f1-ab8e-742b23c646d1" refElementId="a29a79a3-fd27-41f1-ab8e-742b23c646d1" name="Requirement 24. Simulation" shape="poly"><point x="35" y="637"/><point x="359" y="637"/><point x="359" y="657"/><point x="35" y="657"/></area><area refid="8c940d2e-08c2-4351-91ba-835616be8bba" refElementId="8c940d2e-08c2-4351-91ba-835616be8bba" name="Requirement 4. Use of Common Terminology" shape="poly"><point x="35" y="121"/><point x="359" y="121"/><point x="359" y="141"/><point x="35" y="141"/></area><area refid="a4b59ba6-1cbb-4604-8968-efb261dd2c5d" refElementId="a4b59ba6-1cbb-4604-8968-efb261dd2c5d" name="Requirement 10. Use of aggregation" shape="poly"><point x="35" y="263"/><point x="359" y="263"/><point x="359" y="299"/><point x="35" y="299"/></area><area refid="56ca7fde-a70f-4511-9b15-310220ae302e" refElementId="56ca7fde-a70f-4511-9b15-310220ae302e" name="Requirement 9. Use of acronyms" shape="poly"><point x="35" y="242"/><point x="359" y="242"/><point x="359" y="262"/><point x="35" y="262"/></area><area refid="e10fa8b5-ae8e-4935-b7a3-70d71412fee3" refElementId="e10fa8b5-ae8e-4935-b7a3-70d71412fee3" name="Requirement 13. Model consistency " shape="poly"><point x="35" y="374"/><point x="359" y="374"/><point x="359" y="394"/><point x="35" y="394"/></area><area refid="30b0ef0a-3832-40ff-a0d6-395abe1156a3" refElementId="30b0ef0a-3832-40ff-a0d6-395abe1156a3" name="Requirement 5. References &amp; Citations" shape="poly"><point x="35" y="142"/><point x="359" y="142"/><point x="359" y="162"/><point x="35" y="162"/></area><area refid="7a794e1c-85ab-49d4-902e-1fe89de00014" refElementId="7a794e1c-85ab-49d4-902e-1fe89de00014" name="Requirement 2. Element Documentation" shape="poly"><point x="35" y="79"/><point x="359" y="79"/><point x="359" y="99"/><point x="35" y="99"/></area><area refid="67ed9266-4566-4113-a45d-cf8fa11cd11b" refElementId="67ed9266-4566-4113-a45d-cf8fa11cd11b" name="Requirement 3. Use of Legends" shape="poly"><point x="35" y="100"/><point x="359" y="100"/><point x="359" y="120"/><point x="35" y="120"/></area><area refid="5515f626-9675-40b2-b708-c62523c4fe0b" refElementId="5515f626-9675-40b2-b708-c62523c4fe0b" name="Requirement 25. Time event annotation (deprecated)" shape="poly"><point x="35" y="658"/><point x="359" y="658"/><point x="359" y="678"/><point x="35" y="678"/></area><area refid="530a03a0-2a30-4696-aa5a-6d5914ad8c3a" refElementId="530a03a0-2a30-4696-aa5a-6d5914ad8c3a" name="Requirement 17. Model element reuse" shape="poly"><point x="35" y="490"/><point x="359" y="490"/><point x="359" y="510"/><point x="35" y="510"/></area><area refid="f4855656-0ec6-465b-84c2-748089f0b2f6" refElementId="f4855656-0ec6-465b-84c2-748089f0b2f6" name="Package AFLCMC Rule Examples" shape="poly"><point x="35" y="23"/><point x="359" y="23"/><point x="359" y="41"/><point x="35" y="41"/></area><area refid="03023dba-2632-403a-bcbf-4acc70e243fe" refElementId="03023dba-2632-403a-bcbf-4acc70e243fe" name="Requirement 23. Use  Case Post-condition" shape="poly"><point x="35" y="616"/><point x="359" y="616"/><point x="359" y="636"/><point x="35" y="636"/></area><area refid="b38e4a04-c0e7-45bb-b79b-e90cd4cbe8c7" refElementId="b38e4a04-c0e7-45bb-b79b-e90cd4cbe8c7" name="Requirement 8. Model Element Naming" shape="poly"><point x="35" y="221"/><point x="359" y="221"/><point x="359" y="241"/><point x="35" y="241"/></area></map><report_appliedStereotype_tags humanName="Applied Stereotype" requireSort="element" mode="s,e"><stereotype refid="2f5e96a5-d9e0-4aa4-a6e3-0d56683a18d5" refElementId="2f5e96a5-d9e0-4aa4-a6e3-0d56683a18d5" humanType="Stereotype" classType="Stereotype" name="RequirementTable" icon="StyleGuide_files/icon_stereotype_726025092.jpg"><property requireSort="name" refid="f8b8c87e-f780-4244-9fdb-6ea6f5939333" refElementId="f8b8c87e-f780-4244-9fdb-6ea6f5939333" humanType="Property" classType="Property" name="base_Diagram" icon="StyleGuide_files/icon_property_1714208984.jpg" humanName="Base_ Diagram"/><property requireSort="name" refid="1765db0a-c483-4c6a-9e60-93aec137fa5d" refElementId="1765db0a-c483-4c6a-9e60-93aec137fa5d" humanType="Property" classType="Property" name="columnsWidth" icon="StyleGuide_files/icon_property_1714208984.jpg" humanName="Columns Width"/><property requireSort="name" refid="f47af87f-ecae-4044-8a50-339aac83fe16" refElementId="f47af87f-ecae-4044-8a50-339aac83fe16" humanType="Property" classType="Property" name="context" icon="StyleGuide_files/icon_property_1714208984.jpg" humanName="Context"/><property requireSort="name" refid="a242ac75-27c1-419c-9fe3-aa78894709cf" refElementId="a242ac75-27c1-419c-9fe3-aa78894709cf" humanType="Property" classType="Property" name="customColumnElements" icon="StyleGuide_files/icon_property_1714208984.jpg" humanName="Custom Column Elements"/><property requireSort="name" refid="5734d0fa-ee11-4f54-a0e1-06a887d3c30a" refElementId="5734d0fa-ee11-4f54-a0e1-06a887d3c30a" humanType="Property" classType="Property" name="showColumns" icon="StyleGuide_files/icon_property_1714208984.jpg" humanName="Show Columns"/><property requireSort="name" refid="72392f6e-1b22-49fd-9d1a-343c48b1f808" refElementId="72392f6e-1b22-49fd-9d1a-343c48b1f808" humanType="Property" classType="Property" name="showContext" icon="StyleGuide_files/icon_property_1714208984.jpg" humanName="Show Context"/><property requireSort="name" refid="68c8680b-da26-40d9-86b7-75f94a35f41b" refElementId="68c8680b-da26-40d9-86b7-75f94a35f41b" humanType="Property" classType="Property" name="showCustomColumns" icon="StyleGuide_files/icon_property_1714208984.jpg" humanName="Show Custom Columns"/></stereotype><stereotype refid="dce58a98-f0eb-435d-9b06-8ca2a4c881c7" refElementId="dce58a98-f0eb-435d-9b06-8ca2a4c881c7" humanType="Stereotype" classType="Stereotype" name="DiagramTable" icon="StyleGuide_files/icon_stereotype_726025092.jpg"><property requireSort="name" refid="ef1e2965-36f8-4347-a79c-5e7927f5989e" refElementId="ef1e2965-36f8-4347-a79c-5e7927f5989e" humanType="Property" classType="Property" name="additionalElements" icon="StyleGuide_files/icon_property_1714208984.jpg" humanName="Additional Elements"/><property requireSort="name" refid="e9eafbcc-8f29-4d80-b5a8-6a3fb661608d" refElementId="e9eafbcc-8f29-4d80-b5a8-6a3fb661608d" humanType="Property" classType="Property" name="base_Diagram" icon="StyleGuide_files/icon_property_1714208984.jpg" humanName="Base_ Diagram"/><property requireSort="name" refid="fec932b2-935e-42e4-ace0-fe8562104a7c" refElementId="fec932b2-935e-42e4-ace0-fe8562104a7c" humanType="Property" classType="Property" name="base_Element" icon="StyleGuide_files/icon_property_1714208984.jpg" humanName="Base_ Element"/><property requireSort="name" refid="987b4112-708b-4b3b-b597-9269255bb0ad" refElementId="987b4112-708b-4b3b-b597-9269255bb0ad" humanType="Property" classType="Property" name="columnElements" icon="StyleGuide_files/icon_property_1714208984.jpg" humanName="Column Elements"/><property requireSort="name" refid="d5df4b61-cda6-44c9-af0a-00c53899b347" refElementId="d5df4b61-cda6-44c9-af0a-00c53899b347" humanType="Property" classType="Property" name="columnIds" icon="StyleGuide_files/icon_property_1714208984.jpg" humanName="Column Ids"><String>_NUMBER_</String><String>QPROP:Element:name</String><String>QPROP:Element:Text</String><String>QPROP:Element:Id</String><String>QPROP:Element:owner</String><String>QPROP:Element:RefinedBy</String><String>QPROP:Element:TracedTo</String><String>QPROP:Element:SatisfiedBy</String><String>QPROP:Element:Master</String><String>QPROP:Element:Derived</String><String>QPROP:Element:DerivedFrom</String><String>QPROP:Element:VerifiedBy</String><String>QPROP:Element:source</String><String>QPROP:Element:verifyMethod</String><String>QPROP:Element:risk</String><String>QPROP:Element:general</String><String>QPROP:Element:documentation</String><String>QPROP:Element:Bounds</String><String>PROPERTY_COLUMN</String><String>MARGIN_COLUMN</String><String>VALUE_COLUMN</String></property><property requireSort="name" refid="ddc3edee-cac3-48ce-ae86-7d03f14b9ba9" refElementId="ddc3edee-cac3-48ce-ae86-7d03f14b9ba9" humanType="Property" classType="Property" name="columnWidth" icon="StyleGuide_files/icon_property_1714208984.jpg" humanName="Column Width"/><property requireSort="name" refid="73838bda-ba7b-435b-8ff6-284c777e2a16" refElementId="73838bda-ba7b-435b-8ff6-284c777e2a16" humanType="Property" classType="Property" name="customColumns" icon="StyleGuide_files/icon_property_1714208984.jpg" humanName="Custom Columns"/><property requireSort="name" refid="d6a3a6ed-dbe7-4ea1-b73f-ca1f42c34bb8" refElementId="d6a3a6ed-dbe7-4ea1-b73f-ca1f42c34bb8" humanType="Property" classType="Property" name="defaultRowElementsOwner" icon="StyleGuide_files/icon_property_1714208984.jpg" humanName="Default Row Elements Owner"/><property requireSort="name" refid="a274ea56-fd79-46a6-b25f-505cf008b3a2" refElementId="a274ea56-fd79-46a6-b25f-505cf008b3a2" humanType="Property" classType="Property" name="descriptionArea" icon="StyleGuide_files/icon_property_1714208984.jpg" humanName="Description Area"/><property requireSort="name" refid="be927091-0203-4474-9557-7b60a6e06bca" refElementId="be927091-0203-4474-9557-7b60a6e06bca" humanType="Property" classType="Property" name="displayMode" icon="StyleGuide_files/icon_property_1714208984.jpg" humanName="Display Mode"><enumerationliteral refid="40971be9-3703-448e-9ee5-3b007ee9bfc8" refElementId="40971be9-3703-448e-9ee5-3b007ee9bfc8" humanType="Enumeration Literal" classType="EnumerationLiteral" name="Compact tree" icon="StyleGuide_files/icon_enumerationliteral_779284805.jpg"/></property><property requireSort="name" refid="b0f89996-8a45-4752-b8ac-a09b03391f20" refElementId="b0f89996-8a45-4752-b8ac-a09b03391f20" humanType="Property" classType="Property" name="excludedElements" icon="StyleGuide_files/icon_property_1714208984.jpg" humanName="Excluded Elements"/><property requireSort="name" refid="a19b7b2f-9123-4eb4-8f06-8765042ea869" refElementId="a19b7b2f-9123-4eb4-8f06-8765042ea869" humanType="Property" classType="Property" name="expandedRows" icon="StyleGuide_files/icon_property_1714208984.jpg" humanName="Expanded Rows"><String>NoExpanded</String></property><property requireSort="name" refid="4e1b67f9-f74e-4ecd-96ea-72cb385ec68c" refElementId="4e1b67f9-f74e-4ecd-96ea-72cb385ec68c" humanType="Property" classType="Property" name="hideColumns" icon="StyleGuide_files/icon_property_1714208984.jpg" humanName="Hide Columns"><String>QPROP:Element:Id</String><String>QPROP:Element:owner</String><String>QPROP:Element:RefinedBy</String><String>QPROP:Element:TracedTo</String><String>QPROP:Element:SatisfiedBy</String><String>QPROP:Element:Master</String><String>QPROP:Element:Derived</String><String>QPROP:Element:DerivedFrom</String><String>QPROP:Element:VerifiedBy</String><String>QPROP:Element:source</String><String>QPROP:Element:verifyMethod</String><String>QPROP:Element:risk</String><String>QPROP:Element:general</String><String>QPROP:Element:documentation</String><String>QPROP:Element:Bounds</String><String>PROPERTY_COLUMN</String><String>MARGIN_COLUMN</String><String>VALUE_COLUMN</String></property><property requireSort="name" refid="62a94a4f-14fd-4260-99b7-da98d474b974" refElementId="62a94a4f-14fd-4260-99b7-da98d474b974" humanType="Property" classType="Property" name="includeAdditionalContent" icon="StyleGuide_files/icon_property_1714208984.jpg" humanName="Include Additional Content"/><property requireSort="name" refid="c5a4d4b3-7943-4348-84d3-4d0544ede5f8" refElementId="c5a4d4b3-7943-4348-84d3-4d0544ede5f8" humanType="Property" classType="Property" name="includeCustomTypesOfRowTypes" icon="StyleGuide_files/icon_property_1714208984.jpg" humanName="Include Custom Types Of Row Types"/><property requireSort="name" refid="d580b3ba-344f-48f5-b083-9325a6da12b1" refElementId="d580b3ba-344f-48f5-b083-9325a6da12b1" humanType="Property" classType="Property" name="includeSubtypesOfRowTypes" icon="StyleGuide_files/icon_property_1714208984.jpg" humanName="Include Subtypes Of Row Types"/><property requireSort="name" refid="3e0517b8-e075-4425-87dc-f8d03bd15867" refElementId="3e0517b8-e075-4425-87dc-f8d03bd15867" humanType="Property" classType="Property" name="legends" icon="StyleGuide_files/icon_property_1714208984.jpg" humanName="Legends"/><property requireSort="name" refid="20942cbe-1213-4d49-919b-8377980ce3e3" refElementId="20942cbe-1213-4d49-919b-8377980ce3e3" humanType="Property" classType="Property" name="limitRowHeight" icon="StyleGuide_files/icon_property_1714208984.jpg" humanName="Limit Row Height"/><property requireSort="name" refid="6336281a-60f4-4f31-98bb-faecc55bb3d1" refElementId="6336281a-60f4-4f31-98bb-faecc55bb3d1" humanType="Property" classType="Property" name="loadPartially" icon="StyleGuide_files/icon_property_1714208984.jpg" humanName="Load Partially"/><property requireSort="name" refid="a794c65c-5cb5-4791-9825-f02d369a97e2" refElementId="a794c65c-5cb5-4791-9825-f02d369a97e2" humanType="Property" classType="Property" name="options" icon="StyleGuide_files/icon_property_1714208984.jpg" humanName="Options"/><property requireSort="name" refid="170a4a9a-99c6-4db6-92c1-8db8e14a88a2" refElementId="170a4a9a-99c6-4db6-92c1-8db8e14a88a2" humanType="Property" classType="Property" name="query" icon="StyleGuide_files/icon_property_1714208984.jpg" humanName="Query"/><property requireSort="name" refid="0d59490d-272b-4b48-bfc1-4d2d2929100d" refElementId="0d59490d-272b-4b48-bfc1-4d2d2929100d" humanType="Property" classType="Property" name="rowElements" icon="StyleGuide_files/icon_property_1714208984.jpg" humanName="Row Elements"/><property requireSort="name" refid="f1473d8d-4d66-4223-9b39-95c77e4de32f" refElementId="f1473d8d-4d66-4223-9b39-95c77e4de32f" humanType="Property" classType="Property" name="rowElementType" icon="StyleGuide_files/icon_property_1714208984.jpg" humanName="Row Element Type"><stereotype refid="46184282-3425-45a0-82c5-65bf400b099d" refElementId="46184282-3425-45a0-82c5-65bf400b099d" humanType="Stereotype" classType="Stereotype" name="AbstractRequirement" icon="StyleGuide_files/icon_stereotype_726025092.jpg"/><stereotype refid="8bf34745-8ee8-4115-b25b-f48b214b2a4e" refElementId="8bf34745-8ee8-4115-b25b-f48b214b2a4e" humanType="Stereotype" classType="Stereotype" name="Requirement" icon="StyleGuide_files/icon_stereotype_1047273168.jpg"/></property><property requireSort="name" refid="0da430f5-bb42-4d89-9266-cc9baf32c0ff" refElementId="0da430f5-bb42-4d89-9266-cc9baf32c0ff" humanType="Property" classType="Property" name="rowFilters" icon="StyleGuide_files/icon_property_1714208984.jpg" humanName="Row Filters"/><property requireSort="name" refid="d8fe0368-9a62-4797-9f31-1dbcd37f4fa9" refElementId="d8fe0368-9a62-4797-9f31-1dbcd37f4fa9" humanType="Property" classType="Property" name="rowsOrder" icon="StyleGuide_files/icon_property_1714208984.jpg" humanName="Rows Order"><String>0,83dfe215-5e9c-45ca-b198-2472f00eefad:1,6d7a3266-fe75-40d5-8ced-0e31a989110a:0,d249aa07-39ca-408e-9f33-ecef2a6a35b7:1,fb4c1e63-4ab1-41ab-abb8-15e44b3b6362:0,71fc5db1-c7e3-4b34-87c8-90cecbbd61cb:1,78b10bd0-8644-4ddb-927d-dfc248695adc:2,1bbe11ce-033c-4260-ab1b-7d33280b0abc:2,8ddf037b-bd3e-49b5-a94c-5f210d360fe6:2,0634e730-c1de-49e3-8c90-4de53869f7ae:1,214cfa0e-2ceb-4626-b9bc-49d36daa0580:1,e7ea3054-322f-4c8f-8576-877abee744a1</String></property><property requireSort="name" refid="02b48163-73a3-447a-882d-35127f63aa33" refElementId="02b48163-73a3-447a-882d-35127f63aa33" humanType="Property" classType="Property" name="scope" icon="StyleGuide_files/icon_property_1714208984.jpg" humanName="Scope"><package refid="169ad86e-2d29-49c8-aedd-26aeac8d0151" refElementId="169ad86e-2d29-49c8-aedd-26aeac8d0151" humanType="Package" classType="Package" name="AFLCMC Style Guide Rules" hasDiagram="true" icon="StyleGuide_files/icon_package_1704329166.jpg"/></property><property requireSort="name" refid="74801285-a86d-4688-9f6f-e3fe2982859d" refElementId="74801285-a86d-4688-9f6f-e3fe2982859d" humanType="Property" classType="Property" name="showColumnIcons" icon="StyleGuide_files/icon_property_1714208984.jpg" humanName="Show Column Icons"><Boolean>true</Boolean></property><property requireSort="name" refid="af4e9b2d-2d8b-4cea-8bca-ead73ccd3246" refElementId="af4e9b2d-2d8b-4cea-8bca-ead73ccd3246" humanType="Property" classType="Property" name="showDetailedColumnName" icon="StyleGuide_files/icon_property_1714208984.jpg" humanName="Show Detailed Column Name"><Boolean>false</Boolean></property><property requireSort="name" refid="934c0e60-1819-48aa-8cb9-ff48124fc9a2" refElementId="934c0e60-1819-48aa-8cb9-ff48124fc9a2" humanType="Property" classType="Property" name="showElementNumber" icon="StyleGuide_files/icon_property_1714208984.jpg" humanName="Show Element Number"><Boolean>true</Boolean></property><property requireSort="name" refid="555b52c1-5cab-42e3-8bf5-c5b2151f2d38" refElementId="555b52c1-5cab-42e3-8bf5-c5b2151f2d38" humanType="Property" classType="Property" name="showElementType" icon="StyleGuide_files/icon_property_1714208984.jpg" humanName="Show Element Type"><Boolean>true</Boolean></property><property requireSort="name" refid="64be9c81-cf4c-4a5a-abd6-ae62209eaa85" refElementId="64be9c81-cf4c-4a5a-abd6-ae62209eaa85" humanType="Property" classType="Property" name="showFilter" icon="StyleGuide_files/icon_property_1714208984.jpg" humanName="Show Filter"><Boolean>true</Boolean></property><property requireSort="name" refid="ade3775d-aec4-4d92-8dc1-446f5db16585" refElementId="ade3775d-aec4-4d92-8dc1-446f5db16585" humanType="Property" classType="Property" name="showFullPath" icon="StyleGuide_files/icon_property_1714208984.jpg" humanName="Show Full Path"/><property requireSort="name" refid="708e65ba-656a-4530-b28f-b6c4fc66e348" refElementId="708e65ba-656a-4530-b28f-b6c4fc66e348" humanType="Property" classType="Property" name="showScope" icon="StyleGuide_files/icon_property_1714208984.jpg" humanName="Show Scope"><Boolean>true</Boolean></property><property requireSort="name" refid="bc2d4e75-bf9c-4ca9-a9d7-47f091e15976" refElementId="bc2d4e75-bf9c-4ca9-a9d7-47f091e15976" humanType="Property" classType="Property" name="showScopeAsRoot" icon="StyleGuide_files/icon_property_1714208984.jpg" humanName="Show Scope As Root"><Boolean>false</Boolean></property><property requireSort="name" refid="32448cf9-b6bf-4af8-96ac-b1ab899b65bd" refElementId="32448cf9-b6bf-4af8-96ac-b1ab899b65bd" humanType="Property" classType="Property" name="sort" icon="StyleGuide_files/icon_property_1714208984.jpg" humanName="Sort"><String>QPROP:Element:name^Asc</String></property><property requireSort="name" refid="66d3048a-fef0-44e7-932f-1084f4725a0e" refElementId="66d3048a-fef0-44e7-932f-1084f4725a0e" humanType="Property" classType="Property" name="wrapText" icon="StyleGuide_files/icon_property_1714208984.jpg" humanName="Wrap Text"/></stereotype><stereotype refid="b9f6a957-5548-461e-be76-365995bc6416" refElementId="b9f6a957-5548-461e-be76-365995bc6416" humanType="Stereotype" classType="Stereotype" name="DiagramInfo" icon="StyleGuide_files/icon_stereotype_726025092.jpg"><property requireSort="name" refid="dd7bc4cc-0c40-4124-a884-4bc4a6dd6f11" refElementId="dd7bc4cc-0c40-4124-a884-4bc4a6dd6f11" humanType="Property" classType="Property" name="Author" icon="StyleGuide_files/icon_property_1714208984.jpg" humanName="Author"><String>keith.siders.SB</String></property><property requireSort="name" refid="6e8f87c9-84ac-4065-be02-1dae530f6a58" refElementId="6e8f87c9-84ac-4065-be02-1dae530f6a58" humanType="Property" classType="Property" name="base_Diagram" icon="StyleGuide_files/icon_property_1714208984.jpg" humanName="Base_ Diagram"/><property requireSort="name" refid="fec932b2-935e-42e4-ace0-fe8562104a7c" refElementId="fec932b2-935e-42e4-ace0-fe8562104a7c" humanType="Property" classType="Property" name="base_Element" icon="StyleGuide_files/icon_property_1714208984.jpg" humanName="Base_ Element"/><property requireSort="name" refid="9528adeb-d572-4251-bbc4-69182c7ffb6d" refElementId="9528adeb-d572-4251-bbc4-69182c7ffb6d" humanType="Property" classType="Property" name="Creation date" icon="StyleGuide_files/icon_property_1714208984.jpg" humanName="Creation Date"><String>10/8/24, 4:21 PM</String></property><property requireSort="name" refid="720a86fd-e310-48b2-9966-9ba79583dc71" refElementId="720a86fd-e310-48b2-9966-9ba79583dc71" humanType="Property" classType="Property" name="Last modified by" icon="StyleGuide_files/icon_property_1714208984.jpg" humanName="Last modified by"><String>keith.siders.SB</String></property><property requireSort="name" refid="13d0da35-25b5-490b-bbaa-d7db3f049841" refElementId="13d0da35-25b5-490b-bbaa-d7db3f049841" humanType="Property" classType="Property" name="Modification date" icon="StyleGuide_files/icon_property_1714208984.jpg" humanName="Modification Date"><String>10/8/24, 4:21 PM</String></property></stereotype></report_appliedStereotype_tags></diagram></magicdraw>