<?xml version='1.0' encoding='UTF-8'?><magicdraw><diagram id="1d60eb2e-bb3a-46f2-ba96-965bd0971752" refElementId="1d60eb2e-bb3a-46f2-ba96-965bd0971752" humanType="Diagram" classType="Diagram" requireSort="node" icon="StyleGuide_files/icon_SysML Block Definition Diagram_503060400.jpg" diagramType="SysML Block Definition Diagram" src="StyleGuide_files/1d60eb2e-bb3a-46f2-ba96-965bd0971752.jpg"><visibility humanName="Visibility">public</visibility><taggedValue humanName="Tagged Value"><stringtaggedvalue refid="e98cf5ba-d3e7-4c5a-a02f-39c151941317" refElementId="e98cf5ba-d3e7-4c5a-a02f-39c151941317" humanType="String Tagged Value" classType="StringTaggedValue" name="Creation date = &quot;8/16/24, 12:58 PM&quot;" icon="StyleGuide_files/icon_stringtaggedvalue_907973731.jpg"/><stringtaggedvalue refid="d0f10335-e268-416e-9f32-896a874eb0f8" refElementId="d0f10335-e268-416e-9f32-896a874eb0f8" humanType="String Tagged Value" classType="StringTaggedValue" name="Modification date = &quot;10/23/24, 7:16 PM&quot;" icon="StyleGuide_files/icon_stringtaggedvalue_907973731.jpg"/><stringtaggedvalue refid="612b5e33-07e6-4434-a812-6408ecfd80e5" refElementId="612b5e33-07e6-4434-a812-6408ecfd80e5" humanType="String Tagged Value" classType="StringTaggedValue" name="Author = &quot;sean.walker.SB&quot;" icon="StyleGuide_files/icon_stringtaggedvalue_907973731.jpg"/><stringtaggedvalue refid="d7330f02-3aa7-4106-a530-c820c182a3db" refElementId="d7330f02-3aa7-4106-a530-c820c182a3db" humanType="String Tagged Value" classType="StringTaggedValue" name="Last modified by = &quot;david.mackay.SB&quot;" icon="StyleGuide_files/icon_stringtaggedvalue_907973731.jpg"/></taggedValue><qualifiedName humanName="Qualified Name" mode="e">AFLCMC Style Guide Rules::AFLCMC Rule Examples::7. Model Element Naming Restriction, 8. Model Element Naming::7. Model Element Naming Restriction, 8. Model Element Naming</qualifiedName><ownerOfDiagram refid="36f10eee-2970-4ea4-82c1-1f949405806a" refElementId="36f10eee-2970-4ea4-82c1-1f949405806a" humanType="Package" classType="Package" name="7. Model Element Naming Restriction, 8. Model Element Naming" hasDiagram="true" icon="StyleGuide_files/icon_package_1704329166.jpg" humanName="Owner Of Diagram"/><owner refid="36f10eee-2970-4ea4-82c1-1f949405806a" refElementId="36f10eee-2970-4ea4-82c1-1f949405806a" humanType="Package" classType="Package" name="7. Model Element Naming Restriction, 8. Model Element Naming" hasDiagram="true" icon="StyleGuide_files/icon_package_1704329166.jpg" humanName="Owner" mode="s,e"/><ownedElement humanName="Owned Element"><stringtaggedvalue refid="e98cf5ba-d3e7-4c5a-a02f-39c151941317" refElementId="e98cf5ba-d3e7-4c5a-a02f-39c151941317" humanType="String Tagged Value" classType="StringTaggedValue" name="Creation date = &quot;8/16/24, 12:58 PM&quot;" icon="StyleGuide_files/icon_stringtaggedvalue_907973731.jpg"/><stringtaggedvalue refid="d0f10335-e268-416e-9f32-896a874eb0f8" refElementId="d0f10335-e268-416e-9f32-896a874eb0f8" humanType="String Tagged Value" classType="StringTaggedValue" name="Modification date = &quot;10/23/24, 7:16 PM&quot;" icon="StyleGuide_files/icon_stringtaggedvalue_907973731.jpg"/><stringtaggedvalue refid="612b5e33-07e6-4434-a812-6408ecfd80e5" refElementId="612b5e33-07e6-4434-a812-6408ecfd80e5" humanType="String Tagged Value" classType="StringTaggedValue" name="Author = &quot;sean.walker.SB&quot;" icon="StyleGuide_files/icon_stringtaggedvalue_907973731.jpg"/><stringtaggedvalue refid="d7330f02-3aa7-4106-a530-c820c182a3db" refElementId="d7330f02-3aa7-4106-a530-c820c182a3db" humanType="String Tagged Value" classType="StringTaggedValue" name="Last modified by = &quot;david.mackay.SB&quot;" icon="StyleGuide_files/icon_stringtaggedvalue_907973731.jpg"/></ownedElement><namespace refid="36f10eee-2970-4ea4-82c1-1f949405806a" refElementId="36f10eee-2970-4ea4-82c1-1f949405806a" humanType="Package" classType="Package" name="7. Model Element Naming Restriction, 8. Model Element Naming" hasDiagram="true" icon="StyleGuide_files/icon_package_1704329166.jpg" humanName="Namespace"/><name humanName="Name" mode="s,e">7. Model Element Naming Restriction, 8. Model Element Naming</name><documentation humanName="Documentation">NA</documentation><appliedStereotype humanName="Applied Stereotype" mode="s,e"><stereotype refid="b9f6a957-5548-461e-be76-365995bc6416" refElementId="b9f6a957-5548-461e-be76-365995bc6416" humanType="Stereotype" classType="Stereotype" name="DiagramInfo" icon="StyleGuide_files/icon_stereotype_726025092.jpg"/></appliedStereotype><TO_DO humanName="To Do" mode="s,e">NA</TO_DO><DIAGRAM_TYPE_DERIVED_PROPERTY humanName="Type">SysML Block Definition Diagram</DIAGRAM_TYPE_DERIVED_PROPERTY><ActiveHyperlink humanName="Active Hyperlink">NA</ActiveHyperlink><map><area refid="e8fc9f62-2962-45cc-8149-56d25706fd33" refElementId="e8fc9f62-2962-45cc-8149-56d25706fd33" name="Rationale" shape="rect" type="0" isNotContentShape="false"><point x="63" y="294"/><point x="197" y="294"/><point x="197" y="367"/><point x="63" y="367"/></area><area refid="442ebc34-59a6-4580-8eaf-504cb3d3e5a3" refElementId="442ebc34-59a6-4580-8eaf-504cb3d3e5a3" name="Rationale" shape="rect" type="0" isNotContentShape="false"><point x="511" y="294"/><point x="701" y="294"/><point x="701" y="379"/><point x="511" y="379"/></area><area refid="490520ad-b9ad-418e-9eb3-8047c8f4c3ff" refElementId="490520ad-b9ad-418e-9eb3-8047c8f4c3ff" name="String Tagged Value" shape="rect" type="0" isNotContentShape="false"><point x="521" y="106"/><point x="678" y="106"/><point x="678" y="122"/><point x="521" y="122"/></area><area refid="ad3f11b6-133b-4915-bcec-a5acb68f4b4e" refElementId="ad3f11b6-133b-4915-bcec-a5acb68f4b4e" name="String Tagged Value" shape="rect" type="0" isNotContentShape="false"><point x="59" y="125"/><point x="216" y="125"/><point x="216" y="141"/><point x="59" y="141"/></area><area refid="0939bc17-5d53-45ee-91f4-83972dd9d658" refElementId="0939bc17-5d53-45ee-91f4-83972dd9d658" name="String Tagged Value" shape="rect" type="0" isNotContentShape="false"><point x="59" y="140"/><point x="216" y="140"/><point x="216" y="231"/><point x="59" y="231"/></area><area refid="86540328-a22f-4656-9a6b-5d95dd74756c" refElementId="86540328-a22f-4656-9a6b-5d95dd74756c" name="String Tagged Value" shape="rect" type="0" isNotContentShape="false"><point x="521" y="121"/><point x="678" y="121"/><point x="678" y="242"/><point x="521" y="242"/></area><area refid="1bd7311f-b729-4aed-ba94-6fde97f78789" refElementId="1bd7311f-b729-4aed-ba94-6fde97f78789" name="Requirement 7. Model Element Naming Restriction" shape="rect" type="0" isNotContentShape="false"><point x="56" y="77"/><point x="219" y="77"/><point x="219" y="237"/><point x="56" y="237"/></area><area refid="7527342d-73d4-4744-8e31-7eb52664935b" refElementId="7527342d-73d4-4744-8e31-7eb52664935b" name="Block [U] Proper-Name_Example [U] " shape="rect" type="0" isNotContentShape="false"><point x="280" y="84"/><point x="452" y="84"/><point x="452" y="118"/><point x="280" y="118"/></area><area refid="b38e4a04-c0e7-45bb-b79b-e90cd4cbe8c7" refElementId="b38e4a04-c0e7-45bb-b79b-e90cd4cbe8c7" name="Requirement 8. Model Element Naming" shape="rect" type="0" isNotContentShape="false"><point x="518" y="70"/><point x="681" y="70"/><point x="681" y="248"/><point x="518" y="248"/></area></map><report_appliedStereotype_tags humanName="Applied Stereotype" requireSort="element" mode="s,e"><stereotype refid="b9f6a957-5548-461e-be76-365995bc6416" refElementId="b9f6a957-5548-461e-be76-365995bc6416" humanType="Stereotype" classType="Stereotype" name="DiagramInfo" icon="StyleGuide_files/icon_stereotype_726025092.jpg"><property requireSort="name" refid="dd7bc4cc-0c40-4124-a884-4bc4a6dd6f11" refElementId="dd7bc4cc-0c40-4124-a884-4bc4a6dd6f11" humanType="Property" classType="Property" name="Author" icon="StyleGuide_files/icon_property_1714208984.jpg" humanName="Author"><String>sean.walker.SB</String></property><property requireSort="name" refid="6e8f87c9-84ac-4065-be02-1dae530f6a58" refElementId="6e8f87c9-84ac-4065-be02-1dae530f6a58" humanType="Property" classType="Property" name="base_Diagram" icon="StyleGuide_files/icon_property_1714208984.jpg" humanName="Base_ Diagram"/><property requireSort="name" refid="fec932b2-935e-42e4-ace0-fe8562104a7c" refElementId="fec932b2-935e-42e4-ace0-fe8562104a7c" humanType="Property" classType="Property" name="base_Element" icon="StyleGuide_files/icon_property_1714208984.jpg" humanName="Base_ Element"/><property requireSort="name" refid="9528adeb-d572-4251-bbc4-69182c7ffb6d" refElementId="9528adeb-d572-4251-bbc4-69182c7ffb6d" humanType="Property" classType="Property" name="Creation date" icon="StyleGuide_files/icon_property_1714208984.jpg" humanName="Creation Date"><String>8/16/24, 12:58 PM</String></property><property requireSort="name" refid="720a86fd-e310-48b2-9966-9ba79583dc71" refElementId="720a86fd-e310-48b2-9966-9ba79583dc71" humanType="Property" classType="Property" name="Last modified by" icon="StyleGuide_files/icon_property_1714208984.jpg" humanName="Last modified by"><String>david.mackay.SB</String></property><property requireSort="name" refid="13d0da35-25b5-490b-bbaa-d7db3f049841" refElementId="13d0da35-25b5-490b-bbaa-d7db3f049841" humanType="Property" classType="Property" name="Modification date" icon="StyleGuide_files/icon_property_1714208984.jpg" humanName="Modification Date"><String>10/23/24, 7:16 PM</String></property></stereotype></report_appliedStereotype_tags></diagram></magicdraw>