<?xml version='1.0' encoding='UTF-8'?><magicdraw><package id="1e1bb8e4-0870-4415-8302-3a4e0de8ced1" refElementId="1e1bb8e4-0870-4415-8302-3a4e0de8ced1" humanType="Package" classType="Package" requireSort="node" icon="StyleGuide_files/icon_package_1704329166.jpg"><visibility humanName="Visibility">public</visibility><qualifiedName humanName="Qualified Name" mode="e">AFLCMC Style Guide Rules::AFLCMC Rule Examples::10. Use of aggregation</qualifiedName><packagedElement humanName="Packaged Element"><block refid="76816b2a-c668-45a8-9c82-d07b2232f0bd" refElementId="76816b2a-c668-45a8-9c82-d07b2232f0bd" humanType="Block" classType="Class" name="Whole" icon="StyleGuide_files/icon_block_115264500.jpg"/><block refid="13a843de-16b9-460d-b629-ee3ff5d9182f" refElementId="13a843de-16b9-460d-b629-ee3ff5d9182f" humanType="Block" classType="Class" name="Part" icon="StyleGuide_files/icon_block_115264500.jpg"/><association refid="09f53e39-7c92-46f7-8306-b946abd47442" refElementId="09f53e39-7c92-46f7-8306-b946abd47442" humanType="Association" classType="Association" name="NA" isRelationship="true" icon="StyleGuide_files/icon_association_1156766561.jpg"/><block refid="ec6cce79-0214-4470-9b81-0b5bd30ffc59" refElementId="ec6cce79-0214-4470-9b81-0b5bd30ffc59" humanType="Block" classType="Class" name="Part A" icon="StyleGuide_files/icon_block_115264500.jpg"/><association refid="9133977e-c91a-4696-8e0a-4d84846e57bc" refElementId="9133977e-c91a-4696-8e0a-4d84846e57bc" humanType="Association" classType="Association" name="NA" isRelationship="true" icon="StyleGuide_files/icon_association_2048180846.jpg"/></packagedElement><owningPackage refid="f4855656-0ec6-465b-84c2-748089f0b2f6" refElementId="f4855656-0ec6-465b-84c2-748089f0b2f6" humanType="Package" classType="Package" name="AFLCMC Rule Examples" icon="StyleGuide_files/icon_package_1704329166.jpg" humanName="Owning Package"/><owner refid="f4855656-0ec6-465b-84c2-748089f0b2f6" refElementId="f4855656-0ec6-465b-84c2-748089f0b2f6" humanType="Package" classType="Package" name="AFLCMC Rule Examples" icon="StyleGuide_files/icon_package_1704329166.jpg" humanName="Owner" mode="s,e"/><ownedType humanName="Owned Type"><block refid="76816b2a-c668-45a8-9c82-d07b2232f0bd" refElementId="76816b2a-c668-45a8-9c82-d07b2232f0bd" humanType="Block" classType="Class" name="Whole" icon="StyleGuide_files/icon_block_115264500.jpg"/><block refid="13a843de-16b9-460d-b629-ee3ff5d9182f" refElementId="13a843de-16b9-460d-b629-ee3ff5d9182f" humanType="Block" classType="Class" name="Part" icon="StyleGuide_files/icon_block_115264500.jpg"/><association refid="09f53e39-7c92-46f7-8306-b946abd47442" refElementId="09f53e39-7c92-46f7-8306-b946abd47442" humanType="Association" classType="Association" name="NA" isRelationship="true" icon="StyleGuide_files/icon_association_1156766561.jpg"/><block refid="ec6cce79-0214-4470-9b81-0b5bd30ffc59" refElementId="ec6cce79-0214-4470-9b81-0b5bd30ffc59" humanType="Block" classType="Class" name="Part A" icon="StyleGuide_files/icon_block_115264500.jpg"/><association refid="9133977e-c91a-4696-8e0a-4d84846e57bc" refElementId="9133977e-c91a-4696-8e0a-4d84846e57bc" humanType="Association" classType="Association" name="NA" isRelationship="true" icon="StyleGuide_files/icon_association_2048180846.jpg"/></ownedType><ownedMember humanName="Owned Member"><block refid="76816b2a-c668-45a8-9c82-d07b2232f0bd" refElementId="76816b2a-c668-45a8-9c82-d07b2232f0bd" humanType="Block" classType="Class" name="Whole" icon="StyleGuide_files/icon_block_115264500.jpg"/><block refid="13a843de-16b9-460d-b629-ee3ff5d9182f" refElementId="13a843de-16b9-460d-b629-ee3ff5d9182f" humanType="Block" classType="Class" name="Part" icon="StyleGuide_files/icon_block_115264500.jpg"/><association refid="09f53e39-7c92-46f7-8306-b946abd47442" refElementId="09f53e39-7c92-46f7-8306-b946abd47442" humanType="Association" classType="Association" name="NA" isRelationship="true" icon="StyleGuide_files/icon_association_1156766561.jpg"/><block refid="ec6cce79-0214-4470-9b81-0b5bd30ffc59" refElementId="ec6cce79-0214-4470-9b81-0b5bd30ffc59" humanType="Block" classType="Class" name="Part A" icon="StyleGuide_files/icon_block_115264500.jpg"/><association refid="9133977e-c91a-4696-8e0a-4d84846e57bc" refElementId="9133977e-c91a-4696-8e0a-4d84846e57bc" humanType="Association" classType="Association" name="NA" isRelationship="true" icon="StyleGuide_files/icon_association_2048180846.jpg"/><diagram refid="136a9b6a-2f54-4458-b516-f27c353975f7" refElementId="136a9b6a-2f54-4458-b516-f27c353975f7" humanType="Diagram" classType="Diagram" name="10. Use of aggregation" diagramType="SysML Block Definition Diagram" icon="StyleGuide_files/icon_SysML Block Definition Diagram_503060400.jpg"/></ownedMember><ownedElement humanName="Owned Element"><block refid="76816b2a-c668-45a8-9c82-d07b2232f0bd" refElementId="76816b2a-c668-45a8-9c82-d07b2232f0bd" humanType="Block" classType="Class" name="Whole" icon="StyleGuide_files/icon_block_115264500.jpg"/><block refid="13a843de-16b9-460d-b629-ee3ff5d9182f" refElementId="13a843de-16b9-460d-b629-ee3ff5d9182f" humanType="Block" classType="Class" name="Part" icon="StyleGuide_files/icon_block_115264500.jpg"/><association refid="09f53e39-7c92-46f7-8306-b946abd47442" refElementId="09f53e39-7c92-46f7-8306-b946abd47442" humanType="Association" classType="Association" name="NA" isRelationship="true" icon="StyleGuide_files/icon_association_1156766561.jpg"/><block refid="ec6cce79-0214-4470-9b81-0b5bd30ffc59" refElementId="ec6cce79-0214-4470-9b81-0b5bd30ffc59" humanType="Block" classType="Class" name="Part A" icon="StyleGuide_files/icon_block_115264500.jpg"/><association refid="9133977e-c91a-4696-8e0a-4d84846e57bc" refElementId="9133977e-c91a-4696-8e0a-4d84846e57bc" humanType="Association" classType="Association" name="NA" isRelationship="true" icon="StyleGuide_files/icon_association_2048180846.jpg"/><diagram refid="136a9b6a-2f54-4458-b516-f27c353975f7" refElementId="136a9b6a-2f54-4458-b516-f27c353975f7" humanType="Diagram" classType="Diagram" name="10. Use of aggregation" diagramType="SysML Block Definition Diagram" icon="StyleGuide_files/icon_SysML Block Definition Diagram_503060400.jpg"/></ownedElement><ownedDiagram humanName="Owned Diagram"><diagram refid="136a9b6a-2f54-4458-b516-f27c353975f7" refElementId="136a9b6a-2f54-4458-b516-f27c353975f7" humanType="Diagram" classType="Diagram" name="10. Use of aggregation" diagramType="SysML Block Definition Diagram" icon="StyleGuide_files/icon_SysML Block Definition Diagram_503060400.jpg"/></ownedDiagram><nestingPackage refid="f4855656-0ec6-465b-84c2-748089f0b2f6" refElementId="f4855656-0ec6-465b-84c2-748089f0b2f6" humanType="Package" classType="Package" name="AFLCMC Rule Examples" icon="StyleGuide_files/icon_package_1704329166.jpg" humanName="Nesting Package"/><namespace refid="f4855656-0ec6-465b-84c2-748089f0b2f6" refElementId="f4855656-0ec6-465b-84c2-748089f0b2f6" humanType="Package" classType="Package" name="AFLCMC Rule Examples" icon="StyleGuide_files/icon_package_1704329166.jpg" humanName="Namespace"/><name humanName="Name" mode="s,e">10. Use of aggregation</name><member humanName="Member"><block refid="76816b2a-c668-45a8-9c82-d07b2232f0bd" refElementId="76816b2a-c668-45a8-9c82-d07b2232f0bd" humanType="Block" classType="Class" name="Whole" icon="StyleGuide_files/icon_block_115264500.jpg"/><block refid="13a843de-16b9-460d-b629-ee3ff5d9182f" refElementId="13a843de-16b9-460d-b629-ee3ff5d9182f" humanType="Block" classType="Class" name="Part" icon="StyleGuide_files/icon_block_115264500.jpg"/><association refid="09f53e39-7c92-46f7-8306-b946abd47442" refElementId="09f53e39-7c92-46f7-8306-b946abd47442" humanType="Association" classType="Association" name="NA" isRelationship="true" icon="StyleGuide_files/icon_association_1156766561.jpg"/><block refid="ec6cce79-0214-4470-9b81-0b5bd30ffc59" refElementId="ec6cce79-0214-4470-9b81-0b5bd30ffc59" humanType="Block" classType="Class" name="Part A" icon="StyleGuide_files/icon_block_115264500.jpg"/><association refid="9133977e-c91a-4696-8e0a-4d84846e57bc" refElementId="9133977e-c91a-4696-8e0a-4d84846e57bc" humanType="Association" classType="Association" name="NA" isRelationship="true" icon="StyleGuide_files/icon_association_2048180846.jpg"/><diagram refid="136a9b6a-2f54-4458-b516-f27c353975f7" refElementId="136a9b6a-2f54-4458-b516-f27c353975f7" humanType="Diagram" classType="Diagram" name="10. Use of aggregation" diagramType="SysML Block Definition Diagram" icon="StyleGuide_files/icon_SysML Block Definition Diagram_503060400.jpg"/></member><documentation humanName="Documentation">NA</documentation><URI humanName="URI" mode="s,e">NA</URI><TO_DO humanName="To Do" mode="s,e">NA</TO_DO><ActiveHyperlink humanName="Active Hyperlink" mode="e">NA</ActiveHyperlink><report_appliedStereotype_tags humanName="Applied Stereotype" requireSort="element" mode="s,e"/></package></magicdraw>