<?xml version='1.0' encoding='UTF-8'?><magicdraw><actor id="1fbb069e-5df3-4e6d-a5d8-9c4ed9925bce" refElementId="1fbb069e-5df3-4e6d-a5d8-9c4ed9925bce" humanType="Actor" classType="Actor" requireSort="node" icon="StyleGuide_files/icon_actor_1779524436.jpg"><visibility humanName="Visibility">public</visibility><qualifiedName humanName="Qualified Name" mode="e">AFLCMC Style Guide Rules::AFLCMC Rule Examples::21. Actor interactions::Actor</qualifiedName><package refid="08a6b552-e231-4ac3-8da8-f22175a482af" refElementId="08a6b552-e231-4ac3-8da8-f22175a482af" humanType="Package" classType="Package" name="21. Actor interactions" hasDiagram="true" icon="StyleGuide_files/icon_package_1704329166.jpg" humanName="Package"/><owningPackage refid="08a6b552-e231-4ac3-8da8-f22175a482af" refElementId="08a6b552-e231-4ac3-8da8-f22175a482af" humanType="Package" classType="Package" name="21. Actor interactions" hasDiagram="true" icon="StyleGuide_files/icon_package_1704329166.jpg" humanName="Owning Package"/><owner refid="08a6b552-e231-4ac3-8da8-f22175a482af" refElementId="08a6b552-e231-4ac3-8da8-f22175a482af" humanType="Package" classType="Package" name="21. Actor interactions" hasDiagram="true" icon="StyleGuide_files/icon_package_1704329166.jpg" humanName="Owner" mode="s,e"/><namespace refid="08a6b552-e231-4ac3-8da8-f22175a482af" refElementId="08a6b552-e231-4ac3-8da8-f22175a482af" humanType="Package" classType="Package" name="21. Actor interactions" hasDiagram="true" icon="StyleGuide_files/icon_package_1704329166.jpg" humanName="Namespace"/><name humanName="Name" mode="s,e">Actor</name><isLeaf humanName="Is Leaf">false</isLeaf><isFinalSpecialization humanName="Is Final Specialization">false</isFinalSpecialization><isAbstract humanName="Is Abstract" mode="s,e">false</isAbstract><documentation humanName="Documentation">NA</documentation><TO_DO humanName="To Do" mode="s,e">NA</TO_DO><ActiveHyperlink humanName="Active Hyperlink" mode="e">NA</ActiveHyperlink><report_appliedStereotype_tags humanName="Applied Stereotype" requireSort="element" mode="s,e"/></actor></magicdraw>