<?xml version='1.0' encoding='UTF-8'?><magicdraw><block id="2718addc-2121-429c-b50f-bc139f04325d" refElementId="2718addc-2121-429c-b50f-bc139f04325d" humanType="Block" classType="Class" requireSort="node" icon="StyleGuide_files/icon_block_1918934099.jpg"><documentation humanName="Documentation" mode="s">1. the branch of metaphysics dealing with the nature of being.
2. a set of concepts and categories in a subject area or domain that shows their properties and the relations between them.

Ref: https://languages.oup.com/google-dictionary-en</documentation><visibility humanName="Visibility">public</visibility><qualifiedName humanName="Qualified Name" mode="e">AFLCMC Style Guide Rules::AFLCMC Rule Examples::5. References &amp; Citations::Ontology</qualifiedName><package refid="606736f0-f194-4355-a9e4-ceaec1f09186" refElementId="606736f0-f194-4355-a9e4-ceaec1f09186" humanType="Package" classType="Package" name="5. References &amp; Citations" hasDiagram="true" icon="StyleGuide_files/icon_package_1704329166.jpg" humanName="Package"/><owningPackage refid="606736f0-f194-4355-a9e4-ceaec1f09186" refElementId="606736f0-f194-4355-a9e4-ceaec1f09186" humanType="Package" classType="Package" name="5. References &amp; Citations" hasDiagram="true" icon="StyleGuide_files/icon_package_1704329166.jpg" humanName="Owning Package"/><owner refid="606736f0-f194-4355-a9e4-ceaec1f09186" refElementId="606736f0-f194-4355-a9e4-ceaec1f09186" humanType="Package" classType="Package" name="5. References &amp; Citations" hasDiagram="true" icon="StyleGuide_files/icon_package_1704329166.jpg" humanName="Owner" mode="s,e"/><ownedElement humanName="Owned Element"><comment refid="0a05d310-12e7-4815-a1ec-4edba632db2c" refElementId="0a05d310-12e7-4815-a1ec-4edba632db2c" humanType="Comment" classType="Comment" name="1. the branch of metaphysics dealing with the natu..." icon="StyleGuide_files/icon_comment_568925759.jpg"/></ownedElement><ownedComment humanName="Owned Comment"><comment refid="0a05d310-12e7-4815-a1ec-4edba632db2c" refElementId="0a05d310-12e7-4815-a1ec-4edba632db2c" humanType="Comment" classType="Comment" name="1. the branch of metaphysics dealing with the natu..." icon="StyleGuide_files/icon_comment_568925759.jpg"/></ownedComment><namespace refid="606736f0-f194-4355-a9e4-ceaec1f09186" refElementId="606736f0-f194-4355-a9e4-ceaec1f09186" humanType="Package" classType="Package" name="5. References &amp; Citations" hasDiagram="true" icon="StyleGuide_files/icon_package_1704329166.jpg" humanName="Namespace"/><name humanName="Name" mode="s,e">Ontology</name><isLeaf humanName="Is Leaf">false</isLeaf><isFinalSpecialization humanName="Is Final Specialization">false</isFinalSpecialization><isActive humanName="Is Active" mode="e">false</isActive><isAbstract humanName="Is Abstract">false</isAbstract><effectiveIRI humanName="Effective IRI">NA</effectiveIRI><derivedExplanation humanName="Derived Explanation">NA</derivedExplanation><appliedStereotype humanName="Applied Stereotype" mode="e"><stereotype refid="2a4f4cbc-9ea6-4f20-b409-6716a55a9e59" refElementId="2a4f4cbc-9ea6-4f20-b409-6716a55a9e59" humanType="Stereotype" classType="Stereotype" name="Block" icon="StyleGuide_files/icon_stereotype_1918934099.jpg"/></appliedStereotype><TO_DO humanName="To Do">NA</TO_DO><ActiveHyperlink humanName="Active Hyperlink">NA</ActiveHyperlink><report_appliedStereotype_tags humanName="Applied Stereotype" requireSort="element" mode="e"><stereotype refid="2a4f4cbc-9ea6-4f20-b409-6716a55a9e59" refElementId="2a4f4cbc-9ea6-4f20-b409-6716a55a9e59" humanType="Stereotype" classType="Stereotype" name="Block" icon="StyleGuide_files/icon_stereotype_1918934099.jpg"><property requireSort="name" refid="bc7751b1-76b0-4daa-9db2-8f2e91343ae1" refElementId="bc7751b1-76b0-4daa-9db2-8f2e91343ae1" humanType="Property" classType="Property" name="base_Class" icon="StyleGuide_files/icon_property_1714208984.jpg" humanName="Base_ Class"/><property requireSort="name" refid="bcd3c93f-2a66-496e-b6e5-3c281bfca79a" refElementId="bcd3c93f-2a66-496e-b6e5-3c281bfca79a" humanType="Property" classType="Property" name="isEncapsulated" icon="StyleGuide_files/icon_property_1714208984.jpg" humanName="Is Encapsulated"/></stereotype></report_appliedStereotype_tags></block></magicdraw>