<?xml version='1.0' encoding='UTF-8'?><magicdraw><valueproperty id="27534459-de12-4ee0-b4ec-0d08aa488b20" refElementId="27534459-de12-4ee0-b4ec-0d08aa488b20" humanType="Value Property" classType="Property" requireSort="node" icon="StyleGuide_files/icon_valueproperty_394706776.jpg"><upper humanName="Upper">1</upper><redefinitionContext humanName="Redefinition Context"><block refid="9b716392-feae-4bc7-9600-cda27b74ffec" refElementId="9b716392-feae-4bc7-9600-cda27b74ffec" humanType="Block" classType="Class" name="Block" icon="StyleGuide_files/icon_block_115264500.jpg"/></redefinitionContext><qualifiedName humanName="Qualified Name" mode="e">AFLCMC Style Guide Rules::AFLCMC Rule Examples::13. Model consistency ::Block::UpperCamelCase</qualifiedName><owner refid="9b716392-feae-4bc7-9600-cda27b74ffec" refElementId="9b716392-feae-4bc7-9600-cda27b74ffec" humanType="Block" classType="Class" name="Block" icon="StyleGuide_files/icon_block_115264500.jpg" humanName="Owner"/><namespace refid="9b716392-feae-4bc7-9600-cda27b74ffec" refElementId="9b716392-feae-4bc7-9600-cda27b74ffec" humanType="Block" classType="Class" name="Block" icon="StyleGuide_files/icon_block_115264500.jpg" humanName="Namespace"/><name humanName="Name" mode="s,e">UpperCamelCase</name><multiplicity humanName="Multiplicity" mode="s,e">NA</multiplicity><lower humanName="Lower">1</lower><isUnique humanName="Is Unique" mode="e">true</isUnique><isStatic humanName="Is Static" mode="s,e">false</isStatic><isReadOnly humanName="Is Read Only" mode="s,e">false</isReadOnly><isOrdered humanName="Is Ordered" mode="e">false</isOrdered><isLeaf humanName="Is Leaf">false</isLeaf><isID humanName="Is ID" mode="e">false</isID><isDerivedUnion humanName="Is Derived Union" mode="e">false</isDerivedUnion><isDerived humanName="Is Derived" mode="s,e">false</isDerived><isComposite humanName="Is Composite">true</isComposite><featuringClassifier refid="9b716392-feae-4bc7-9600-cda27b74ffec" refElementId="9b716392-feae-4bc7-9600-cda27b74ffec" humanType="Block" classType="Class" name="Block" icon="StyleGuide_files/icon_block_115264500.jpg" humanName="Featuring Classifier"/><effectiveIRI humanName="Effective IRI">NA</effectiveIRI><documentation humanName="Documentation">NA</documentation><classifier refid="9b716392-feae-4bc7-9600-cda27b74ffec" refElementId="9b716392-feae-4bc7-9600-cda27b74ffec" humanType="Block" classType="Class" name="Block" icon="StyleGuide_files/icon_block_115264500.jpg" humanName="Classifier"/><appliedStereotype humanName="Applied Stereotype" mode="s,e"><stereotype refid="9d76fcf3-1072-4d15-b85e-a461df5ad381" refElementId="9d76fcf3-1072-4d15-b85e-a461df5ad381" humanType="Stereotype" classType="Stereotype" name="ValueProperty" icon="StyleGuide_files/icon_stereotype_394706776.jpg"/></appliedStereotype><aggregation humanName="Aggregation" mode="s,e">composite</aggregation><UMLClass refid="9b716392-feae-4bc7-9600-cda27b74ffec" refElementId="9b716392-feae-4bc7-9600-cda27b74ffec" humanType="Block" classType="Class" name="Block" icon="StyleGuide_files/icon_block_115264500.jpg" humanName="Class"/><TYPE_MODIFIER humanName="Type Modifier" mode="e">NA</TYPE_MODIFIER><TO_DO humanName="To Do" mode="s,e">NA</TO_DO><ActiveHyperlink humanName="Active Hyperlink">NA</ActiveHyperlink><ownedBy refid="9b716392-feae-4bc7-9600-cda27b74ffec" refElementId="9b716392-feae-4bc7-9600-cda27b74ffec" humanType="Block" classType="Class" name="Block" icon="StyleGuide_files/icon_block_115264500.jpg" humanName="Owned By"/><navigable humanName="Navigable">true</navigable><report_appliedStereotype_tags humanName="Applied Stereotype" requireSort="element" mode="s,e"><stereotype refid="9d76fcf3-1072-4d15-b85e-a461df5ad381" refElementId="9d76fcf3-1072-4d15-b85e-a461df5ad381" humanType="Stereotype" classType="Stereotype" name="ValueProperty" icon="StyleGuide_files/icon_stereotype_394706776.jpg"><property requireSort="name" refid="fec932b2-935e-42e4-ace0-fe8562104a7c" refElementId="fec932b2-935e-42e4-ace0-fe8562104a7c" humanType="Property" classType="Property" name="base_Element" icon="StyleGuide_files/icon_property_1714208984.jpg" humanName="Base_ Element"/><property requireSort="name" refid="963e6763-4abd-4b46-9501-3c2f64a59de7" refElementId="963e6763-4abd-4b46-9501-3c2f64a59de7" humanType="Property" classType="Property" name="base_Property" icon="StyleGuide_files/icon_property_1714208984.jpg" humanName="Base_ Property"/></stereotype></report_appliedStereotype_tags></valueproperty></magicdraw>