<?xml version='1.0' encoding='UTF-8'?><magicdraw><property id="28ecc6e3-e0c3-4675-8ced-e4f12a0ee014" refElementId="28ecc6e3-e0c3-4675-8ced-e4f12a0ee014" humanType="Property" classType="Property" requireSort="node" icon="StyleGuide_files/icon_property_1714208984.jpg"><visibility humanName="Visibility" mode="e">private</visibility><upper humanName="Upper">1</upper><type refid="493be972-5a04-4ba6-a771-7f5c1a27c8e6" refElementId="493be972-5a04-4ba6-a771-7f5c1a27c8e6" humanType="Class" classType="Class" name="Element" icon="StyleGuide_files/icon_class_1856543472.jpg" humanName="Type" mode="s,e"/><redefinitionContext humanName="Redefinition Context"><stereotype refid="64cf2b43-ccd7-4657-a295-dd55e831eb6e" refElementId="64cf2b43-ccd7-4657-a295-dd55e831eb6e" humanType="Stereotype" classType="Stereotype" name="post-condition" icon="StyleGuide_files/icon_stereotype_726025092.jpg"/></redefinitionContext><qualifiedName humanName="Qualified Name" mode="e">AFLCMC Style Guide Rules::AFLCMC Rule Examples::22. Use Case Precondition &amp; 23. Use  Case Post-condition::Profile::post-condition::base_Element</qualifiedName><owner refid="64cf2b43-ccd7-4657-a295-dd55e831eb6e" refElementId="64cf2b43-ccd7-4657-a295-dd55e831eb6e" humanType="Stereotype" classType="Stereotype" name="post-condition" icon="StyleGuide_files/icon_stereotype_726025092.jpg" humanName="Owner"/><opposite refid="4ac9cf50-4c56-4bf8-aca3-596a58cdbcbd" refElementId="4ac9cf50-4c56-4bf8-aca3-596a58cdbcbd" humanType="Extension End" classType="ExtensionEnd" name="extension_unnamed1" icon="StyleGuide_files/icon_extensionend_189990434.jpg" humanName="Opposite"/><namespace refid="64cf2b43-ccd7-4657-a295-dd55e831eb6e" refElementId="64cf2b43-ccd7-4657-a295-dd55e831eb6e" humanType="Stereotype" classType="Stereotype" name="post-condition" icon="StyleGuide_files/icon_stereotype_726025092.jpg" humanName="Namespace"/><name humanName="Name" mode="s,e">base_Element</name><multiplicity humanName="Multiplicity" mode="s,e">NA</multiplicity><lower humanName="Lower">1</lower><isUnique humanName="Is Unique" mode="e">true</isUnique><isStatic humanName="Is Static" mode="s,e">false</isStatic><isReadOnly humanName="Is Read Only" mode="s,e">false</isReadOnly><isOrdered humanName="Is Ordered" mode="e">false</isOrdered><isLeaf humanName="Is Leaf">false</isLeaf><isID humanName="Is ID" mode="e">false</isID><isDerivedUnion humanName="Is Derived Union" mode="e">false</isDerivedUnion><isDerived humanName="Is Derived" mode="s,e">false</isDerived><isComposite humanName="Is Composite">false</isComposite><featuringClassifier refid="64cf2b43-ccd7-4657-a295-dd55e831eb6e" refElementId="64cf2b43-ccd7-4657-a295-dd55e831eb6e" humanType="Stereotype" classType="Stereotype" name="post-condition" icon="StyleGuide_files/icon_stereotype_726025092.jpg" humanName="Featuring Classifier"/><effectiveIRI humanName="Effective IRI">NA</effectiveIRI><documentation humanName="Documentation">NA</documentation><classifier refid="64cf2b43-ccd7-4657-a295-dd55e831eb6e" refElementId="64cf2b43-ccd7-4657-a295-dd55e831eb6e" humanType="Stereotype" classType="Stereotype" name="post-condition" icon="StyleGuide_files/icon_stereotype_726025092.jpg" humanName="Classifier"/><association refid="fe241adc-0596-417d-bb7d-ade7ce7ed64c" refElementId="fe241adc-0596-417d-bb7d-ade7ce7ed64c" humanType="Extension" classType="Extension" name="NA" isRelationship="true" icon="StyleGuide_files/icon_extension_367537354.jpg" humanName="Association"/><aggregation humanName="Aggregation" mode="s,e">none</aggregation><UMLClass refid="64cf2b43-ccd7-4657-a295-dd55e831eb6e" refElementId="64cf2b43-ccd7-4657-a295-dd55e831eb6e" humanType="Stereotype" classType="Stereotype" name="post-condition" icon="StyleGuide_files/icon_stereotype_726025092.jpg" humanName="Class"/><TYPE_MODIFIER humanName="Type Modifier" mode="e">NA</TYPE_MODIFIER><TO_DO humanName="To Do" mode="s,e">NA</TO_DO><ActiveHyperlink humanName="Active Hyperlink">NA</ActiveHyperlink><ownedBy refid="64cf2b43-ccd7-4657-a295-dd55e831eb6e" refElementId="64cf2b43-ccd7-4657-a295-dd55e831eb6e" humanType="Stereotype" classType="Stereotype" name="post-condition" icon="StyleGuide_files/icon_stereotype_726025092.jpg" humanName="Owned By"/><navigable humanName="Navigable">true</navigable><report_appliedStereotype_tags humanName="Applied Stereotype" requireSort="element" mode="s,e"/></property></magicdraw>