<?xml version='1.0' encoding='UTF-8'?><magicdraw><profileapplication id="2a7a2965-8a79-41c9-83ac-ed68e9f4e1ed" refElementId="2a7a2965-8a79-41c9-83ac-ed68e9f4e1ed" humanType="Profile Application" classType="ProfileApplication" requireSort="node" icon="StyleGuide_files/icon_profileapplication_1212833245.jpg"><target humanName="Target"><profile refid="f76eeda2-8caa-4deb-a7e7-c706328ea3fb" refElementId="f76eeda2-8caa-4deb-a7e7-c706328ea3fb" humanType="Profile" classType="Profile" name="SysML" icon="StyleGuide_files/icon_profile_1731814517.jpg"/></target><taggedValue humanName="Tagged Value"><booleantaggedvalue refid="68c28687-b21b-4e52-814f-87f50763b07b" refElementId="68c28687-b21b-4e52-814f-87f50763b07b" humanType="Boolean Tagged Value" classType="BooleanTaggedValue" name="treatAsAuxiliaryInOwningProject = true" icon="StyleGuide_files/icon_booleantaggedvalue_2126899808.jpg"/></taggedValue><source humanName="Source"><model refid="2f94faf1-f329-462d-ab1c-a51cfec69335" refElementId="2f94faf1-f329-462d-ab1c-a51cfec69335" humanType="Model" classType="Model" name="AFLCMC Style Guide" icon="StyleGuide_files/icon_model_1438076523.jpg"/></source><relatedElement humanName="Related Element"><profile refid="f76eeda2-8caa-4deb-a7e7-c706328ea3fb" refElementId="f76eeda2-8caa-4deb-a7e7-c706328ea3fb" humanType="Profile" classType="Profile" name="SysML" icon="StyleGuide_files/icon_profile_1731814517.jpg"/><model refid="2f94faf1-f329-462d-ab1c-a51cfec69335" refElementId="2f94faf1-f329-462d-ab1c-a51cfec69335" humanType="Model" classType="Model" name="AFLCMC Style Guide" icon="StyleGuide_files/icon_model_1438076523.jpg"/></relatedElement><owner refid="2f94faf1-f329-462d-ab1c-a51cfec69335" refElementId="2f94faf1-f329-462d-ab1c-a51cfec69335" humanType="Model" classType="Model" name="AFLCMC Style Guide" icon="StyleGuide_files/icon_model_1438076523.jpg" humanName="Owner" mode="s,e"/><ownedElement humanName="Owned Element"><booleantaggedvalue refid="68c28687-b21b-4e52-814f-87f50763b07b" refElementId="68c28687-b21b-4e52-814f-87f50763b07b" humanType="Boolean Tagged Value" classType="BooleanTaggedValue" name="treatAsAuxiliaryInOwningProject = true" icon="StyleGuide_files/icon_booleantaggedvalue_2126899808.jpg"/></ownedElement><isStrict humanName="Is Strict" mode="s,e">false</isStrict><documentation humanName="Documentation">NA</documentation><applyingPackage refid="2f94faf1-f329-462d-ab1c-a51cfec69335" refElementId="2f94faf1-f329-462d-ab1c-a51cfec69335" humanType="Model" classType="Model" name="AFLCMC Style Guide" icon="StyleGuide_files/icon_model_1438076523.jpg" humanName="Applying Package" mode="s,e"/><appliedStereotype humanName="Applied Stereotype"><stereotype refid="2f2ff93d-a913-4e82-934c-f1c54b35a073" refElementId="2f2ff93d-a913-4e82-934c-f1c54b35a073" humanType="Stereotype" classType="Stereotype" name="auxiliaryResource" icon="StyleGuide_files/icon_stereotype_726025092.jpg"/></appliedStereotype><appliedProfile refid="f76eeda2-8caa-4deb-a7e7-c706328ea3fb" refElementId="f76eeda2-8caa-4deb-a7e7-c706328ea3fb" humanType="Profile" classType="Profile" name="SysML" icon="StyleGuide_files/icon_profile_1731814517.jpg" humanName="Applied Profile" mode="s,e"/><TO_DO humanName="To Do" mode="s,e">NA</TO_DO><ActiveHyperlink humanName="Active Hyperlink">NA</ActiveHyperlink><report_appliedStereotype_tags humanName="Applied Stereotype" requireSort="element"><stereotype refid="2f2ff93d-a913-4e82-934c-f1c54b35a073" refElementId="2f2ff93d-a913-4e82-934c-f1c54b35a073" humanType="Stereotype" classType="Stereotype" name="auxiliaryResource" icon="StyleGuide_files/icon_stereotype_726025092.jpg"><property requireSort="name" refid="fec932b2-935e-42e4-ace0-fe8562104a7c" refElementId="fec932b2-935e-42e4-ace0-fe8562104a7c" humanType="Property" classType="Property" name="base_Element" icon="StyleGuide_files/icon_property_1714208984.jpg" humanName="Base_ Element"/><property requireSort="name" refid="099e4b0a-d122-4f58-85d0-0381aa9c3bd6" refElementId="099e4b0a-d122-4f58-85d0-0381aa9c3bd6" humanType="Property" classType="Property" name="base_Element" icon="StyleGuide_files/icon_property_1714208984.jpg" humanName="Base_ Element"/><property requireSort="name" refid="ed2e4247-21d3-4818-a223-62f19a964ca9" refElementId="ed2e4247-21d3-4818-a223-62f19a964ca9" humanType="Property" classType="Property" name="treatAsAuxiliaryInOwningProject" icon="StyleGuide_files/icon_property_1714208984.jpg" humanName="Treat As Auxiliary In Owning Project"><Boolean>true</Boolean></property></stereotype></report_appliedStereotype_tags></profileapplication></magicdraw>