<?xml version='1.0' encoding='UTF-8'?><magicdraw><referenceproperty id="2bd99498-49a4-441d-8871-67915a7eed97" refElementId="2bd99498-49a4-441d-8871-67915a7eed97" humanType="Reference Property" classType="Property" requireSort="node" icon="StyleGuide_files/icon_referenceproperty_398808367.jpg"><visibility humanName="Visibility" mode="e">public</visibility><upper humanName="Upper">1</upper><type refid="ec6cce79-0214-4470-9b81-0b5bd30ffc59" refElementId="ec6cce79-0214-4470-9b81-0b5bd30ffc59" humanType="Block" classType="Class" name="Part A" icon="StyleGuide_files/icon_block_115264500.jpg" humanName="Type" mode="s,e"/><redefinitionContext humanName="Redefinition Context"><block refid="76816b2a-c668-45a8-9c82-d07b2232f0bd" refElementId="76816b2a-c668-45a8-9c82-d07b2232f0bd" humanType="Block" classType="Class" name="Whole" icon="StyleGuide_files/icon_block_115264500.jpg"/></redefinitionContext><qualifiedName humanName="Qualified Name" mode="e">AFLCMC Style Guide Rules::AFLCMC Rule Examples::10. Use of aggregation::Whole::part A</qualifiedName><owner refid="76816b2a-c668-45a8-9c82-d07b2232f0bd" refElementId="76816b2a-c668-45a8-9c82-d07b2232f0bd" humanType="Block" classType="Class" name="Whole" icon="StyleGuide_files/icon_block_115264500.jpg" humanName="Owner"/><opposite refid="7cc66b36-b491-4664-b3f7-396447cbb7ef" refElementId="7cc66b36-b491-4664-b3f7-396447cbb7ef" humanType="Property" classType="Property" name="NA" icon="StyleGuide_files/icon_property_1714208984.jpg" humanName="Opposite"/><namespace refid="76816b2a-c668-45a8-9c82-d07b2232f0bd" refElementId="76816b2a-c668-45a8-9c82-d07b2232f0bd" humanType="Block" classType="Class" name="Whole" icon="StyleGuide_files/icon_block_115264500.jpg" humanName="Namespace"/><name humanName="Name" mode="s,e">part A</name><multiplicity humanName="Multiplicity" mode="s,e">NA</multiplicity><lower humanName="Lower">1</lower><isUnique humanName="Is Unique" mode="e">true</isUnique><isStatic humanName="Is Static" mode="s,e">false</isStatic><isReadOnly humanName="Is Read Only" mode="s,e">false</isReadOnly><isOrdered humanName="Is Ordered" mode="e">false</isOrdered><isLeaf humanName="Is Leaf">false</isLeaf><isID humanName="Is ID" mode="e">false</isID><isDerivedUnion humanName="Is Derived Union" mode="e">false</isDerivedUnion><isDerived humanName="Is Derived" mode="s,e">false</isDerived><isComposite humanName="Is Composite">false</isComposite><featuringClassifier refid="76816b2a-c668-45a8-9c82-d07b2232f0bd" refElementId="76816b2a-c668-45a8-9c82-d07b2232f0bd" humanType="Block" classType="Class" name="Whole" icon="StyleGuide_files/icon_block_115264500.jpg" humanName="Featuring Classifier"/><effectiveIRI humanName="Effective IRI">NA</effectiveIRI><documentation humanName="Documentation">NA</documentation><classifier refid="76816b2a-c668-45a8-9c82-d07b2232f0bd" refElementId="76816b2a-c668-45a8-9c82-d07b2232f0bd" humanType="Block" classType="Class" name="Whole" icon="StyleGuide_files/icon_block_115264500.jpg" humanName="Classifier"/><association refid="9133977e-c91a-4696-8e0a-4d84846e57bc" refElementId="9133977e-c91a-4696-8e0a-4d84846e57bc" humanType="Association" classType="Association" name="NA" isRelationship="true" icon="StyleGuide_files/icon_association_2048180846.jpg" humanName="Association"/><appliedStereotype humanName="Applied Stereotype" mode="s,e"><stereotype refid="975b44dd-e52f-4ee9-89ce-1e6f1bcf2de3" refElementId="975b44dd-e52f-4ee9-89ce-1e6f1bcf2de3" humanType="Stereotype" classType="Stereotype" name="ReferenceProperty" icon="StyleGuide_files/icon_stereotype_398808367.jpg"/></appliedStereotype><aggregation humanName="Aggregation" mode="s,e">shared</aggregation><UMLClass refid="76816b2a-c668-45a8-9c82-d07b2232f0bd" refElementId="76816b2a-c668-45a8-9c82-d07b2232f0bd" humanType="Block" classType="Class" name="Whole" icon="StyleGuide_files/icon_block_115264500.jpg" humanName="Class"/><TYPE_MODIFIER humanName="Type Modifier" mode="e">NA</TYPE_MODIFIER><TO_DO humanName="To Do" mode="s,e">NA</TO_DO><ActiveHyperlink humanName="Active Hyperlink">NA</ActiveHyperlink><ownedBy refid="76816b2a-c668-45a8-9c82-d07b2232f0bd" refElementId="76816b2a-c668-45a8-9c82-d07b2232f0bd" humanType="Block" classType="Class" name="Whole" icon="StyleGuide_files/icon_block_115264500.jpg" humanName="Owned By"/><navigable humanName="Navigable">true</navigable><report_appliedStereotype_tags humanName="Applied Stereotype" requireSort="element" mode="s,e"><stereotype refid="975b44dd-e52f-4ee9-89ce-1e6f1bcf2de3" refElementId="975b44dd-e52f-4ee9-89ce-1e6f1bcf2de3" humanType="Stereotype" classType="Stereotype" name="ReferenceProperty" icon="StyleGuide_files/icon_stereotype_398808367.jpg"><property requireSort="name" refid="fec932b2-935e-42e4-ace0-fe8562104a7c" refElementId="fec932b2-935e-42e4-ace0-fe8562104a7c" humanType="Property" classType="Property" name="base_Element" icon="StyleGuide_files/icon_property_1714208984.jpg" humanName="Base_ Element"/><property requireSort="name" refid="27091019-e633-48aa-9fac-6c4008748d0e" refElementId="27091019-e633-48aa-9fac-6c4008748d0e" humanType="Property" classType="Property" name="base_Property" icon="StyleGuide_files/icon_property_1714208984.jpg" humanName="Base_ Property"/><property requireSort="name" refid="27ba0235-2edb-413e-8816-f2109d1678a9" refElementId="27ba0235-2edb-413e-8816-f2109d1678a9" humanType="Property" classType="Property" name="base_Property" icon="StyleGuide_files/icon_property_1714208984.jpg" humanName="Base_ Property"/><property requireSort="name" refid="ebb026cc-db93-4a70-9ee9-7cbec8ebdacd" refElementId="ebb026cc-db93-4a70-9ee9-7cbec8ebdacd" humanType="Property" classType="Property" name="base_Property" icon="StyleGuide_files/icon_property_1714208984.jpg" humanName="Base_ Property"/></stereotype></report_appliedStereotype_tags></referenceproperty></magicdraw>