<?xml version='1.0' encoding='UTF-8'?><magicdraw><connectorend id="2d6c480f-9ded-4fbd-b6c5-817c0d30f313" refElementId="2d6c480f-9ded-4fbd-b6c5-817c0d30f313" humanType="Connector End" classType="ConnectorEnd" requireSort="node" icon="StyleGuide_files/icon_connectorend_1154174424.jpg"><upper humanName="Upper">1</upper><taggedValue humanName="Tagged Value"><elementtaggedvalue refid="366056c7-3ef7-4e76-99df-adaba64a93e0" refElementId="366056c7-3ef7-4e76-99df-adaba64a93e0" humanType="Element Tagged Value" classType="ElementTaggedValue" name="propertyPath = Component2" icon="StyleGuide_files/icon_elementtaggedvalue_1398767430.jpg"/></taggedValue><role refid="3a9e9fcc-4a56-4ce7-95c4-09fa66866fda" refElementId="3a9e9fcc-4a56-4ce7-95c4-09fa66866fda" humanType="Value Property" classType="Property" name="Comp2Mass" icon="StyleGuide_files/icon_valueproperty_417492629.jpg" humanName="Role" mode="s,e"/><owner refid="df306b51-896e-40a0-b0ed-74562951fa93" refElementId="df306b51-896e-40a0-b0ed-74562951fa93" humanType="Binding Connector" classType="Connector" name="NA" isRelationship="true" icon="StyleGuide_files/icon_bindingconnector_1620734737.jpg" humanName="Owner" mode="s,e"/><ownedElement humanName="Owned Element"><elementtaggedvalue refid="366056c7-3ef7-4e76-99df-adaba64a93e0" refElementId="366056c7-3ef7-4e76-99df-adaba64a93e0" humanType="Element Tagged Value" classType="ElementTaggedValue" name="propertyPath = Component2" icon="StyleGuide_files/icon_elementtaggedvalue_1398767430.jpg"/></ownedElement><multiplicity humanName="Multiplicity" mode="s,e">NA</multiplicity><lower humanName="Lower">1</lower><isUnique humanName="Is Unique">true</isUnique><isOrdered humanName="Is Ordered">false</isOrdered><documentation humanName="Documentation">NA</documentation><appliedStereotype humanName="Applied Stereotype" mode="s,e"><stereotype refid="02e035ae-f2fe-4c51-a909-d7812202ea2a" refElementId="02e035ae-f2fe-4c51-a909-d7812202ea2a" humanType="Stereotype" classType="Stereotype" name="NestedConnectorEnd" icon="StyleGuide_files/icon_stereotype_726025092.jpg"/></appliedStereotype><TO_DO humanName="To Do" mode="s,e">NA</TO_DO><ActiveHyperlink humanName="Active Hyperlink">NA</ActiveHyperlink><report_appliedStereotype_tags humanName="Applied Stereotype" requireSort="element" mode="s,e"><stereotype refid="02e035ae-f2fe-4c51-a909-d7812202ea2a" refElementId="02e035ae-f2fe-4c51-a909-d7812202ea2a" humanType="Stereotype" classType="Stereotype" name="NestedConnectorEnd" icon="StyleGuide_files/icon_stereotype_726025092.jpg"><property requireSort="name" refid="9eb28be7-de31-4228-99a4-3e49113c032a" refElementId="9eb28be7-de31-4228-99a4-3e49113c032a" humanType="Property" classType="Property" name="base_ConnectorEnd" icon="StyleGuide_files/icon_property_1714208984.jpg" humanName="Base_ Connector End"/><property requireSort="name" refid="fec932b2-935e-42e4-ace0-fe8562104a7c" refElementId="fec932b2-935e-42e4-ace0-fe8562104a7c" humanType="Property" classType="Property" name="base_Element" icon="StyleGuide_files/icon_property_1714208984.jpg" humanName="Base_ Element"/><property requireSort="name" refid="bfbb3468-bee4-4949-9aeb-0d32e0cac929" refElementId="bfbb3468-bee4-4949-9aeb-0d32e0cac929" humanType="Property" classType="Property" name="base_Element" icon="StyleGuide_files/icon_property_1714208984.jpg" humanName="Base_ Element"/><property requireSort="name" refid="25bd009f-c573-48f3-95bc-01afc1fe1734" refElementId="25bd009f-c573-48f3-95bc-01afc1fe1734" humanType="Property" classType="Property" name="propertyPath" icon="StyleGuide_files/icon_property_1714208984.jpg" humanName="Property Path"><partproperty refid="60a5f13a-ed9c-46ed-8e08-92082022bf94" refElementId="60a5f13a-ed9c-46ed-8e08-92082022bf94" humanType="Part Property" classType="Property" name="Component2" icon="StyleGuide_files/icon_partproperty_533272914.jpg"/></property></stereotype></report_appliedStereotype_tags></connectorend></magicdraw>