<?xml version='1.0' encoding='UTF-8'?><magicdraw><artifact id="2e68efdf-09e2-4bba-82d0-787a8cfe6f96" refElementId="2e68efdf-09e2-4bba-82d0-787a8cfe6f96" humanType="Artifact" classType="Artifact" requireSort="node" icon="StyleGuide_files/icon_artifact_1718708569.jpg"><visibility humanName="Visibility">public</visibility><qualifiedName humanName="Qualified Name" mode="e">AFLCMC Style Guide Rules::AFLCMC Rule Examples::1. Top Level Diagram, 12. Model scope &amp; purpose &amp;16. Diagram classification marking::External Document</qualifiedName><package refid="06bf5e69-b3f4-46b6-bf76-f1346ca68d23" refElementId="06bf5e69-b3f4-46b6-bf76-f1346ca68d23" humanType="Package" classType="Package" name="1. Top Level Diagram, 12. Model scope &amp; purpose &amp;16. Diagram classification marking" hasDiagram="true" icon="StyleGuide_files/icon_package_1704329166.jpg" humanName="Package"/><owningPackage refid="06bf5e69-b3f4-46b6-bf76-f1346ca68d23" refElementId="06bf5e69-b3f4-46b6-bf76-f1346ca68d23" humanType="Package" classType="Package" name="1. Top Level Diagram, 12. Model scope &amp; purpose &amp;16. Diagram classification marking" hasDiagram="true" icon="StyleGuide_files/icon_package_1704329166.jpg" humanName="Owning Package"/><owner refid="06bf5e69-b3f4-46b6-bf76-f1346ca68d23" refElementId="06bf5e69-b3f4-46b6-bf76-f1346ca68d23" humanType="Package" classType="Package" name="1. Top Level Diagram, 12. Model scope &amp; purpose &amp;16. Diagram classification marking" hasDiagram="true" icon="StyleGuide_files/icon_package_1704329166.jpg" humanName="Owner" mode="s,e"/><namespace refid="06bf5e69-b3f4-46b6-bf76-f1346ca68d23" refElementId="06bf5e69-b3f4-46b6-bf76-f1346ca68d23" humanType="Package" classType="Package" name="1. Top Level Diagram, 12. Model scope &amp; purpose &amp;16. Diagram classification marking" hasDiagram="true" icon="StyleGuide_files/icon_package_1704329166.jpg" humanName="Namespace"/><name humanName="Name" mode="s,e">External Document</name><isLeaf humanName="Is Leaf" mode="e">false</isLeaf><isFinalSpecialization humanName="Is Final Specialization" mode="e">false</isFinalSpecialization><isAbstract humanName="Is Abstract" mode="s,e">false</isAbstract><fileName humanName="File Name" mode="e">NA</fileName><documentation humanName="Documentation">NA</documentation><TO_DO humanName="To Do" mode="s,e">NA</TO_DO><ActiveHyperlink humanName="Active Hyperlink">NA</ActiveHyperlink><report_appliedStereotype_tags humanName="Applied Stereotype" requireSort="element" mode="s,e"/></artifact></magicdraw>