<?xml version='1.0' encoding='UTF-8'?><magicdraw><rationale id="2ed99989-2dcc-4707-a307-94925754ef33" refElementId="2ed99989-2dcc-4707-a307-94925754ef33" humanType="Rationale" classType="Comment" requireSort="node" icon="StyleGuide_files/icon_rationale_1252082738.jpg"><owningElement refid="a29a79a3-fd27-41f1-ab8e-742b23c646d1" refElementId="a29a79a3-fd27-41f1-ab8e-742b23c646d1" humanType="Requirement" classType="Class" name="24. Simulation" icon="StyleGuide_files/icon_requirement_1047273168.jpg" humanName="Owning Element"/><owner refid="a29a79a3-fd27-41f1-ab8e-742b23c646d1" refElementId="a29a79a3-fd27-41f1-ab8e-742b23c646d1" humanType="Requirement" classType="Class" name="24. Simulation" icon="StyleGuide_files/icon_requirement_1047273168.jpg" humanName="Owner" mode="s,e"/><documentation humanName="Documentation">NA</documentation><body humanName="Body" mode="s,e">Defers to those doing simulation.</body><appliedStereotype humanName="Applied Stereotype" mode="s,e"><stereotype refid="b8bdccbb-5972-4740-af73-7c1102b8e174" refElementId="b8bdccbb-5972-4740-af73-7c1102b8e174" humanType="Stereotype" classType="Stereotype" name="Rationale" icon="StyleGuide_files/icon_stereotype_1252082738.jpg"/></appliedStereotype><annotatedElement humanName="Annotated Element" mode="s,e"><requirement refid="a29a79a3-fd27-41f1-ab8e-742b23c646d1" refElementId="a29a79a3-fd27-41f1-ab8e-742b23c646d1" humanType="Requirement" classType="Class" name="24. Simulation" icon="StyleGuide_files/icon_requirement_1047273168.jpg"/></annotatedElement><TO_DO humanName="To Do" mode="s,e">NA</TO_DO><ActiveHyperlink humanName="Active Hyperlink">NA</ActiveHyperlink><report_appliedStereotype_tags humanName="Applied Stereotype" requireSort="element" mode="s,e"><stereotype refid="b8bdccbb-5972-4740-af73-7c1102b8e174" refElementId="b8bdccbb-5972-4740-af73-7c1102b8e174" humanType="Stereotype" classType="Stereotype" name="Rationale" icon="StyleGuide_files/icon_stereotype_1252082738.jpg"><property requireSort="name" refid="4081ac1c-ad9a-4728-ab04-2fc34bcdcba0" refElementId="4081ac1c-ad9a-4728-ab04-2fc34bcdcba0" humanType="Property" classType="Property" name="base_Comment" icon="StyleGuide_files/icon_property_1714208984.jpg" humanName="Base_ Comment"/></stereotype></report_appliedStereotype_tags></rationale></magicdraw>