<?xml version='1.0' encoding='UTF-8'?><magicdraw><model id="2f94faf1-f329-462d-ab1c-a51cfec69335" refElementId="2f94faf1-f329-462d-ab1c-a51cfec69335" humanType="Model" classType="Model" requireSort="node" icon="StyleGuide_files/icon_model_1438076523.jpg"><documentation humanName="Documentation" mode="s">Author:sean.walker.SB.
Created:8/16/2024 12:56 PM.
Title:.
Comment:.
</documentation><visibility humanName="Visibility">public</visibility><viewpoint humanName="Viewpoint">NA</viewpoint><qualifiedName humanName="Qualified Name" mode="e">AFLCMC Style Guide</qualifiedName><profileApplication humanName="Profile Application"><profileapplication refid="2a7a2965-8a79-41c9-83ac-ed68e9f4e1ed" refElementId="2a7a2965-8a79-41c9-83ac-ed68e9f4e1ed" humanType="Profile Application" classType="ProfileApplication" name="Profile Application[AFLCMC Style Guide -> SysML]" isRelationship="true" icon="StyleGuide_files/icon_profileapplication_1212833245.jpg"/></profileApplication><packagedElement humanName="Packaged Element"><package refid="169ad86e-2d29-49c8-aedd-26aeac8d0151" refElementId="169ad86e-2d29-49c8-aedd-26aeac8d0151" humanType="Package" classType="Package" name="AFLCMC Style Guide Rules" hasDiagram="true" icon="StyleGuide_files/icon_package_1704329166.jpg"/><package refid="439f9fb3-4218-4700-9466-e2816cdd3998" refElementId="439f9fb3-4218-4700-9466-e2816cdd3998" humanType="Package" classType="Package" name="0. Model Overview" hasDiagram="true" icon="StyleGuide_files/icon_package_1704329166.jpg"/></packagedElement><ownedMember humanName="Owned Member"><package refid="169ad86e-2d29-49c8-aedd-26aeac8d0151" refElementId="169ad86e-2d29-49c8-aedd-26aeac8d0151" humanType="Package" classType="Package" name="AFLCMC Style Guide Rules" hasDiagram="true" icon="StyleGuide_files/icon_package_1704329166.jpg"/><package refid="439f9fb3-4218-4700-9466-e2816cdd3998" refElementId="439f9fb3-4218-4700-9466-e2816cdd3998" humanType="Package" classType="Package" name="0. Model Overview" hasDiagram="true" icon="StyleGuide_files/icon_package_1704329166.jpg"/></ownedMember><ownedElement humanName="Owned Element"><profileapplication refid="2a7a2965-8a79-41c9-83ac-ed68e9f4e1ed" refElementId="2a7a2965-8a79-41c9-83ac-ed68e9f4e1ed" humanType="Profile Application" classType="ProfileApplication" name="Profile Application[AFLCMC Style Guide -> SysML]" isRelationship="true" icon="StyleGuide_files/icon_profileapplication_1212833245.jpg"/><package refid="169ad86e-2d29-49c8-aedd-26aeac8d0151" refElementId="169ad86e-2d29-49c8-aedd-26aeac8d0151" humanType="Package" classType="Package" name="AFLCMC Style Guide Rules" hasDiagram="true" icon="StyleGuide_files/icon_package_1704329166.jpg"/><package refid="439f9fb3-4218-4700-9466-e2816cdd3998" refElementId="439f9fb3-4218-4700-9466-e2816cdd3998" humanType="Package" classType="Package" name="0. Model Overview" hasDiagram="true" icon="StyleGuide_files/icon_package_1704329166.jpg"/><comment refid="6057d315-033c-444a-80e1-058ca59ea3f2" refElementId="6057d315-033c-444a-80e1-058ca59ea3f2" humanType="Comment" classType="Comment" name="Author:sean.walker.SB. Created:8/16/2024 12:56 PM...." icon="StyleGuide_files/icon_comment_568925759.jpg"/></ownedElement><ownedComment humanName="Owned Comment"><comment refid="6057d315-033c-444a-80e1-058ca59ea3f2" refElementId="6057d315-033c-444a-80e1-058ca59ea3f2" humanType="Comment" classType="Comment" name="Author:sean.walker.SB. Created:8/16/2024 12:56 PM...." icon="StyleGuide_files/icon_comment_568925759.jpg"/></ownedComment><nestedPackage humanName="Nested Package"><package refid="169ad86e-2d29-49c8-aedd-26aeac8d0151" refElementId="169ad86e-2d29-49c8-aedd-26aeac8d0151" humanType="Package" classType="Package" name="AFLCMC Style Guide Rules" hasDiagram="true" icon="StyleGuide_files/icon_package_1704329166.jpg"/><package refid="439f9fb3-4218-4700-9466-e2816cdd3998" refElementId="439f9fb3-4218-4700-9466-e2816cdd3998" humanType="Package" classType="Package" name="0. Model Overview" hasDiagram="true" icon="StyleGuide_files/icon_package_1704329166.jpg"/></nestedPackage><name humanName="Name" mode="s,e">AFLCMC Style Guide</name><member humanName="Member"><package refid="169ad86e-2d29-49c8-aedd-26aeac8d0151" refElementId="169ad86e-2d29-49c8-aedd-26aeac8d0151" humanType="Package" classType="Package" name="AFLCMC Style Guide Rules" hasDiagram="true" icon="StyleGuide_files/icon_package_1704329166.jpg"/><package refid="439f9fb3-4218-4700-9466-e2816cdd3998" refElementId="439f9fb3-4218-4700-9466-e2816cdd3998" humanType="Package" classType="Package" name="0. Model Overview" hasDiagram="true" icon="StyleGuide_files/icon_package_1704329166.jpg"/></member><URI humanName="URI" mode="s,e">NA</URI><TO_DO humanName="To Do" mode="s,e">NA</TO_DO><ActiveHyperlink humanName="Active Hyperlink" mode="e">NA</ActiveHyperlink><APPLIED_PROFILES humanName="Applied Profile"><profile refid="f76eeda2-8caa-4deb-a7e7-c706328ea3fb" refElementId="f76eeda2-8caa-4deb-a7e7-c706328ea3fb" humanType="Profile" classType="Profile" name="SysML" icon="StyleGuide_files/icon_profile_1731814517.jpg"/></APPLIED_PROFILES><report_appliedStereotype_tags humanName="Applied Stereotype" requireSort="element" mode="s,e"/></model></magicdraw>