<?xml version='1.0' encoding='UTF-8'?><magicdraw><requirement id="30b0ef0a-3832-40ff-a0d6-395abe1156a3" refElementId="30b0ef0a-3832-40ff-a0d6-395abe1156a3" humanType="Requirement" classType="Class" requireSort="node" icon="StyleGuide_files/icon_requirement_1047273168.jpg"><documentation humanName="Documentation" mode="s">Model element descriptive/explanatory text shall include a reference/citation to an authoritative source as applicable.

Ref: Put Reference Citation Here</documentation><visibility humanName="Visibility">public</visibility><taggedValue humanName="Tagged Value"><stringtaggedvalue refid="82bab6f7-f65d-4b12-aa69-a14e04317501" refElementId="82bab6f7-f65d-4b12-aa69-a14e04317501" humanType="String Tagged Value" classType="StringTaggedValue" name="Text = &quot;Model element descriptive/explanatory text shall include a reference/citation to an authoritative source as applicable or a relationship to an element representing the authoritative source.&quot;" icon="StyleGuide_files/icon_stringtaggedvalue_907973731.jpg"/><stringtaggedvalue refid="761ad584-6aff-4b01-8a29-04a0698deeed" refElementId="761ad584-6aff-4b01-8a29-04a0698deeed" humanType="String Tagged Value" classType="StringTaggedValue" name="Id = &quot;LCMCRule-5&quot;" icon="StyleGuide_files/icon_stringtaggedvalue_907973731.jpg"/><elementtaggedvalue refid="e8324f27-8d45-43ce-b8a4-f622d23ad6af" refElementId="e8324f27-8d45-43ce-b8a4-f622d23ad6af" humanType="Element Tagged Value" classType="ElementTaggedValue" name="hyperlinkModel = 5. References &amp; Citations" icon="StyleGuide_files/icon_elementtaggedvalue_1398767430.jpg"/><elementtaggedvalue refid="e6a16c8f-fa0f-4780-a34a-837446ece8b4" refElementId="e6a16c8f-fa0f-4780-a34a-837446ece8b4" humanType="Element Tagged Value" classType="ElementTaggedValue" name="hyperlinkModelActive = 5. References &amp; Citations" icon="StyleGuide_files/icon_elementtaggedvalue_1398767430.jpg"/></taggedValue><qualifiedName humanName="Qualified Name" mode="e">AFLCMC Style Guide Rules::5. References &amp; Citations</qualifiedName><package refid="169ad86e-2d29-49c8-aedd-26aeac8d0151" refElementId="169ad86e-2d29-49c8-aedd-26aeac8d0151" humanType="Package" classType="Package" name="AFLCMC Style Guide Rules" hasDiagram="true" icon="StyleGuide_files/icon_package_1704329166.jpg" humanName="Package"/><owningPackage refid="169ad86e-2d29-49c8-aedd-26aeac8d0151" refElementId="169ad86e-2d29-49c8-aedd-26aeac8d0151" humanType="Package" classType="Package" name="AFLCMC Style Guide Rules" hasDiagram="true" icon="StyleGuide_files/icon_package_1704329166.jpg" humanName="Owning Package"/><owner refid="169ad86e-2d29-49c8-aedd-26aeac8d0151" refElementId="169ad86e-2d29-49c8-aedd-26aeac8d0151" humanType="Package" classType="Package" name="AFLCMC Style Guide Rules" hasDiagram="true" icon="StyleGuide_files/icon_package_1704329166.jpg" humanName="Owner" mode="s,e"/><ownedElement humanName="Owned Element"><comment refid="46933064-8500-4283-afee-f78b4212bc5c" refElementId="46933064-8500-4283-afee-f78b4212bc5c" humanType="Comment" classType="Comment" name="Model element descriptive/explanatory text shall i..." icon="StyleGuide_files/icon_comment_568925759.jpg"/><rationale refid="163e609e-3788-4b43-a812-25df483750be" refElementId="163e609e-3788-4b43-a812-25df483750be" humanType="Rationale" classType="Comment" name="Improves content understanding and reuse while all..." icon="StyleGuide_files/icon_rationale_1252082738.jpg"/><stringtaggedvalue refid="82bab6f7-f65d-4b12-aa69-a14e04317501" refElementId="82bab6f7-f65d-4b12-aa69-a14e04317501" humanType="String Tagged Value" classType="StringTaggedValue" name="Text = &quot;Model element descriptive/explanatory text shall include a reference/citation to an authoritative source as applicable or a relationship to an element representing the authoritative source.&quot;" icon="StyleGuide_files/icon_stringtaggedvalue_907973731.jpg"/><stringtaggedvalue refid="761ad584-6aff-4b01-8a29-04a0698deeed" refElementId="761ad584-6aff-4b01-8a29-04a0698deeed" humanType="String Tagged Value" classType="StringTaggedValue" name="Id = &quot;LCMCRule-5&quot;" icon="StyleGuide_files/icon_stringtaggedvalue_907973731.jpg"/><elementtaggedvalue refid="e8324f27-8d45-43ce-b8a4-f622d23ad6af" refElementId="e8324f27-8d45-43ce-b8a4-f622d23ad6af" humanType="Element Tagged Value" classType="ElementTaggedValue" name="hyperlinkModel = 5. References &amp; Citations" icon="StyleGuide_files/icon_elementtaggedvalue_1398767430.jpg"/><elementtaggedvalue refid="e6a16c8f-fa0f-4780-a34a-837446ece8b4" refElementId="e6a16c8f-fa0f-4780-a34a-837446ece8b4" humanType="Element Tagged Value" classType="ElementTaggedValue" name="hyperlinkModelActive = 5. References &amp; Citations" icon="StyleGuide_files/icon_elementtaggedvalue_1398767430.jpg"/></ownedElement><ownedComment humanName="Owned Comment"><comment refid="46933064-8500-4283-afee-f78b4212bc5c" refElementId="46933064-8500-4283-afee-f78b4212bc5c" humanType="Comment" classType="Comment" name="Model element descriptive/explanatory text shall i..." icon="StyleGuide_files/icon_comment_568925759.jpg"/><rationale refid="163e609e-3788-4b43-a812-25df483750be" refElementId="163e609e-3788-4b43-a812-25df483750be" humanType="Rationale" classType="Comment" name="Improves content understanding and reuse while all..." icon="StyleGuide_files/icon_rationale_1252082738.jpg"/></ownedComment><namespace refid="169ad86e-2d29-49c8-aedd-26aeac8d0151" refElementId="169ad86e-2d29-49c8-aedd-26aeac8d0151" humanType="Package" classType="Package" name="AFLCMC Style Guide Rules" hasDiagram="true" icon="StyleGuide_files/icon_package_1704329166.jpg" humanName="Namespace"/><name humanName="Name" mode="s,e">5. References &amp; Citations</name><isLeaf humanName="Is Leaf">false</isLeaf><isFinalSpecialization humanName="Is Final Specialization">false</isFinalSpecialization><isActive humanName="Is Active" mode="e">false</isActive><isAbstract humanName="Is Abstract">false</isAbstract><effectiveIRI humanName="Effective IRI">NA</effectiveIRI><derivedExplanation humanName="Derived Explanation">NA</derivedExplanation><appliedStereotype humanName="Applied Stereotype" mode="e"><stereotype refid="8bf34745-8ee8-4115-b25b-f48b214b2a4e" refElementId="8bf34745-8ee8-4115-b25b-f48b214b2a4e" humanType="Stereotype" classType="Stereotype" name="Requirement" icon="StyleGuide_files/icon_stereotype_1047273168.jpg"/><stereotype refid="41d3a12f-f4da-4be3-b562-eca0fb993290" refElementId="41d3a12f-f4da-4be3-b562-eca0fb993290" humanType="Stereotype" classType="Stereotype" name="HyperlinkOwner" icon="StyleGuide_files/icon_stereotype_726025092.jpg"/></appliedStereotype><TO_DO humanName="To Do">NA</TO_DO><ActiveHyperlink humanName="Active Hyperlink">mdel://a6495d60-c973-4ea3-b6ef-8b5cf8fc2a83</ActiveHyperlink><report_appliedStereotype_tags humanName="Applied Stereotype" requireSort="element" mode="e"><stereotype refid="8bf34745-8ee8-4115-b25b-f48b214b2a4e" refElementId="8bf34745-8ee8-4115-b25b-f48b214b2a4e" humanType="Stereotype" classType="Stereotype" name="Requirement" icon="StyleGuide_files/icon_stereotype_1047273168.jpg"><property requireSort="name" refid="5dafd8f8-cf8f-4a65-8182-243ac0b22b19" refElementId="5dafd8f8-cf8f-4a65-8182-243ac0b22b19" humanType="Property" classType="Property" name="base_Class" icon="StyleGuide_files/icon_property_1714208984.jpg" humanName="Base_ Class"/><property requireSort="name" refid="2bbdd836-fb29-4d38-9b9b-54a019631007" refElementId="2bbdd836-fb29-4d38-9b9b-54a019631007" humanType="Property" classType="Property" name="base_NamedElement" icon="StyleGuide_files/icon_property_1714208984.jpg" humanName="Base_ Named Element"/><property requireSort="name" refid="11f636dd-5eaa-4190-b16d-013f26033c3a" refElementId="11f636dd-5eaa-4190-b16d-013f26033c3a" humanType="Property" classType="Property" name="Derived" icon="StyleGuide_files/icon_property_1714208984.jpg" humanName="Derived"/><property requireSort="name" refid="5a8cafab-64a9-4a32-9abf-c4bb8cec6632" refElementId="5a8cafab-64a9-4a32-9abf-c4bb8cec6632" humanType="Property" classType="Property" name="DerivedFrom" icon="StyleGuide_files/icon_property_1714208984.jpg" humanName="Derived From"/><property requireSort="name" refid="94a2d3e4-c3df-465e-9480-5c4389e63be1" refElementId="94a2d3e4-c3df-465e-9480-5c4389e63be1" humanType="Property" classType="Property" name="Id" icon="StyleGuide_files/icon_property_1714208984.jpg" humanName="Id"><String>LCMCRule-5</String></property><property requireSort="name" refid="321ff866-d508-4559-91c3-ddece6de352a" refElementId="321ff866-d508-4559-91c3-ddece6de352a" humanType="Property" classType="Property" name="Master" icon="StyleGuide_files/icon_property_1714208984.jpg" humanName="Master"/><property requireSort="name" refid="bae37973-55e9-4fd2-91ae-ca4c621bcd2c" refElementId="bae37973-55e9-4fd2-91ae-ca4c621bcd2c" humanType="Property" classType="Property" name="RefinedBy" icon="StyleGuide_files/icon_property_1714208984.jpg" humanName="Refined By"/><property requireSort="name" refid="41eaa8f1-85e4-4159-acf1-f7c637b2f7a5" refElementId="41eaa8f1-85e4-4159-acf1-f7c637b2f7a5" humanType="Property" classType="Property" name="SatisfiedBy" icon="StyleGuide_files/icon_property_1714208984.jpg" humanName="Satisfied By"/><property requireSort="name" refid="bd489283-0106-4e17-ac05-65e53068ad7a" refElementId="bd489283-0106-4e17-ac05-65e53068ad7a" humanType="Property" classType="Property" name="Text" icon="StyleGuide_files/icon_property_1714208984.jpg" humanName="Text"><String>Model element descriptive/explanatory text shall include a reference/citation to an authoritative source as applicable or a relationship to an element representing the authoritative source.</String></property><property requireSort="name" refid="5bb7aa4b-dc88-42e7-9dc0-130def271492" refElementId="5bb7aa4b-dc88-42e7-9dc0-130def271492" humanType="Property" classType="Property" name="TracedTo" icon="StyleGuide_files/icon_property_1714208984.jpg" humanName="Traced To"/><property requireSort="name" refid="f23a6c2e-eac0-4b7a-928c-969a194e41ef" refElementId="f23a6c2e-eac0-4b7a-928c-969a194e41ef" humanType="Property" classType="Property" name="VerifiedBy" icon="StyleGuide_files/icon_property_1714208984.jpg" humanName="Verified By"/></stereotype><stereotype refid="41d3a12f-f4da-4be3-b562-eca0fb993290" refElementId="41d3a12f-f4da-4be3-b562-eca0fb993290" humanType="Stereotype" classType="Stereotype" name="HyperlinkOwner" icon="StyleGuide_files/icon_stereotype_726025092.jpg"><property requireSort="name" refid="4d72ed2a-7ea3-4c61-9e81-634e930a36fc" refElementId="4d72ed2a-7ea3-4c61-9e81-634e930a36fc" humanType="Property" classType="Property" name="base_Element" icon="StyleGuide_files/icon_property_1714208984.jpg"/><property requireSort="name" refid="fec932b2-935e-42e4-ace0-fe8562104a7c" refElementId="fec932b2-935e-42e4-ace0-fe8562104a7c" humanType="Property" classType="Property" name="base_Element" icon="StyleGuide_files/icon_property_1714208984.jpg"/><property requireSort="name" refid="1923ea90-7128-4dc0-bb56-d62ef29e31c6" refElementId="1923ea90-7128-4dc0-bb56-d62ef29e31c6" humanType="Property" classType="Property" name="hyperlinkModel" icon="StyleGuide_files/icon_property_1714208984.jpg" humanName="Element/Symbol"><diagram refid="a6495d60-c973-4ea3-b6ef-8b5cf8fc2a83" refElementId="a6495d60-c973-4ea3-b6ef-8b5cf8fc2a83" humanType="Diagram" classType="Diagram" name="5. References &amp; Citations" diagramType="SysML Block Definition Diagram" icon="StyleGuide_files/icon_SysML Block Definition Diagram_503060400.jpg"/></property><property requireSort="name" refid="0ddc2bba-233f-4e2d-8fc2-d44f8d463ebe" refElementId="0ddc2bba-233f-4e2d-8fc2-d44f8d463ebe" humanType="Property" classType="Property" name="hyperlinkModelActive" icon="StyleGuide_files/icon_property_1714208984.jpg" humanName="Active Hyperlink"><diagram refid="a6495d60-c973-4ea3-b6ef-8b5cf8fc2a83" refElementId="a6495d60-c973-4ea3-b6ef-8b5cf8fc2a83" humanType="Diagram" classType="Diagram" name="5. References &amp; Citations" diagramType="SysML Block Definition Diagram" icon="StyleGuide_files/icon_SysML Block Definition Diagram_503060400.jpg"/></property><property requireSort="name" refid="7f5c0cd3-7c6a-4b71-8547-9583c32222da" refElementId="7f5c0cd3-7c6a-4b71-8547-9583c32222da" humanType="Property" classType="Property" name="hyperlinkText" icon="StyleGuide_files/icon_property_1714208984.jpg" humanName="File/WEB_PAGE"/><property requireSort="name" refid="ca259eee-8eba-440d-9608-ac98f1e3b01c" refElementId="ca259eee-8eba-440d-9608-ac98f1e3b01c" humanType="Property" classType="Property" name="hyperlinkTextActive" icon="StyleGuide_files/icon_property_1714208984.jpg" humanName="Active Hyperlink"/></stereotype></report_appliedStereotype_tags></requirement></magicdraw>