<?xml version='1.0' encoding='UTF-8'?><magicdraw><block id="334ab883-33ff-499f-88bf-4a0da14077d1" refElementId="334ab883-33ff-499f-88bf-4a0da14077d1" humanType="Block" classType="Class" requireSort="node" icon="StyleGuide_files/icon_block_115264500.jpg"><visibility humanName="Visibility">public</visibility><specifyingElement humanName="Specifying Element"><requirement refid="fb4c1e63-4ab1-41ab-abb8-15e44b3b6362" refElementId="fb4c1e63-4ab1-41ab-abb8-15e44b3b6362" humanType="Requirement" classType="Class" name="Requirement" icon="StyleGuide_files/icon_requirement_2037343960.jpg"/></specifyingElement><satisfies humanName="Satisfies" mode="e"><requirement refid="fb4c1e63-4ab1-41ab-abb8-15e44b3b6362" refElementId="fb4c1e63-4ab1-41ab-abb8-15e44b3b6362" humanType="Requirement" classType="Class" name="Requirement" icon="StyleGuide_files/icon_requirement_2037343960.jpg"/></satisfies><redefinitionContext humanName="Redefinition Context"><block refid="c0ef103e-3a87-4503-bd62-57cdcc76ecf3" refElementId="c0ef103e-3a87-4503-bd62-57cdcc76ecf3" humanType="Block" classType="Class" name="Subsystem" icon="StyleGuide_files/icon_block_115264500.jpg"/></redefinitionContext><qualifiedName humanName="Qualified Name" mode="e">AFLCMC Style Guide Rules::AFLCMC Rule Examples::18. System requirement links &amp; 26. Unique requirement Id::System::Subsystem::Component</qualifiedName><owner refid="c0ef103e-3a87-4503-bd62-57cdcc76ecf3" refElementId="c0ef103e-3a87-4503-bd62-57cdcc76ecf3" humanType="Block" classType="Class" name="Subsystem" icon="StyleGuide_files/icon_block_115264500.jpg" humanName="Owner" mode="s,e"/><namespace refid="c0ef103e-3a87-4503-bd62-57cdcc76ecf3" refElementId="c0ef103e-3a87-4503-bd62-57cdcc76ecf3" humanType="Block" classType="Class" name="Subsystem" icon="StyleGuide_files/icon_block_115264500.jpg" humanName="Namespace"/><name humanName="Name" mode="s,e">Component</name><isLeaf humanName="Is Leaf">false</isLeaf><isFinalSpecialization humanName="Is Final Specialization">false</isFinalSpecialization><isActive humanName="Is Active" mode="e">false</isActive><isAbstract humanName="Is Abstract">false</isAbstract><effectiveIRI humanName="Effective IRI">NA</effectiveIRI><documentation humanName="Documentation">NA</documentation><derivedExplanation humanName="Derived Explanation">NA</derivedExplanation><clientDependency humanName="Client Dependency"><satisfy refid="fa7c9e95-2bd0-4866-af9c-73de3b7fbff2" refElementId="fa7c9e95-2bd0-4866-af9c-73de3b7fbff2" humanType="Satisfy" classType="Abstraction" name="NA" isRelationship="true" icon="StyleGuide_files/icon_satisfy_667199788.jpg"/></clientDependency><appliedStereotype humanName="Applied Stereotype" mode="e"><stereotype refid="2a4f4cbc-9ea6-4f20-b409-6716a55a9e59" refElementId="2a4f4cbc-9ea6-4f20-b409-6716a55a9e59" humanType="Stereotype" classType="Stereotype" name="Block" icon="StyleGuide_files/icon_stereotype_1918934099.jpg"/></appliedStereotype><allSpecifyingElements humanName="All Specifying Elements"><requirement refid="fb4c1e63-4ab1-41ab-abb8-15e44b3b6362" refElementId="fb4c1e63-4ab1-41ab-abb8-15e44b3b6362" humanType="Requirement" classType="Class" name="Requirement" icon="StyleGuide_files/icon_requirement_2037343960.jpg"/></allSpecifyingElements><UMLClass refid="c0ef103e-3a87-4503-bd62-57cdcc76ecf3" refElementId="c0ef103e-3a87-4503-bd62-57cdcc76ecf3" humanType="Block" classType="Class" name="Subsystem" icon="StyleGuide_files/icon_block_115264500.jpg" humanName="Class"/><TO_DO humanName="To Do">NA</TO_DO><ActiveHyperlink humanName="Active Hyperlink">NA</ActiveHyperlink><report_appliedStereotype_tags humanName="Applied Stereotype" requireSort="element" mode="e"><stereotype refid="2a4f4cbc-9ea6-4f20-b409-6716a55a9e59" refElementId="2a4f4cbc-9ea6-4f20-b409-6716a55a9e59" humanType="Stereotype" classType="Stereotype" name="Block" icon="StyleGuide_files/icon_stereotype_1918934099.jpg"><property requireSort="name" refid="bc7751b1-76b0-4daa-9db2-8f2e91343ae1" refElementId="bc7751b1-76b0-4daa-9db2-8f2e91343ae1" humanType="Property" classType="Property" name="base_Class" icon="StyleGuide_files/icon_property_1714208984.jpg" humanName="Base_ Class"/><property requireSort="name" refid="bcd3c93f-2a66-496e-b6e5-3c281bfca79a" refElementId="bcd3c93f-2a66-496e-b6e5-3c281bfca79a" humanType="Property" classType="Property" name="isEncapsulated" icon="StyleGuide_files/icon_property_1714208984.jpg" humanName="Is Encapsulated"/></stereotype></report_appliedStereotype_tags></block></magicdraw>