<?xml version='1.0' encoding='UTF-8'?><magicdraw><rationale id="36350b82-67c5-40ec-9b00-f3c7f1c8a6a0" refElementId="36350b82-67c5-40ec-9b00-f3c7f1c8a6a0" humanType="Rationale" classType="Comment" requireSort="node" icon="StyleGuide_files/icon_rationale_1252082738.jpg"><owningElement refid="e8250292-95bb-42d0-82e8-6294f7813ffb" refElementId="e8250292-95bb-42d0-82e8-6294f7813ffb" humanType="Requirement" classType="Class" name="11. Use of multiplicity with associations" icon="StyleGuide_files/icon_requirement_1047273168.jpg" humanName="Owning Element"/><owner refid="e8250292-95bb-42d0-82e8-6294f7813ffb" refElementId="e8250292-95bb-42d0-82e8-6294f7813ffb" humanType="Requirement" classType="Class" name="11. Use of multiplicity with associations" icon="StyleGuide_files/icon_requirement_1047273168.jpg" humanName="Owner" mode="s,e"/><documentation humanName="Documentation">NA</documentation><body humanName="Body" mode="s,e">Applies for any association on any relevant diagram</body><appliedStereotype humanName="Applied Stereotype" mode="s,e"><stereotype refid="b8bdccbb-5972-4740-af73-7c1102b8e174" refElementId="b8bdccbb-5972-4740-af73-7c1102b8e174" humanType="Stereotype" classType="Stereotype" name="Rationale" icon="StyleGuide_files/icon_stereotype_1252082738.jpg"/></appliedStereotype><annotatedElement humanName="Annotated Element" mode="s,e"><requirement refid="e8250292-95bb-42d0-82e8-6294f7813ffb" refElementId="e8250292-95bb-42d0-82e8-6294f7813ffb" humanType="Requirement" classType="Class" name="11. Use of multiplicity with associations" icon="StyleGuide_files/icon_requirement_1047273168.jpg"/></annotatedElement><TO_DO humanName="To Do" mode="s,e">NA</TO_DO><ActiveHyperlink humanName="Active Hyperlink">NA</ActiveHyperlink><report_appliedStereotype_tags humanName="Applied Stereotype" requireSort="element" mode="s,e"><stereotype refid="b8bdccbb-5972-4740-af73-7c1102b8e174" refElementId="b8bdccbb-5972-4740-af73-7c1102b8e174" humanType="Stereotype" classType="Stereotype" name="Rationale" icon="StyleGuide_files/icon_stereotype_1252082738.jpg"><property requireSort="name" refid="4081ac1c-ad9a-4728-ab04-2fc34bcdcba0" refElementId="4081ac1c-ad9a-4728-ab04-2fc34bcdcba0" humanType="Property" classType="Property" name="base_Comment" icon="StyleGuide_files/icon_property_1714208984.jpg" humanName="Base_ Comment"/></stereotype></report_appliedStereotype_tags></rationale></magicdraw>