<?xml version='1.0' encoding='UTF-8'?><magicdraw><diagram id="3659a11e-e566-4b6e-9600-6de59ed87a86" refElementId="3659a11e-e566-4b6e-9600-6de59ed87a86" humanType="Diagram" classType="Diagram" requireSort="node" icon="StyleGuide_files/icon_SysML Use Case Diagram_1305571260.jpg" diagramType="SysML Use Case Diagram" src="StyleGuide_files/3659a11e-e566-4b6e-9600-6de59ed87a86.jpg"><visibility humanName="Visibility">public</visibility><taggedValue humanName="Tagged Value"><stringtaggedvalue refid="4f627fc9-0b82-4df0-8b5a-d29f98ee0bf7" refElementId="4f627fc9-0b82-4df0-8b5a-d29f98ee0bf7" humanType="String Tagged Value" classType="StringTaggedValue" name="Creation date = &quot;8/16/24, 12:58 PM&quot;" icon="StyleGuide_files/icon_stringtaggedvalue_907973731.jpg"/><stringtaggedvalue refid="9a5fffd7-b459-4846-b855-55e268718d93" refElementId="9a5fffd7-b459-4846-b855-55e268718d93" humanType="String Tagged Value" classType="StringTaggedValue" name="Modification date = &quot;8/16/24, 12:58 PM&quot;" icon="StyleGuide_files/icon_stringtaggedvalue_907973731.jpg"/><stringtaggedvalue refid="1f3f1686-dd05-4416-93ce-63286b1f8e5b" refElementId="1f3f1686-dd05-4416-93ce-63286b1f8e5b" humanType="String Tagged Value" classType="StringTaggedValue" name="Author = &quot;sean.walker.SB&quot;" icon="StyleGuide_files/icon_stringtaggedvalue_907973731.jpg"/><stringtaggedvalue refid="72b30a58-3a4a-44c9-a8ac-e360d4a7b4c7" refElementId="72b30a58-3a4a-44c9-a8ac-e360d4a7b4c7" humanType="String Tagged Value" classType="StringTaggedValue" name="Last modified by = &quot;sean.walker.SB&quot;" icon="StyleGuide_files/icon_stringtaggedvalue_907973731.jpg"/></taggedValue><qualifiedName humanName="Qualified Name" mode="e">AFLCMC Style Guide Rules::AFLCMC Rule Examples::21. Actor interactions::21. Actor interactions</qualifiedName><ownerOfDiagram refid="08a6b552-e231-4ac3-8da8-f22175a482af" refElementId="08a6b552-e231-4ac3-8da8-f22175a482af" humanType="Package" classType="Package" name="21. Actor interactions" hasDiagram="true" icon="StyleGuide_files/icon_package_1704329166.jpg" humanName="Owner Of Diagram"/><owner refid="08a6b552-e231-4ac3-8da8-f22175a482af" refElementId="08a6b552-e231-4ac3-8da8-f22175a482af" humanType="Package" classType="Package" name="21. Actor interactions" hasDiagram="true" icon="StyleGuide_files/icon_package_1704329166.jpg" humanName="Owner" mode="s,e"/><ownedElement humanName="Owned Element"><stringtaggedvalue refid="4f627fc9-0b82-4df0-8b5a-d29f98ee0bf7" refElementId="4f627fc9-0b82-4df0-8b5a-d29f98ee0bf7" humanType="String Tagged Value" classType="StringTaggedValue" name="Creation date = &quot;8/16/24, 12:58 PM&quot;" icon="StyleGuide_files/icon_stringtaggedvalue_907973731.jpg"/><stringtaggedvalue refid="9a5fffd7-b459-4846-b855-55e268718d93" refElementId="9a5fffd7-b459-4846-b855-55e268718d93" humanType="String Tagged Value" classType="StringTaggedValue" name="Modification date = &quot;8/16/24, 12:58 PM&quot;" icon="StyleGuide_files/icon_stringtaggedvalue_907973731.jpg"/><stringtaggedvalue refid="1f3f1686-dd05-4416-93ce-63286b1f8e5b" refElementId="1f3f1686-dd05-4416-93ce-63286b1f8e5b" humanType="String Tagged Value" classType="StringTaggedValue" name="Author = &quot;sean.walker.SB&quot;" icon="StyleGuide_files/icon_stringtaggedvalue_907973731.jpg"/><stringtaggedvalue refid="72b30a58-3a4a-44c9-a8ac-e360d4a7b4c7" refElementId="72b30a58-3a4a-44c9-a8ac-e360d4a7b4c7" humanType="String Tagged Value" classType="StringTaggedValue" name="Last modified by = &quot;sean.walker.SB&quot;" icon="StyleGuide_files/icon_stringtaggedvalue_907973731.jpg"/></ownedElement><namespace refid="08a6b552-e231-4ac3-8da8-f22175a482af" refElementId="08a6b552-e231-4ac3-8da8-f22175a482af" humanType="Package" classType="Package" name="21. Actor interactions" hasDiagram="true" icon="StyleGuide_files/icon_package_1704329166.jpg" humanName="Namespace"/><name humanName="Name" mode="s,e">21. Actor interactions</name><documentation humanName="Documentation">NA</documentation><appliedStereotype humanName="Applied Stereotype" mode="s,e"><stereotype refid="b9f6a957-5548-461e-be76-365995bc6416" refElementId="b9f6a957-5548-461e-be76-365995bc6416" humanType="Stereotype" classType="Stereotype" name="DiagramInfo" icon="StyleGuide_files/icon_stereotype_726025092.jpg"/></appliedStereotype><TO_DO humanName="To Do" mode="s,e">NA</TO_DO><DIAGRAM_TYPE_DERIVED_PROPERTY humanName="Type">SysML Use Case Diagram</DIAGRAM_TYPE_DERIVED_PROPERTY><ActiveHyperlink humanName="Active Hyperlink">NA</ActiveHyperlink><map><area refid="6a6c5852-afd6-4b3a-9c05-b2708827412f" refElementId="6a6c5852-afd6-4b3a-9c05-b2708827412f" name="Property" shape="rect" type="0" isNotContentShape="false"><point x="587" y="130"/><point x="598" y="130"/><point x="598" y="141"/><point x="587" y="141"/></area><area refid="f65c4da1-b558-48c9-93da-6b2e0588fda2" refElementId="f65c4da1-b558-48c9-93da-6b2e0588fda2" name="Property" shape="rect" type="0" isNotContentShape="false"><point x="587" y="95"/><point x="598" y="95"/><point x="598" y="106"/><point x="587" y="106"/></area><area refid="f37cbee6-76cb-4398-9151-55a6f5b1c8ba" refElementId="f37cbee6-76cb-4398-9151-55a6f5b1c8ba" name="Rationale" shape="rect" type="0" isNotContentShape="false"><point x="210" y="231"/><point x="311" y="231"/><point x="311" y="304"/><point x="210" y="304"/></area><area refid="dd956547-a6fa-413f-9869-e313d1c3d03b" refElementId="dd956547-a6fa-413f-9869-e313d1c3d03b" name="Association" shape="poly" type="0" isNotContentShape="false"><point x="593" y="139"/><point x="593" y="94"/><point x="591" y="96"/><point x="591" y="141"/></area><area refid="1fbb069e-5df3-4e6d-a5d8-9c4ed9925bce" refElementId="1fbb069e-5df3-4e6d-a5d8-9c4ed9925bce" name="Actor Actor" shape="rect" type="0" isNotContentShape="false"><point x="553" y="56"/><point x="634" y="56"/><point x="634" y="99"/><point x="553" y="99"/></area><area refid="53572c08-fe9c-4149-a755-f68ee9754e8f" refElementId="53572c08-fe9c-4149-a755-f68ee9754e8f" name="UseCase Use Case" shape="rect" type="0" isNotContentShape="false"><point x="518" y="140"/><point x="659" y="140"/><point x="659" y="169"/><point x="518" y="169"/></area><area refid="a280f881-2873-4bd6-b8d8-e2e441dc99d1" refElementId="a280f881-2873-4bd6-b8d8-e2e441dc99d1" name="UseCase Orphaned Use Case" shape="rect" type="0" isNotContentShape="false"><point x="357" y="77"/><point x="502" y="77"/><point x="502" y="110"/><point x="357" y="110"/></area><area refid="e498cbff-8c8a-4340-8429-2f7ba7688510" refElementId="e498cbff-8c8a-4340-8429-2f7ba7688510" name="String Tagged Value" shape="rect" type="0" isNotContentShape="false"><point x="73" y="92"/><point x="230" y="92"/><point x="230" y="108"/><point x="73" y="108"/></area><area refid="e0c0d213-2ee4-4333-8133-0fe709e84660" refElementId="e0c0d213-2ee4-4333-8133-0fe709e84660" name="String Tagged Value" shape="rect" type="0" isNotContentShape="false"><point x="73" y="107"/><point x="230" y="107"/><point x="230" y="198"/><point x="73" y="198"/></area><area refid="b1d701ee-ea99-406a-b374-0086652c0746" refElementId="b1d701ee-ea99-406a-b374-0086652c0746" name="Requirement 21. Actor interactions" shape="rect" type="0" isNotContentShape="false"><point x="70" y="56"/><point x="233" y="56"/><point x="233" y="204"/><point x="70" y="204"/></area></map><report_appliedStereotype_tags humanName="Applied Stereotype" requireSort="element" mode="s,e"><stereotype refid="b9f6a957-5548-461e-be76-365995bc6416" refElementId="b9f6a957-5548-461e-be76-365995bc6416" humanType="Stereotype" classType="Stereotype" name="DiagramInfo" icon="StyleGuide_files/icon_stereotype_726025092.jpg"><property requireSort="name" refid="dd7bc4cc-0c40-4124-a884-4bc4a6dd6f11" refElementId="dd7bc4cc-0c40-4124-a884-4bc4a6dd6f11" humanType="Property" classType="Property" name="Author" icon="StyleGuide_files/icon_property_1714208984.jpg" humanName="Author"><String>sean.walker.SB</String></property><property requireSort="name" refid="6e8f87c9-84ac-4065-be02-1dae530f6a58" refElementId="6e8f87c9-84ac-4065-be02-1dae530f6a58" humanType="Property" classType="Property" name="base_Diagram" icon="StyleGuide_files/icon_property_1714208984.jpg" humanName="Base_ Diagram"/><property requireSort="name" refid="fec932b2-935e-42e4-ace0-fe8562104a7c" refElementId="fec932b2-935e-42e4-ace0-fe8562104a7c" humanType="Property" classType="Property" name="base_Element" icon="StyleGuide_files/icon_property_1714208984.jpg" humanName="Base_ Element"/><property requireSort="name" refid="9528adeb-d572-4251-bbc4-69182c7ffb6d" refElementId="9528adeb-d572-4251-bbc4-69182c7ffb6d" humanType="Property" classType="Property" name="Creation date" icon="StyleGuide_files/icon_property_1714208984.jpg" humanName="Creation Date"><String>8/16/24, 12:58 PM</String></property><property requireSort="name" refid="720a86fd-e310-48b2-9966-9ba79583dc71" refElementId="720a86fd-e310-48b2-9966-9ba79583dc71" humanType="Property" classType="Property" name="Last modified by" icon="StyleGuide_files/icon_property_1714208984.jpg" humanName="Last modified by"><String>sean.walker.SB</String></property><property requireSort="name" refid="13d0da35-25b5-490b-bbaa-d7db3f049841" refElementId="13d0da35-25b5-490b-bbaa-d7db3f049841" humanType="Property" classType="Property" name="Modification date" icon="StyleGuide_files/icon_property_1714208984.jpg" humanName="Modification Date"><String>8/16/24, 12:58 PM</String></property></stereotype></report_appliedStereotype_tags></diagram></magicdraw>