<?xml version='1.0' encoding='UTF-8'?><magicdraw><package id="36f10eee-2970-4ea4-82c1-1f949405806a" refElementId="36f10eee-2970-4ea4-82c1-1f949405806a" humanType="Package" classType="Package" requireSort="node" icon="StyleGuide_files/icon_package_1704329166.jpg"><visibility humanName="Visibility">public</visibility><qualifiedName humanName="Qualified Name" mode="e">AFLCMC Style Guide Rules::AFLCMC Rule Examples::7. Model Element Naming Restriction, 8. Model Element Naming</qualifiedName><packagedElement humanName="Packaged Element"><block refid="7527342d-73d4-4744-8e31-7eb52664935b" refElementId="7527342d-73d4-4744-8e31-7eb52664935b" humanType="Block" classType="Class" name="[U] Proper-Name_Example [U] " icon="StyleGuide_files/icon_block_1918934099.jpg"/></packagedElement><owningPackage refid="f4855656-0ec6-465b-84c2-748089f0b2f6" refElementId="f4855656-0ec6-465b-84c2-748089f0b2f6" humanType="Package" classType="Package" name="AFLCMC Rule Examples" icon="StyleGuide_files/icon_package_1704329166.jpg" humanName="Owning Package"/><owner refid="f4855656-0ec6-465b-84c2-748089f0b2f6" refElementId="f4855656-0ec6-465b-84c2-748089f0b2f6" humanType="Package" classType="Package" name="AFLCMC Rule Examples" icon="StyleGuide_files/icon_package_1704329166.jpg" humanName="Owner" mode="s,e"/><ownedType humanName="Owned Type"><block refid="7527342d-73d4-4744-8e31-7eb52664935b" refElementId="7527342d-73d4-4744-8e31-7eb52664935b" humanType="Block" classType="Class" name="[U] Proper-Name_Example [U] " icon="StyleGuide_files/icon_block_1918934099.jpg"/></ownedType><ownedMember humanName="Owned Member"><block refid="7527342d-73d4-4744-8e31-7eb52664935b" refElementId="7527342d-73d4-4744-8e31-7eb52664935b" humanType="Block" classType="Class" name="[U] Proper-Name_Example [U] " icon="StyleGuide_files/icon_block_1918934099.jpg"/><diagram refid="1d60eb2e-bb3a-46f2-ba96-965bd0971752" refElementId="1d60eb2e-bb3a-46f2-ba96-965bd0971752" humanType="Diagram" classType="Diagram" name="7. Model Element Naming Restriction, 8. Model Element Naming" diagramType="SysML Block Definition Diagram" icon="StyleGuide_files/icon_SysML Block Definition Diagram_503060400.jpg"/></ownedMember><ownedElement humanName="Owned Element"><block refid="7527342d-73d4-4744-8e31-7eb52664935b" refElementId="7527342d-73d4-4744-8e31-7eb52664935b" humanType="Block" classType="Class" name="[U] Proper-Name_Example [U] " icon="StyleGuide_files/icon_block_1918934099.jpg"/><diagram refid="1d60eb2e-bb3a-46f2-ba96-965bd0971752" refElementId="1d60eb2e-bb3a-46f2-ba96-965bd0971752" humanType="Diagram" classType="Diagram" name="7. Model Element Naming Restriction, 8. Model Element Naming" diagramType="SysML Block Definition Diagram" icon="StyleGuide_files/icon_SysML Block Definition Diagram_503060400.jpg"/><rationale refid="442ebc34-59a6-4580-8eaf-504cb3d3e5a3" refElementId="442ebc34-59a6-4580-8eaf-504cb3d3e5a3" humanType="Rationale" classType="Comment" name="Provides necessary detail to support element under..." icon="StyleGuide_files/icon_rationale_1252082738.jpg"/></ownedElement><ownedDiagram humanName="Owned Diagram"><diagram refid="1d60eb2e-bb3a-46f2-ba96-965bd0971752" refElementId="1d60eb2e-bb3a-46f2-ba96-965bd0971752" humanType="Diagram" classType="Diagram" name="7. Model Element Naming Restriction, 8. Model Element Naming" diagramType="SysML Block Definition Diagram" icon="StyleGuide_files/icon_SysML Block Definition Diagram_503060400.jpg"/></ownedDiagram><ownedComment humanName="Owned Comment"><rationale refid="442ebc34-59a6-4580-8eaf-504cb3d3e5a3" refElementId="442ebc34-59a6-4580-8eaf-504cb3d3e5a3" humanType="Rationale" classType="Comment" name="Provides necessary detail to support element under..." icon="StyleGuide_files/icon_rationale_1252082738.jpg"/></ownedComment><nestingPackage refid="f4855656-0ec6-465b-84c2-748089f0b2f6" refElementId="f4855656-0ec6-465b-84c2-748089f0b2f6" humanType="Package" classType="Package" name="AFLCMC Rule Examples" icon="StyleGuide_files/icon_package_1704329166.jpg" humanName="Nesting Package"/><namespace refid="f4855656-0ec6-465b-84c2-748089f0b2f6" refElementId="f4855656-0ec6-465b-84c2-748089f0b2f6" humanType="Package" classType="Package" name="AFLCMC Rule Examples" icon="StyleGuide_files/icon_package_1704329166.jpg" humanName="Namespace"/><name humanName="Name" mode="s,e">7. Model Element Naming Restriction, 8. Model Element Naming</name><member humanName="Member"><block refid="7527342d-73d4-4744-8e31-7eb52664935b" refElementId="7527342d-73d4-4744-8e31-7eb52664935b" humanType="Block" classType="Class" name="[U] Proper-Name_Example [U] " icon="StyleGuide_files/icon_block_1918934099.jpg"/><diagram refid="1d60eb2e-bb3a-46f2-ba96-965bd0971752" refElementId="1d60eb2e-bb3a-46f2-ba96-965bd0971752" humanType="Diagram" classType="Diagram" name="7. Model Element Naming Restriction, 8. Model Element Naming" diagramType="SysML Block Definition Diagram" icon="StyleGuide_files/icon_SysML Block Definition Diagram_503060400.jpg"/></member><documentation humanName="Documentation">NA</documentation><URI humanName="URI" mode="s,e">NA</URI><TO_DO humanName="To Do" mode="s,e">NA</TO_DO><ActiveHyperlink humanName="Active Hyperlink" mode="e">NA</ActiveHyperlink><report_appliedStereotype_tags humanName="Applied Stereotype" requireSort="element" mode="s,e"/></package></magicdraw>