<?xml version='1.0' encoding='UTF-8'?><magicdraw><extendedrequirement id="37ec1f76-fc58-4818-bb8c-ccc79bacf1b9" refElementId="37ec1f76-fc58-4818-bb8c-ccc79bacf1b9" humanType="Extended Requirement" classType="Class" requireSort="node" icon="StyleGuide_files/icon_extendedrequirement_2026253971.jpg"><visibility humanName="Visibility">public</visibility><taggedValue humanName="Tagged Value"><stringtaggedvalue refid="4a752ca8-8cba-44f4-ac18-74ca6c683ca7" refElementId="4a752ca8-8cba-44f4-ac18-74ca6c683ca7" humanType="String Tagged Value" classType="StringTaggedValue" name="Text = &quot;Model element descriptive/explanatory text shall include a reference/citation to an authoritative source as applicable or a relationship to an element representing the authoritative source.&quot;" icon="StyleGuide_files/icon_stringtaggedvalue_907973731.jpg"/><stringtaggedvalue refid="f9c32b07-a7fb-4c0f-9166-da8183bbca3c" refElementId="f9c32b07-a7fb-4c0f-9166-da8183bbca3c" humanType="String Tagged Value" classType="StringTaggedValue" name="Id = &quot;LCMCRule-28&quot;" icon="StyleGuide_files/icon_stringtaggedvalue_907973731.jpg"/><stringtaggedvalue refid="673e691c-a829-48e6-8d0b-1eff8b5e4c1a" refElementId="673e691c-a829-48e6-8d0b-1eff8b5e4c1a" humanType="String Tagged Value" classType="StringTaggedValue" name="source = &quot;Put Reference Citation Here&quot;" icon="StyleGuide_files/icon_stringtaggedvalue_907973731.jpg"/></taggedValue><qualifiedName humanName="Qualified Name" mode="e">AFLCMC Style Guide Rules::AFLCMC Rule Examples::5. References &amp; Citations::5. References &amp; Citations</qualifiedName><package refid="606736f0-f194-4355-a9e4-ceaec1f09186" refElementId="606736f0-f194-4355-a9e4-ceaec1f09186" humanType="Package" classType="Package" name="5. References &amp; Citations" hasDiagram="true" icon="StyleGuide_files/icon_package_1704329166.jpg" humanName="Package"/><owningPackage refid="606736f0-f194-4355-a9e4-ceaec1f09186" refElementId="606736f0-f194-4355-a9e4-ceaec1f09186" humanType="Package" classType="Package" name="5. References &amp; Citations" hasDiagram="true" icon="StyleGuide_files/icon_package_1704329166.jpg" humanName="Owning Package"/><owner refid="606736f0-f194-4355-a9e4-ceaec1f09186" refElementId="606736f0-f194-4355-a9e4-ceaec1f09186" humanType="Package" classType="Package" name="5. References &amp; Citations" hasDiagram="true" icon="StyleGuide_files/icon_package_1704329166.jpg" humanName="Owner" mode="s,e"/><ownedElement humanName="Owned Element"><stringtaggedvalue refid="4a752ca8-8cba-44f4-ac18-74ca6c683ca7" refElementId="4a752ca8-8cba-44f4-ac18-74ca6c683ca7" humanType="String Tagged Value" classType="StringTaggedValue" name="Text = &quot;Model element descriptive/explanatory text shall include a reference/citation to an authoritative source as applicable or a relationship to an element representing the authoritative source.&quot;" icon="StyleGuide_files/icon_stringtaggedvalue_907973731.jpg"/><stringtaggedvalue refid="f9c32b07-a7fb-4c0f-9166-da8183bbca3c" refElementId="f9c32b07-a7fb-4c0f-9166-da8183bbca3c" humanType="String Tagged Value" classType="StringTaggedValue" name="Id = &quot;LCMCRule-28&quot;" icon="StyleGuide_files/icon_stringtaggedvalue_907973731.jpg"/><stringtaggedvalue refid="673e691c-a829-48e6-8d0b-1eff8b5e4c1a" refElementId="673e691c-a829-48e6-8d0b-1eff8b5e4c1a" humanType="String Tagged Value" classType="StringTaggedValue" name="source = &quot;Put Reference Citation Here&quot;" icon="StyleGuide_files/icon_stringtaggedvalue_907973731.jpg"/></ownedElement><namespace refid="606736f0-f194-4355-a9e4-ceaec1f09186" refElementId="606736f0-f194-4355-a9e4-ceaec1f09186" humanType="Package" classType="Package" name="5. References &amp; Citations" hasDiagram="true" icon="StyleGuide_files/icon_package_1704329166.jpg" humanName="Namespace"/><name humanName="Name" mode="s,e">5. References &amp; Citations</name><isLeaf humanName="Is Leaf">false</isLeaf><isFinalSpecialization humanName="Is Final Specialization">false</isFinalSpecialization><isActive humanName="Is Active" mode="e">false</isActive><isAbstract humanName="Is Abstract">false</isAbstract><effectiveIRI humanName="Effective IRI">NA</effectiveIRI><documentation humanName="Documentation">NA</documentation><derivedExplanation humanName="Derived Explanation">NA</derivedExplanation><appliedStereotype humanName="Applied Stereotype" mode="e"><stereotype refid="ebbe7f02-28e4-41a2-8166-2f4b45c3cca7" refElementId="ebbe7f02-28e4-41a2-8166-2f4b45c3cca7" humanType="Stereotype" classType="Stereotype" name="extendedRequirement" icon="StyleGuide_files/icon_stereotype_2026253971.jpg"/></appliedStereotype><TO_DO humanName="To Do">NA</TO_DO><ActiveHyperlink humanName="Active Hyperlink">NA</ActiveHyperlink><report_appliedStereotype_tags humanName="Applied Stereotype" requireSort="element" mode="e"><stereotype refid="ebbe7f02-28e4-41a2-8166-2f4b45c3cca7" refElementId="ebbe7f02-28e4-41a2-8166-2f4b45c3cca7" humanType="Stereotype" classType="Stereotype" name="extendedRequirement" icon="StyleGuide_files/icon_stereotype_2026253971.jpg"><property requireSort="name" refid="5dafd8f8-cf8f-4a65-8182-243ac0b22b19" refElementId="5dafd8f8-cf8f-4a65-8182-243ac0b22b19" humanType="Property" classType="Property" name="base_Class" icon="StyleGuide_files/icon_property_1714208984.jpg" humanName="Base_ Class"/><property requireSort="name" refid="79ed98e6-429e-4946-8a44-8bfff7993db4" refElementId="79ed98e6-429e-4946-8a44-8bfff7993db4" humanType="Property" classType="Property" name="base_Class" icon="StyleGuide_files/icon_property_1714208984.jpg" humanName="Base_ Class"/><property requireSort="name" refid="2bbdd836-fb29-4d38-9b9b-54a019631007" refElementId="2bbdd836-fb29-4d38-9b9b-54a019631007" humanType="Property" classType="Property" name="base_NamedElement" icon="StyleGuide_files/icon_property_1714208984.jpg" humanName="Base_ Named Element"/><property requireSort="name" refid="11f636dd-5eaa-4190-b16d-013f26033c3a" refElementId="11f636dd-5eaa-4190-b16d-013f26033c3a" humanType="Property" classType="Property" name="Derived" icon="StyleGuide_files/icon_property_1714208984.jpg" humanName="Derived"/><property requireSort="name" refid="5a8cafab-64a9-4a32-9abf-c4bb8cec6632" refElementId="5a8cafab-64a9-4a32-9abf-c4bb8cec6632" humanType="Property" classType="Property" name="DerivedFrom" icon="StyleGuide_files/icon_property_1714208984.jpg" humanName="Derived From"/><property requireSort="name" refid="94a2d3e4-c3df-465e-9480-5c4389e63be1" refElementId="94a2d3e4-c3df-465e-9480-5c4389e63be1" humanType="Property" classType="Property" name="Id" icon="StyleGuide_files/icon_property_1714208984.jpg" humanName="Id"><String>LCMCRule-28</String></property><property requireSort="name" refid="321ff866-d508-4559-91c3-ddece6de352a" refElementId="321ff866-d508-4559-91c3-ddece6de352a" humanType="Property" classType="Property" name="Master" icon="StyleGuide_files/icon_property_1714208984.jpg" humanName="Master"/><property requireSort="name" refid="bae37973-55e9-4fd2-91ae-ca4c621bcd2c" refElementId="bae37973-55e9-4fd2-91ae-ca4c621bcd2c" humanType="Property" classType="Property" name="RefinedBy" icon="StyleGuide_files/icon_property_1714208984.jpg" humanName="Refined By"/><property requireSort="name" refid="3fde96de-ac12-4225-9100-606505a4f13f" refElementId="3fde96de-ac12-4225-9100-606505a4f13f" humanType="Property" classType="Property" name="risk" icon="StyleGuide_files/icon_property_1714208984.jpg" humanName="Risk"/><property requireSort="name" refid="41eaa8f1-85e4-4159-acf1-f7c637b2f7a5" refElementId="41eaa8f1-85e4-4159-acf1-f7c637b2f7a5" humanType="Property" classType="Property" name="SatisfiedBy" icon="StyleGuide_files/icon_property_1714208984.jpg" humanName="Satisfied By"/><property requireSort="name" refid="9266beb5-f49c-4476-9046-d6fc84c0c105" refElementId="9266beb5-f49c-4476-9046-d6fc84c0c105" humanType="Property" classType="Property" name="source" icon="StyleGuide_files/icon_property_1714208984.jpg" humanName="Source"><String>Put Reference Citation Here</String></property><property requireSort="name" refid="bd489283-0106-4e17-ac05-65e53068ad7a" refElementId="bd489283-0106-4e17-ac05-65e53068ad7a" humanType="Property" classType="Property" name="Text" icon="StyleGuide_files/icon_property_1714208984.jpg" humanName="Text"><String>Model element descriptive/explanatory text shall include a reference/citation to an authoritative source as applicable or a relationship to an element representing the authoritative source.</String></property><property requireSort="name" refid="5bb7aa4b-dc88-42e7-9dc0-130def271492" refElementId="5bb7aa4b-dc88-42e7-9dc0-130def271492" humanType="Property" classType="Property" name="TracedTo" icon="StyleGuide_files/icon_property_1714208984.jpg" humanName="Traced To"/><property requireSort="name" refid="f23a6c2e-eac0-4b7a-928c-969a194e41ef" refElementId="f23a6c2e-eac0-4b7a-928c-969a194e41ef" humanType="Property" classType="Property" name="VerifiedBy" icon="StyleGuide_files/icon_property_1714208984.jpg" humanName="Verified By"/><property requireSort="name" refid="e3466f52-1311-4704-97db-e81904bddd32" refElementId="e3466f52-1311-4704-97db-e81904bddd32" humanType="Property" classType="Property" name="verifyMethod" icon="StyleGuide_files/icon_property_1714208984.jpg" humanName="Verify Method"/></stereotype></report_appliedStereotype_tags></extendedrequirement></magicdraw>