<?xml version='1.0' encoding='UTF-8'?><magicdraw><comment id="39f909da-34af-40ff-a89a-139e6c182583" refElementId="39f909da-34af-40ff-a89a-139e6c182583" humanType="Comment" classType="Comment" requireSort="node" icon="StyleGuide_files/icon_comment_381730363.jpg"><owningElement refid="963099f9-bf8a-487d-9371-ce6f9f390e71" refElementId="963099f9-bf8a-487d-9371-ce6f9f390e71" humanType="Activity" classType="Activity" name="Use Case Activities" hasDiagram="true" icon="StyleGuide_files/icon_activity_1420294701.jpg" humanName="Owning Element"/><owner refid="963099f9-bf8a-487d-9371-ce6f9f390e71" refElementId="963099f9-bf8a-487d-9371-ce6f9f390e71" humanType="Activity" classType="Activity" name="Use Case Activities" hasDiagram="true" icon="StyleGuide_files/icon_activity_1420294701.jpg" humanName="Owner" mode="s,e"/><documentation humanName="Documentation">NA</documentation><body humanName="Body" mode="s,e">Condition exists to start this use case</body><appliedStereotype humanName="Applied Stereotype" mode="s,e"><stereotype refid="f3a44f88-0a78-4083-9ccc-dbd02a445de1" refElementId="f3a44f88-0a78-4083-9ccc-dbd02a445de1" humanType="Stereotype" classType="Stereotype" name="pre-condition" icon="StyleGuide_files/icon_stereotype_726025092.jpg"/></appliedStereotype><TO_DO humanName="To Do" mode="s,e">NA</TO_DO><ActiveHyperlink humanName="Active Hyperlink">NA</ActiveHyperlink><report_appliedStereotype_tags humanName="Applied Stereotype" requireSort="element" mode="s,e"><stereotype refid="f3a44f88-0a78-4083-9ccc-dbd02a445de1" refElementId="f3a44f88-0a78-4083-9ccc-dbd02a445de1" humanType="Stereotype" classType="Stereotype" name="pre-condition" icon="StyleGuide_files/icon_stereotype_726025092.jpg"><property requireSort="name" refid="cfe5b493-d8a4-4c61-b5e6-aa2d3ca687f2" refElementId="cfe5b493-d8a4-4c61-b5e6-aa2d3ca687f2" humanType="Property" classType="Property" name="base_Element" icon="StyleGuide_files/icon_property_1714208984.jpg" humanName="Base_ Element"/></stereotype></report_appliedStereotype_tags></comment></magicdraw>