<?xml version='1.0' encoding='UTF-8'?><magicdraw><package id="3a7171b8-0cc3-4a73-8ca9-7de70d050ba8" refElementId="3a7171b8-0cc3-4a73-8ca9-7de70d050ba8" humanType="Package" classType="Package" requireSort="node" icon="StyleGuide_files/icon_package_1704329166.jpg"><visibility humanName="Visibility">public</visibility><qualifiedName humanName="Qualified Name" mode="e">0. Model Overview::Glossary</qualifiedName><packagedElement humanName="Packaged Element"><term refid="5a05eca3-66dc-445b-a682-1da201bd07c2" refElementId="5a05eca3-66dc-445b-a682-1da201bd07c2" humanType="Term" classType="Class" name="SWAC" icon="StyleGuide_files/icon_term_197430563.jpg"/><term refid="e431ad9f-89e4-475d-84bc-b5cab6484aef" refElementId="e431ad9f-89e4-475d-84bc-b5cab6484aef" humanType="Term" classType="Class" name="SSDP" icon="StyleGuide_files/icon_term_197430563.jpg"/><term refid="98c8435b-5e0c-435b-a7d8-5f9e73d01041" refElementId="98c8435b-5e0c-435b-a7d8-5f9e73d01041" humanType="Term" classType="Class" name="LCMC" icon="StyleGuide_files/icon_term_197430563.jpg"/></packagedElement><owningPackage refid="439f9fb3-4218-4700-9466-e2816cdd3998" refElementId="439f9fb3-4218-4700-9466-e2816cdd3998" humanType="Package" classType="Package" name="0. Model Overview" hasDiagram="true" icon="StyleGuide_files/icon_package_1704329166.jpg" humanName="Owning Package"/><owner refid="439f9fb3-4218-4700-9466-e2816cdd3998" refElementId="439f9fb3-4218-4700-9466-e2816cdd3998" humanType="Package" classType="Package" name="0. Model Overview" hasDiagram="true" icon="StyleGuide_files/icon_package_1704329166.jpg" humanName="Owner" mode="s,e"/><ownedType humanName="Owned Type"><term refid="5a05eca3-66dc-445b-a682-1da201bd07c2" refElementId="5a05eca3-66dc-445b-a682-1da201bd07c2" humanType="Term" classType="Class" name="SWAC" icon="StyleGuide_files/icon_term_197430563.jpg"/><term refid="e431ad9f-89e4-475d-84bc-b5cab6484aef" refElementId="e431ad9f-89e4-475d-84bc-b5cab6484aef" humanType="Term" classType="Class" name="SSDP" icon="StyleGuide_files/icon_term_197430563.jpg"/><term refid="98c8435b-5e0c-435b-a7d8-5f9e73d01041" refElementId="98c8435b-5e0c-435b-a7d8-5f9e73d01041" humanType="Term" classType="Class" name="LCMC" icon="StyleGuide_files/icon_term_197430563.jpg"/></ownedType><ownedMember humanName="Owned Member"><term refid="5a05eca3-66dc-445b-a682-1da201bd07c2" refElementId="5a05eca3-66dc-445b-a682-1da201bd07c2" humanType="Term" classType="Class" name="SWAC" icon="StyleGuide_files/icon_term_197430563.jpg"/><term refid="e431ad9f-89e4-475d-84bc-b5cab6484aef" refElementId="e431ad9f-89e4-475d-84bc-b5cab6484aef" humanType="Term" classType="Class" name="SSDP" icon="StyleGuide_files/icon_term_197430563.jpg"/><term refid="98c8435b-5e0c-435b-a7d8-5f9e73d01041" refElementId="98c8435b-5e0c-435b-a7d8-5f9e73d01041" humanType="Term" classType="Class" name="LCMC" icon="StyleGuide_files/icon_term_197430563.jpg"/><diagram refid="0893b071-99bf-4e14-b91b-9753d45ed9b4" refElementId="0893b071-99bf-4e14-b91b-9753d45ed9b4" humanType="Diagram" classType="Diagram" name="Glossary" diagramType="Glossary Table" icon="StyleGuide_files/icon_Glossary Table_670838505.jpg"/></ownedMember><ownedElement humanName="Owned Element"><term refid="5a05eca3-66dc-445b-a682-1da201bd07c2" refElementId="5a05eca3-66dc-445b-a682-1da201bd07c2" humanType="Term" classType="Class" name="SWAC" icon="StyleGuide_files/icon_term_197430563.jpg"/><term refid="e431ad9f-89e4-475d-84bc-b5cab6484aef" refElementId="e431ad9f-89e4-475d-84bc-b5cab6484aef" humanType="Term" classType="Class" name="SSDP" icon="StyleGuide_files/icon_term_197430563.jpg"/><term refid="98c8435b-5e0c-435b-a7d8-5f9e73d01041" refElementId="98c8435b-5e0c-435b-a7d8-5f9e73d01041" humanType="Term" classType="Class" name="LCMC" icon="StyleGuide_files/icon_term_197430563.jpg"/><diagram refid="0893b071-99bf-4e14-b91b-9753d45ed9b4" refElementId="0893b071-99bf-4e14-b91b-9753d45ed9b4" humanType="Diagram" classType="Diagram" name="Glossary" diagramType="Glossary Table" icon="StyleGuide_files/icon_Glossary Table_670838505.jpg"/></ownedElement><ownedDiagram humanName="Owned Diagram"><diagram refid="0893b071-99bf-4e14-b91b-9753d45ed9b4" refElementId="0893b071-99bf-4e14-b91b-9753d45ed9b4" humanType="Diagram" classType="Diagram" name="Glossary" diagramType="Glossary Table" icon="StyleGuide_files/icon_Glossary Table_670838505.jpg"/></ownedDiagram><nestingPackage refid="439f9fb3-4218-4700-9466-e2816cdd3998" refElementId="439f9fb3-4218-4700-9466-e2816cdd3998" humanType="Package" classType="Package" name="0. Model Overview" hasDiagram="true" icon="StyleGuide_files/icon_package_1704329166.jpg" humanName="Nesting Package"/><namespace refid="439f9fb3-4218-4700-9466-e2816cdd3998" refElementId="439f9fb3-4218-4700-9466-e2816cdd3998" humanType="Package" classType="Package" name="0. Model Overview" hasDiagram="true" icon="StyleGuide_files/icon_package_1704329166.jpg" humanName="Namespace"/><name humanName="Name" mode="s,e">Glossary</name><member humanName="Member"><term refid="5a05eca3-66dc-445b-a682-1da201bd07c2" refElementId="5a05eca3-66dc-445b-a682-1da201bd07c2" humanType="Term" classType="Class" name="SWAC" icon="StyleGuide_files/icon_term_197430563.jpg"/><term refid="e431ad9f-89e4-475d-84bc-b5cab6484aef" refElementId="e431ad9f-89e4-475d-84bc-b5cab6484aef" humanType="Term" classType="Class" name="SSDP" icon="StyleGuide_files/icon_term_197430563.jpg"/><term refid="98c8435b-5e0c-435b-a7d8-5f9e73d01041" refElementId="98c8435b-5e0c-435b-a7d8-5f9e73d01041" humanType="Term" classType="Class" name="LCMC" icon="StyleGuide_files/icon_term_197430563.jpg"/><diagram refid="0893b071-99bf-4e14-b91b-9753d45ed9b4" refElementId="0893b071-99bf-4e14-b91b-9753d45ed9b4" humanType="Diagram" classType="Diagram" name="Glossary" diagramType="Glossary Table" icon="StyleGuide_files/icon_Glossary Table_670838505.jpg"/></member><documentation humanName="Documentation">NA</documentation><URI humanName="URI" mode="s,e">NA</URI><TO_DO humanName="To Do" mode="s,e">NA</TO_DO><ActiveHyperlink humanName="Active Hyperlink" mode="e">NA</ActiveHyperlink><report_appliedStereotype_tags humanName="Applied Stereotype" requireSort="element" mode="s,e"/></package></magicdraw>