<?xml version='1.0' encoding='UTF-8'?><magicdraw><valueproperty id="3a9e9fcc-4a56-4ce7-95c4-09fa66866fda" refElementId="3a9e9fcc-4a56-4ce7-95c4-09fa66866fda" humanType="Value Property" classType="Property" requireSort="node" icon="StyleGuide_files/icon_valueproperty_417492629.jpg"><upper humanName="Upper">1</upper><type refid="cf59daa7-de0b-4001-a48b-6be4d990ace5" refElementId="cf59daa7-de0b-4001-a48b-6be4d990ace5" humanType="Value Type" classType="DataType" name="Real" icon="StyleGuide_files/icon_valuetype_1518586259.jpg" humanName="Type" mode="s,e"/><redefinitionContext humanName="Redefinition Context"><block refid="5c282d98-a220-464e-aafd-3171704d43d4" refElementId="5c282d98-a220-464e-aafd-3171704d43d4" humanType="Block" classType="Class" name="Component2" icon="StyleGuide_files/icon_block_1918934099.jpg"/></redefinitionContext><qualifiedName humanName="Qualified Name" mode="e">AFLCMC Style Guide Rules::AFLCMC Rule Examples::20. Parametric diagram flow::Component2::Comp2Mass</qualifiedName><owner refid="5c282d98-a220-464e-aafd-3171704d43d4" refElementId="5c282d98-a220-464e-aafd-3171704d43d4" humanType="Block" classType="Class" name="Component2" icon="StyleGuide_files/icon_block_1918934099.jpg" humanName="Owner"/><ownedElement humanName="Owned Element"><literalreal refid="32a141cf-a829-4238-8167-777b0554e931" refElementId="32a141cf-a829-4238-8167-777b0554e931" humanType="Literal Real" classType="LiteralReal" name="NA" text="3000.0" icon="StyleGuide_files/icon_literalreal_2127222403.jpg"/></ownedElement><namespace refid="5c282d98-a220-464e-aafd-3171704d43d4" refElementId="5c282d98-a220-464e-aafd-3171704d43d4" humanType="Block" classType="Class" name="Component2" icon="StyleGuide_files/icon_block_1918934099.jpg" humanName="Namespace"/><name humanName="Name" mode="s,e">Comp2Mass</name><multiplicity humanName="Multiplicity" mode="s,e">NA</multiplicity><lower humanName="Lower">1</lower><isUnique humanName="Is Unique" mode="e">true</isUnique><isStatic humanName="Is Static" mode="s,e">false</isStatic><isReadOnly humanName="Is Read Only" mode="s,e">false</isReadOnly><isOrdered humanName="Is Ordered" mode="e">false</isOrdered><isLeaf humanName="Is Leaf">false</isLeaf><isID humanName="Is ID" mode="e">false</isID><isDerivedUnion humanName="Is Derived Union" mode="e">false</isDerivedUnion><isDerived humanName="Is Derived" mode="s,e">false</isDerived><isComposite humanName="Is Composite">true</isComposite><featuringClassifier refid="5c282d98-a220-464e-aafd-3171704d43d4" refElementId="5c282d98-a220-464e-aafd-3171704d43d4" humanType="Block" classType="Class" name="Component2" icon="StyleGuide_files/icon_block_1918934099.jpg" humanName="Featuring Classifier"/><end humanName="End"><connectorend refid="2d6c480f-9ded-4fbd-b6c5-817c0d30f313" refElementId="2d6c480f-9ded-4fbd-b6c5-817c0d30f313" humanType="Connector End" classType="ConnectorEnd" name="(Role Component2.Comp2Mass)" icon="StyleGuide_files/icon_connectorend_1154174424.jpg"/></end><effectiveIRI humanName="Effective IRI">NA</effectiveIRI><documentation humanName="Documentation">NA</documentation><defaultValue refid="32a141cf-a829-4238-8167-777b0554e931" refElementId="32a141cf-a829-4238-8167-777b0554e931" humanType="Literal Real" classType="LiteralReal" name="NA" text="3000.0" icon="StyleGuide_files/icon_literalreal_2127222403.jpg" humanName="Default Value" mode="s,e"/><classifier refid="5c282d98-a220-464e-aafd-3171704d43d4" refElementId="5c282d98-a220-464e-aafd-3171704d43d4" humanType="Block" classType="Class" name="Component2" icon="StyleGuide_files/icon_block_1918934099.jpg" humanName="Classifier"/><appliedStereotype humanName="Applied Stereotype" mode="s,e"><stereotype refid="9d76fcf3-1072-4d15-b85e-a461df5ad381" refElementId="9d76fcf3-1072-4d15-b85e-a461df5ad381" humanType="Stereotype" classType="Stereotype" name="ValueProperty" icon="StyleGuide_files/icon_stereotype_417492629.jpg"/></appliedStereotype><aggregation humanName="Aggregation" mode="s,e">composite</aggregation><UMLClass refid="5c282d98-a220-464e-aafd-3171704d43d4" refElementId="5c282d98-a220-464e-aafd-3171704d43d4" humanType="Block" classType="Class" name="Component2" icon="StyleGuide_files/icon_block_1918934099.jpg" humanName="Class"/><TYPE_MODIFIER humanName="Type Modifier" mode="e">NA</TYPE_MODIFIER><TO_DO humanName="To Do" mode="s,e">NA</TO_DO><ActiveHyperlink humanName="Active Hyperlink">NA</ActiveHyperlink><ownedBy refid="5c282d98-a220-464e-aafd-3171704d43d4" refElementId="5c282d98-a220-464e-aafd-3171704d43d4" humanType="Block" classType="Class" name="Component2" icon="StyleGuide_files/icon_block_1918934099.jpg" humanName="Owned By"/><navigable humanName="Navigable">true</navigable><report_appliedStereotype_tags humanName="Applied Stereotype" requireSort="element" mode="s,e"><stereotype refid="9d76fcf3-1072-4d15-b85e-a461df5ad381" refElementId="9d76fcf3-1072-4d15-b85e-a461df5ad381" humanType="Stereotype" classType="Stereotype" name="ValueProperty" icon="StyleGuide_files/icon_stereotype_417492629.jpg"><property requireSort="name" refid="fec932b2-935e-42e4-ace0-fe8562104a7c" refElementId="fec932b2-935e-42e4-ace0-fe8562104a7c" humanType="Property" classType="Property" name="base_Element" icon="StyleGuide_files/icon_property_1714208984.jpg" humanName="Base_ Element"/><property requireSort="name" refid="963e6763-4abd-4b46-9501-3c2f64a59de7" refElementId="963e6763-4abd-4b46-9501-3c2f64a59de7" humanType="Property" classType="Property" name="base_Property" icon="StyleGuide_files/icon_property_1714208984.jpg" humanName="Base_ Property"/></stereotype></report_appliedStereotype_tags></valueproperty></magicdraw>