<?xml version='1.0' encoding='UTF-8'?><magicdraw><property id="3d2471e4-2ced-41f2-91f3-40efcde6ba1a" refElementId="3d2471e4-2ced-41f2-91f3-40efcde6ba1a" humanType="Property" classType="Property" requireSort="node" icon="StyleGuide_files/icon_property_1714208984.jpg"><visibility humanName="Visibility" mode="e">public</visibility><upper humanName="Upper">1</upper><type refid="4dbd0dfd-6abf-4a7d-96a4-30cf96a18dff" refElementId="4dbd0dfd-6abf-4a7d-96a4-30cf96a18dff" humanType="Block" classType="Class" name="Block" icon="StyleGuide_files/icon_block_115264500.jpg" humanName="Type" mode="s,e"/><redefinitionContext humanName="Redefinition Context"><association refid="7afbb8cb-6186-479b-b2db-50c826a30251" refElementId="7afbb8cb-6186-479b-b2db-50c826a30251" humanType="Association" classType="Association" name="NA" isRelationship="true" icon="StyleGuide_files/icon_association_1195740206.jpg"/></redefinitionContext><qualifiedName humanName="Qualified Name" mode="e">AFLCMC Style Guide Rules::AFLCMC Rule Examples::11. Use of multiplicity with associations::::</qualifiedName><owningAssociation refid="7afbb8cb-6186-479b-b2db-50c826a30251" refElementId="7afbb8cb-6186-479b-b2db-50c826a30251" humanType="Association" classType="Association" name="NA" isRelationship="true" icon="StyleGuide_files/icon_association_1195740206.jpg" humanName="Owning Association"/><owner refid="7afbb8cb-6186-479b-b2db-50c826a30251" refElementId="7afbb8cb-6186-479b-b2db-50c826a30251" humanType="Association" classType="Association" name="NA" isRelationship="true" icon="StyleGuide_files/icon_association_1195740206.jpg" humanName="Owner"/><opposite refid="ac5e2645-6b85-4b64-bd0a-4abdc924b299" refElementId="ac5e2645-6b85-4b64-bd0a-4abdc924b299" humanType="Reference Property" classType="Property" name="block 2" icon="StyleGuide_files/icon_referenceproperty_398808367.jpg" humanName="Opposite"/><namespace refid="7afbb8cb-6186-479b-b2db-50c826a30251" refElementId="7afbb8cb-6186-479b-b2db-50c826a30251" humanType="Association" classType="Association" name="NA" isRelationship="true" icon="StyleGuide_files/icon_association_1195740206.jpg" humanName="Namespace"/><name humanName="Name" mode="s,e">NA</name><multiplicity humanName="Multiplicity" mode="s,e">NA</multiplicity><lower humanName="Lower">1</lower><isUnique humanName="Is Unique" mode="e">true</isUnique><isStatic humanName="Is Static" mode="s,e">false</isStatic><isReadOnly humanName="Is Read Only" mode="s,e">false</isReadOnly><isOrdered humanName="Is Ordered" mode="e">false</isOrdered><isLeaf humanName="Is Leaf">false</isLeaf><isID humanName="Is ID" mode="e">false</isID><isDerivedUnion humanName="Is Derived Union" mode="e">false</isDerivedUnion><isDerived humanName="Is Derived" mode="s,e">false</isDerived><isComposite humanName="Is Composite">false</isComposite><featuringClassifier refid="7afbb8cb-6186-479b-b2db-50c826a30251" refElementId="7afbb8cb-6186-479b-b2db-50c826a30251" humanType="Association" classType="Association" name="NA" isRelationship="true" icon="StyleGuide_files/icon_association_1195740206.jpg" humanName="Featuring Classifier"/><effectiveIRI humanName="Effective IRI">NA</effectiveIRI><documentation humanName="Documentation">NA</documentation><association refid="7afbb8cb-6186-479b-b2db-50c826a30251" refElementId="7afbb8cb-6186-479b-b2db-50c826a30251" humanType="Association" classType="Association" name="NA" isRelationship="true" icon="StyleGuide_files/icon_association_1195740206.jpg" humanName="Association"/><aggregation humanName="Aggregation" mode="s,e">none</aggregation><TYPE_MODIFIER humanName="Type Modifier" mode="e">NA</TYPE_MODIFIER><TO_DO humanName="To Do" mode="s,e">NA</TO_DO><ActiveHyperlink humanName="Active Hyperlink">NA</ActiveHyperlink><ownedBy refid="7afbb8cb-6186-479b-b2db-50c826a30251" refElementId="7afbb8cb-6186-479b-b2db-50c826a30251" humanType="Association" classType="Association" name="NA" isRelationship="true" icon="StyleGuide_files/icon_association_1195740206.jpg" humanName="Owned By"/><navigable humanName="Navigable">false</navigable><report_appliedStereotype_tags humanName="Applied Stereotype" requireSort="element" mode="s,e"/></property></magicdraw>