<?xml version='1.0' encoding='UTF-8'?><magicdraw><instancespecification id="3e95ff39-72cd-41c8-9558-ee36246cdbe9" refElementId="3e95ff39-72cd-41c8-9558-ee36246cdbe9" humanType="Instance Specification" classType="InstanceSpecification" requireSort="node" icon="StyleGuide_files/icon_instancespecification_1706407405.jpg"><visibility humanName="Visibility">public</visibility><slot humanName="Slot"><slot refid="e8069c7d-3dfa-4fde-a02c-2aa9d420d596" refElementId="e8069c7d-3dfa-4fde-a02c-2aa9d420d596" humanType="Slot" classType="Slot" name="Version = &quot;1.0&quot;" icon="StyleGuide_files/icon_slot_1240926833.jpg"/><slot refid="ab313264-d057-4aee-8ff6-86eae1800cb0" refElementId="ab313264-d057-4aee-8ff6-86eae1800cb0" humanType="Slot" classType="Slot" name="Date = &quot;2/10/2023&quot;" icon="StyleGuide_files/icon_slot_1240926833.jpg"/><slot refid="523f835d-c1c5-442a-b3b6-213bf6081918" refElementId="523f835d-c1c5-442a-b3b6-213bf6081918" humanType="Slot" classType="Slot" name="POC = &quot;Name&quot;" icon="StyleGuide_files/icon_slot_1240926833.jpg"/><slot refid="fc0daeb0-fa7c-447c-bf98-098e3f5f9a00" refElementId="fc0daeb0-fa7c-447c-bf98-098e3f5f9a00" humanType="Slot" classType="Slot" name="Revison Description = &quot;Text&quot;" icon="StyleGuide_files/icon_slot_1240926833.jpg"/></slot><qualifiedName humanName="Qualified Name" mode="e">0. Model Overview::Change History::lineItemExample</qualifiedName><owningPackage refid="df4a76e2-6d48-4da0-92c8-56c64226a833" refElementId="df4a76e2-6d48-4da0-92c8-56c64226a833" humanType="Package" classType="Package" name="Change History" hasDiagram="true" icon="StyleGuide_files/icon_package_1704329166.jpg" humanName="Owning Package"/><owner refid="df4a76e2-6d48-4da0-92c8-56c64226a833" refElementId="df4a76e2-6d48-4da0-92c8-56c64226a833" humanType="Package" classType="Package" name="Change History" hasDiagram="true" icon="StyleGuide_files/icon_package_1704329166.jpg" humanName="Owner" mode="s,e"/><ownedElement humanName="Owned Element"><slot refid="e8069c7d-3dfa-4fde-a02c-2aa9d420d596" refElementId="e8069c7d-3dfa-4fde-a02c-2aa9d420d596" humanType="Slot" classType="Slot" name="Version = &quot;1.0&quot;" icon="StyleGuide_files/icon_slot_1240926833.jpg"/><slot refid="ab313264-d057-4aee-8ff6-86eae1800cb0" refElementId="ab313264-d057-4aee-8ff6-86eae1800cb0" humanType="Slot" classType="Slot" name="Date = &quot;2/10/2023&quot;" icon="StyleGuide_files/icon_slot_1240926833.jpg"/><slot refid="523f835d-c1c5-442a-b3b6-213bf6081918" refElementId="523f835d-c1c5-442a-b3b6-213bf6081918" humanType="Slot" classType="Slot" name="POC = &quot;Name&quot;" icon="StyleGuide_files/icon_slot_1240926833.jpg"/><slot refid="fc0daeb0-fa7c-447c-bf98-098e3f5f9a00" refElementId="fc0daeb0-fa7c-447c-bf98-098e3f5f9a00" humanType="Slot" classType="Slot" name="Revison Description = &quot;Text&quot;" icon="StyleGuide_files/icon_slot_1240926833.jpg"/></ownedElement><namespace refid="df4a76e2-6d48-4da0-92c8-56c64226a833" refElementId="df4a76e2-6d48-4da0-92c8-56c64226a833" humanType="Package" classType="Package" name="Change History" hasDiagram="true" icon="StyleGuide_files/icon_package_1704329166.jpg" humanName="Namespace"/><name humanName="Name" mode="s,e">lineItemExample</name><documentation humanName="Documentation">NA</documentation><classifier humanName="Classifier" mode="s,e"><block refid="0a94c9d7-d38f-44d7-9c3e-6ec2118a67ed" refElementId="0a94c9d7-d38f-44d7-9c3e-6ec2118a67ed" humanType="Block" classType="Class" name="Change History" icon="StyleGuide_files/icon_block_115264500.jpg"/></classifier><TO_DO humanName="To Do" mode="s,e">NA</TO_DO><ActiveHyperlink humanName="Active Hyperlink" mode="e">NA</ActiveHyperlink><report_appliedStereotype_tags humanName="Applied Stereotype" requireSort="element" mode="s,e"/></instancespecification></magicdraw>