<?xml version='1.0' encoding='UTF-8'?><magicdraw><satisfy id="3f7422a4-f0bf-4fcb-83de-531bb5b71772" refElementId="3f7422a4-f0bf-4fcb-83de-531bb5b71772" humanType="Satisfy" classType="Abstraction" requireSort="node" icon="StyleGuide_files/icon_satisfy_667199788.jpg"><visibility humanName="Visibility">public</visibility><target humanName="Target"><requirement refid="fb4c1e63-4ab1-41ab-abb8-15e44b3b6362" refElementId="fb4c1e63-4ab1-41ab-abb8-15e44b3b6362" humanType="Requirement" classType="Class" name="Requirement" icon="StyleGuide_files/icon_requirement_2037343960.jpg"/></target><supplier humanName="Supplier" mode="s,e"><requirement refid="fb4c1e63-4ab1-41ab-abb8-15e44b3b6362" refElementId="fb4c1e63-4ab1-41ab-abb8-15e44b3b6362" humanType="Requirement" classType="Class" name="Requirement" icon="StyleGuide_files/icon_requirement_2037343960.jpg"/></supplier><source humanName="Source"><block refid="c0ef103e-3a87-4503-bd62-57cdcc76ecf3" refElementId="c0ef103e-3a87-4503-bd62-57cdcc76ecf3" humanType="Block" classType="Class" name="Subsystem" icon="StyleGuide_files/icon_block_115264500.jpg"/></source><relatedElement humanName="Related Element"><requirement refid="fb4c1e63-4ab1-41ab-abb8-15e44b3b6362" refElementId="fb4c1e63-4ab1-41ab-abb8-15e44b3b6362" humanType="Requirement" classType="Class" name="Requirement" icon="StyleGuide_files/icon_requirement_2037343960.jpg"/><block refid="c0ef103e-3a87-4503-bd62-57cdcc76ecf3" refElementId="c0ef103e-3a87-4503-bd62-57cdcc76ecf3" humanType="Block" classType="Class" name="Subsystem" icon="StyleGuide_files/icon_block_115264500.jpg"/></relatedElement><qualifiedName humanName="Qualified Name" mode="e">AFLCMC Style Guide Rules::AFLCMC Rule Examples::18. System requirement links &amp; 26. Unique requirement Id::</qualifiedName><owningPackage refid="d249aa07-39ca-408e-9f33-ecef2a6a35b7" refElementId="d249aa07-39ca-408e-9f33-ecef2a6a35b7" humanType="Package" classType="Package" name="18. System requirement links &amp; 26. Unique requirement Id" hasDiagram="true" icon="StyleGuide_files/icon_package_1704329166.jpg" humanName="Owning Package"/><owner refid="d249aa07-39ca-408e-9f33-ecef2a6a35b7" refElementId="d249aa07-39ca-408e-9f33-ecef2a6a35b7" humanType="Package" classType="Package" name="18. System requirement links &amp; 26. Unique requirement Id" hasDiagram="true" icon="StyleGuide_files/icon_package_1704329166.jpg" humanName="Owner" mode="s,e"/><namespace refid="d249aa07-39ca-408e-9f33-ecef2a6a35b7" refElementId="d249aa07-39ca-408e-9f33-ecef2a6a35b7" humanType="Package" classType="Package" name="18. System requirement links &amp; 26. Unique requirement Id" hasDiagram="true" icon="StyleGuide_files/icon_package_1704329166.jpg" humanName="Namespace"/><name humanName="Name" mode="s,e">NA</name><documentation humanName="Documentation">NA</documentation><client humanName="Client" mode="s,e"><block refid="c0ef103e-3a87-4503-bd62-57cdcc76ecf3" refElementId="c0ef103e-3a87-4503-bd62-57cdcc76ecf3" humanType="Block" classType="Class" name="Subsystem" icon="StyleGuide_files/icon_block_115264500.jpg"/></client><appliedStereotype humanName="Applied Stereotype" mode="s,e"><stereotype refid="25fa79f0-2241-467b-a051-9c605f28d93c" refElementId="25fa79f0-2241-467b-a051-9c605f28d93c" humanType="Stereotype" classType="Stereotype" name="Satisfy" icon="StyleGuide_files/icon_stereotype_1187990366.jpg"/></appliedStereotype><TO_DO humanName="To Do" mode="s,e">NA</TO_DO><ActiveHyperlink humanName="Active Hyperlink">NA</ActiveHyperlink><report_appliedStereotype_tags humanName="Applied Stereotype" requireSort="element" mode="s,e"><stereotype refid="25fa79f0-2241-467b-a051-9c605f28d93c" refElementId="25fa79f0-2241-467b-a051-9c605f28d93c" humanType="Stereotype" classType="Stereotype" name="Satisfy" icon="StyleGuide_files/icon_stereotype_1187990366.jpg"><property requireSort="name" refid="c2a26416-e141-4794-9840-bcbde7221145" refElementId="c2a26416-e141-4794-9840-bcbde7221145" humanType="Property" classType="Property" name="base_Abstraction" icon="StyleGuide_files/icon_property_1714208984.jpg" humanName="Base_ Abstraction"/><property requireSort="name" refid="21cf9192-6f3a-4572-b5ab-02fad002e8b9" refElementId="21cf9192-6f3a-4572-b5ab-02fad002e8b9" humanType="Property" classType="Property" name="base_Abstraction" icon="StyleGuide_files/icon_property_1714208984.jpg" humanName="Base_ Abstraction"/><property requireSort="name" refid="24aaf58c-b8a9-41e0-b418-bcf676a0127c" refElementId="24aaf58c-b8a9-41e0-b418-bcf676a0127c" humanType="Property" classType="Property" name="base_DirectedRelationship" icon="StyleGuide_files/icon_property_1714208984.jpg" humanName="Base_ Directed Relationship"/><property requireSort="name" refid="5e0f23a4-d3b5-4785-8568-b1fb372f35a1" refElementId="5e0f23a4-d3b5-4785-8568-b1fb372f35a1" humanType="Property" classType="Property" name="sourceContext" icon="StyleGuide_files/icon_property_1714208984.jpg" humanName="Source Context"/><property requireSort="name" refid="b3c7527b-ed41-4f00-9a6a-6f1d8291538b" refElementId="b3c7527b-ed41-4f00-9a6a-6f1d8291538b" humanType="Property" classType="Property" name="sourcePropertyPath" icon="StyleGuide_files/icon_property_1714208984.jpg" humanName="Source Property Path"/><property requireSort="name" refid="8327e138-86e4-429a-adac-47dc66f7e95c" refElementId="8327e138-86e4-429a-adac-47dc66f7e95c" humanType="Property" classType="Property" name="targetContext" icon="StyleGuide_files/icon_property_1714208984.jpg" humanName="Target Context"/><property requireSort="name" refid="7c7ac45f-e17a-419b-bfa9-96355d11ff50" refElementId="7c7ac45f-e17a-419b-bfa9-96355d11ff50" humanType="Property" classType="Property" name="targetPropertyPath" icon="StyleGuide_files/icon_property_1714208984.jpg" humanName="Target Property Path"/></stereotype></report_appliedStereotype_tags></satisfy></magicdraw>