<?xml version='1.0' encoding='UTF-8'?><magicdraw><constraintproperty id="42e205aa-2e12-4a88-9682-b44908a4110a" refElementId="42e205aa-2e12-4a88-9682-b44908a4110a" humanType="Constraint Property" classType="Property" requireSort="node" icon="StyleGuide_files/icon_constraintproperty_183622963.jpg"><visibility humanName="Visibility" mode="e">private</visibility><upper humanName="Upper">1</upper><type refid="548c3127-b466-487b-b44e-c2feb76dcc75" refElementId="548c3127-b466-487b-b44e-c2feb76dcc75" humanType="Constraint Block" classType="Class" name="ConstraintBlock1" icon="StyleGuide_files/icon_constraintblock_462393747.jpg" humanName="Type" mode="s,e"/><redefinitionContext humanName="Redefinition Context"><block refid="caad66a1-5d49-45e0-9ef7-4e7d56acc614" refElementId="caad66a1-5d49-45e0-9ef7-4e7d56acc614" humanType="Block" classType="Class" name="System " icon="StyleGuide_files/icon_block_1918934099.jpg"/></redefinitionContext><qualifiedName humanName="Qualified Name" mode="e">AFLCMC Style Guide Rules::AFLCMC Rule Examples::20. Parametric diagram flow::System ::</qualifiedName><owner refid="caad66a1-5d49-45e0-9ef7-4e7d56acc614" refElementId="caad66a1-5d49-45e0-9ef7-4e7d56acc614" humanType="Block" classType="Class" name="System " icon="StyleGuide_files/icon_block_1918934099.jpg" humanName="Owner"/><namespace refid="caad66a1-5d49-45e0-9ef7-4e7d56acc614" refElementId="caad66a1-5d49-45e0-9ef7-4e7d56acc614" humanType="Block" classType="Class" name="System " icon="StyleGuide_files/icon_block_1918934099.jpg" humanName="Namespace"/><name humanName="Name" mode="s,e">NA</name><multiplicity humanName="Multiplicity" mode="s,e">NA</multiplicity><lower humanName="Lower">1</lower><isUnique humanName="Is Unique" mode="e">true</isUnique><isStatic humanName="Is Static" mode="s,e">false</isStatic><isReadOnly humanName="Is Read Only" mode="s,e">false</isReadOnly><isOrdered humanName="Is Ordered" mode="e">false</isOrdered><isLeaf humanName="Is Leaf">false</isLeaf><isID humanName="Is ID" mode="e">false</isID><isDerivedUnion humanName="Is Derived Union" mode="e">false</isDerivedUnion><isDerived humanName="Is Derived" mode="s,e">false</isDerived><isComposite humanName="Is Composite">true</isComposite><featuringClassifier refid="caad66a1-5d49-45e0-9ef7-4e7d56acc614" refElementId="caad66a1-5d49-45e0-9ef7-4e7d56acc614" humanType="Block" classType="Class" name="System " icon="StyleGuide_files/icon_block_1918934099.jpg" humanName="Featuring Classifier"/><effectiveIRI humanName="Effective IRI">NA</effectiveIRI><documentation humanName="Documentation">NA</documentation><classifier refid="caad66a1-5d49-45e0-9ef7-4e7d56acc614" refElementId="caad66a1-5d49-45e0-9ef7-4e7d56acc614" humanType="Block" classType="Class" name="System " icon="StyleGuide_files/icon_block_1918934099.jpg" humanName="Classifier"/><appliedStereotype humanName="Applied Stereotype" mode="s,e"><stereotype refid="294c6d7f-0f71-4fa6-b4db-4226923a307f" refElementId="294c6d7f-0f71-4fa6-b4db-4226923a307f" humanType="Stereotype" classType="Stereotype" name="ConstraintProperty" icon="StyleGuide_files/icon_stereotype_183622963.jpg"/></appliedStereotype><aggregation humanName="Aggregation" mode="s,e">composite</aggregation><UMLClass refid="caad66a1-5d49-45e0-9ef7-4e7d56acc614" refElementId="caad66a1-5d49-45e0-9ef7-4e7d56acc614" humanType="Block" classType="Class" name="System " icon="StyleGuide_files/icon_block_1918934099.jpg" humanName="Class"/><TYPE_MODIFIER humanName="Type Modifier" mode="e">NA</TYPE_MODIFIER><TO_DO humanName="To Do" mode="s,e">NA</TO_DO><ActiveHyperlink humanName="Active Hyperlink">NA</ActiveHyperlink><ownedBy refid="caad66a1-5d49-45e0-9ef7-4e7d56acc614" refElementId="caad66a1-5d49-45e0-9ef7-4e7d56acc614" humanType="Block" classType="Class" name="System " icon="StyleGuide_files/icon_block_1918934099.jpg" humanName="Owned By"/><navigable humanName="Navigable">true</navigable><report_appliedStereotype_tags humanName="Applied Stereotype" requireSort="element" mode="s,e"><stereotype refid="294c6d7f-0f71-4fa6-b4db-4226923a307f" refElementId="294c6d7f-0f71-4fa6-b4db-4226923a307f" humanType="Stereotype" classType="Stereotype" name="ConstraintProperty" icon="StyleGuide_files/icon_stereotype_183622963.jpg"><property requireSort="name" refid="fec932b2-935e-42e4-ace0-fe8562104a7c" refElementId="fec932b2-935e-42e4-ace0-fe8562104a7c" humanType="Property" classType="Property" name="base_Element" icon="StyleGuide_files/icon_property_1714208984.jpg" humanName="Base_ Element"/><property requireSort="name" refid="16df9dc9-8bf9-43d3-8861-d332ff7447f1" refElementId="16df9dc9-8bf9-43d3-8861-d332ff7447f1" humanType="Property" classType="Property" name="base_Property" icon="StyleGuide_files/icon_property_1714208984.jpg" humanName="Base_ Property"/></stereotype></report_appliedStereotype_tags></constraintproperty></magicdraw>