<?xml version='1.0' encoding='UTF-8'?><magicdraw><package id="439f9fb3-4218-4700-9466-e2816cdd3998" refElementId="439f9fb3-4218-4700-9466-e2816cdd3998" humanType="Package" classType="Package" requireSort="node" icon="StyleGuide_files/icon_package_1704329166.jpg"><visibility humanName="Visibility">public</visibility><qualifiedName humanName="Qualified Name" mode="e">0. Model Overview</qualifiedName><packagedElement humanName="Packaged Element"><package refid="df4a76e2-6d48-4da0-92c8-56c64226a833" refElementId="df4a76e2-6d48-4da0-92c8-56c64226a833" humanType="Package" classType="Package" name="Change History" hasDiagram="true" icon="StyleGuide_files/icon_package_1704329166.jpg"/><package refid="3a7171b8-0cc3-4a73-8ca9-7de70d050ba8" refElementId="3a7171b8-0cc3-4a73-8ca9-7de70d050ba8" humanType="Package" classType="Package" name="Glossary" hasDiagram="true" icon="StyleGuide_files/icon_package_1704329166.jpg"/></packagedElement><owningPackage refid="2f94faf1-f329-462d-ab1c-a51cfec69335" refElementId="2f94faf1-f329-462d-ab1c-a51cfec69335" humanType="Model" classType="Model" name="AFLCMC Style Guide" icon="StyleGuide_files/icon_model_1438076523.jpg" humanName="Owning Package"/><owner refid="2f94faf1-f329-462d-ab1c-a51cfec69335" refElementId="2f94faf1-f329-462d-ab1c-a51cfec69335" humanType="Model" classType="Model" name="AFLCMC Style Guide" icon="StyleGuide_files/icon_model_1438076523.jpg" humanName="Owner" mode="s,e"/><ownedMember humanName="Owned Member"><package refid="df4a76e2-6d48-4da0-92c8-56c64226a833" refElementId="df4a76e2-6d48-4da0-92c8-56c64226a833" humanType="Package" classType="Package" name="Change History" hasDiagram="true" icon="StyleGuide_files/icon_package_1704329166.jpg"/><package refid="3a7171b8-0cc3-4a73-8ca9-7de70d050ba8" refElementId="3a7171b8-0cc3-4a73-8ca9-7de70d050ba8" humanType="Package" classType="Package" name="Glossary" hasDiagram="true" icon="StyleGuide_files/icon_package_1704329166.jpg"/><diagram refid="942c0016-ed7e-4541-9b2a-ea7df376a733" refElementId="942c0016-ed7e-4541-9b2a-ea7df376a733" humanType="Diagram" classType="Diagram" name="README" diagramType="Free Form Diagram" icon="StyleGuide_files/icon_Free Form Diagram_115559051.jpg"/><diagram refid="af282097-4bcc-42bb-b6d0-b511228c589f" refElementId="af282097-4bcc-42bb-b6d0-b511228c589f" humanType="Diagram" classType="Diagram" name="0. Model Overview" diagramType="SysML Package Diagram" icon="StyleGuide_files/icon_SysML Package Diagram_1938131369.jpg"/></ownedMember><ownedElement humanName="Owned Element"><package refid="df4a76e2-6d48-4da0-92c8-56c64226a833" refElementId="df4a76e2-6d48-4da0-92c8-56c64226a833" humanType="Package" classType="Package" name="Change History" hasDiagram="true" icon="StyleGuide_files/icon_package_1704329166.jpg"/><package refid="3a7171b8-0cc3-4a73-8ca9-7de70d050ba8" refElementId="3a7171b8-0cc3-4a73-8ca9-7de70d050ba8" humanType="Package" classType="Package" name="Glossary" hasDiagram="true" icon="StyleGuide_files/icon_package_1704329166.jpg"/><diagram refid="942c0016-ed7e-4541-9b2a-ea7df376a733" refElementId="942c0016-ed7e-4541-9b2a-ea7df376a733" humanType="Diagram" classType="Diagram" name="README" diagramType="Free Form Diagram" icon="StyleGuide_files/icon_Free Form Diagram_115559051.jpg"/><diagram refid="af282097-4bcc-42bb-b6d0-b511228c589f" refElementId="af282097-4bcc-42bb-b6d0-b511228c589f" humanType="Diagram" classType="Diagram" name="0. Model Overview" diagramType="SysML Package Diagram" icon="StyleGuide_files/icon_SysML Package Diagram_1938131369.jpg"/></ownedElement><ownedDiagram humanName="Owned Diagram"><diagram refid="942c0016-ed7e-4541-9b2a-ea7df376a733" refElementId="942c0016-ed7e-4541-9b2a-ea7df376a733" humanType="Diagram" classType="Diagram" name="README" diagramType="Free Form Diagram" icon="StyleGuide_files/icon_Free Form Diagram_115559051.jpg"/><diagram refid="af282097-4bcc-42bb-b6d0-b511228c589f" refElementId="af282097-4bcc-42bb-b6d0-b511228c589f" humanType="Diagram" classType="Diagram" name="0. Model Overview" diagramType="SysML Package Diagram" icon="StyleGuide_files/icon_SysML Package Diagram_1938131369.jpg"/></ownedDiagram><nestingPackage refid="2f94faf1-f329-462d-ab1c-a51cfec69335" refElementId="2f94faf1-f329-462d-ab1c-a51cfec69335" humanType="Model" classType="Model" name="AFLCMC Style Guide" icon="StyleGuide_files/icon_model_1438076523.jpg" humanName="Nesting Package"/><nestedPackage humanName="Nested Package"><package refid="df4a76e2-6d48-4da0-92c8-56c64226a833" refElementId="df4a76e2-6d48-4da0-92c8-56c64226a833" humanType="Package" classType="Package" name="Change History" hasDiagram="true" icon="StyleGuide_files/icon_package_1704329166.jpg"/><package refid="3a7171b8-0cc3-4a73-8ca9-7de70d050ba8" refElementId="3a7171b8-0cc3-4a73-8ca9-7de70d050ba8" humanType="Package" classType="Package" name="Glossary" hasDiagram="true" icon="StyleGuide_files/icon_package_1704329166.jpg"/></nestedPackage><namespace refid="2f94faf1-f329-462d-ab1c-a51cfec69335" refElementId="2f94faf1-f329-462d-ab1c-a51cfec69335" humanType="Model" classType="Model" name="AFLCMC Style Guide" icon="StyleGuide_files/icon_model_1438076523.jpg" humanName="Namespace"/><name humanName="Name" mode="s,e">0. Model Overview</name><member humanName="Member"><package refid="df4a76e2-6d48-4da0-92c8-56c64226a833" refElementId="df4a76e2-6d48-4da0-92c8-56c64226a833" humanType="Package" classType="Package" name="Change History" hasDiagram="true" icon="StyleGuide_files/icon_package_1704329166.jpg"/><package refid="3a7171b8-0cc3-4a73-8ca9-7de70d050ba8" refElementId="3a7171b8-0cc3-4a73-8ca9-7de70d050ba8" humanType="Package" classType="Package" name="Glossary" hasDiagram="true" icon="StyleGuide_files/icon_package_1704329166.jpg"/><diagram refid="942c0016-ed7e-4541-9b2a-ea7df376a733" refElementId="942c0016-ed7e-4541-9b2a-ea7df376a733" humanType="Diagram" classType="Diagram" name="README" diagramType="Free Form Diagram" icon="StyleGuide_files/icon_Free Form Diagram_115559051.jpg"/><diagram refid="af282097-4bcc-42bb-b6d0-b511228c589f" refElementId="af282097-4bcc-42bb-b6d0-b511228c589f" humanType="Diagram" classType="Diagram" name="0. Model Overview" diagramType="SysML Package Diagram" icon="StyleGuide_files/icon_SysML Package Diagram_1938131369.jpg"/></member><documentation humanName="Documentation">NA</documentation><URI humanName="URI" mode="s,e">NA</URI><TO_DO humanName="To Do" mode="s,e">NA</TO_DO><ActiveHyperlink humanName="Active Hyperlink" mode="e">NA</ActiveHyperlink><report_appliedStereotype_tags humanName="Applied Stereotype" requireSort="element" mode="s,e"/></package></magicdraw>