<?xml version='1.0' encoding='UTF-8'?><magicdraw><rationale id="442ebc34-59a6-4580-8eaf-504cb3d3e5a3" refElementId="442ebc34-59a6-4580-8eaf-504cb3d3e5a3" humanType="Rationale" classType="Comment" requireSort="node" icon="StyleGuide_files/icon_rationale_1252082738.jpg"><owningElement refid="36f10eee-2970-4ea4-82c1-1f949405806a" refElementId="36f10eee-2970-4ea4-82c1-1f949405806a" humanType="Package" classType="Package" name="7. Model Element Naming Restriction, 8. Model Element Naming" hasDiagram="true" icon="StyleGuide_files/icon_package_1704329166.jpg" humanName="Owning Element"/><owner refid="36f10eee-2970-4ea4-82c1-1f949405806a" refElementId="36f10eee-2970-4ea4-82c1-1f949405806a" humanType="Package" classType="Package" name="7. Model Element Naming Restriction, 8. Model Element Naming" hasDiagram="true" icon="StyleGuide_files/icon_package_1704329166.jpg" humanName="Owner" mode="s,e"/><documentation humanName="Documentation">NA</documentation><body humanName="Body" mode="s,e">Provides necessary detail to support element understanding. Multiplicity on relationships addresses plurality.</body><appliedStereotype humanName="Applied Stereotype" mode="s,e"><stereotype refid="b8bdccbb-5972-4740-af73-7c1102b8e174" refElementId="b8bdccbb-5972-4740-af73-7c1102b8e174" humanType="Stereotype" classType="Stereotype" name="Rationale" icon="StyleGuide_files/icon_stereotype_1252082738.jpg"/></appliedStereotype><annotatedElement humanName="Annotated Element" mode="s,e"><requirement refid="b38e4a04-c0e7-45bb-b79b-e90cd4cbe8c7" refElementId="b38e4a04-c0e7-45bb-b79b-e90cd4cbe8c7" humanType="Requirement" classType="Class" name="8. Model Element Naming" icon="StyleGuide_files/icon_requirement_1047273168.jpg"/></annotatedElement><TO_DO humanName="To Do" mode="s,e">NA</TO_DO><ActiveHyperlink humanName="Active Hyperlink">NA</ActiveHyperlink><report_appliedStereotype_tags humanName="Applied Stereotype" requireSort="element" mode="s,e"><stereotype refid="b8bdccbb-5972-4740-af73-7c1102b8e174" refElementId="b8bdccbb-5972-4740-af73-7c1102b8e174" humanType="Stereotype" classType="Stereotype" name="Rationale" icon="StyleGuide_files/icon_stereotype_1252082738.jpg"><property requireSort="name" refid="4081ac1c-ad9a-4728-ab04-2fc34bcdcba0" refElementId="4081ac1c-ad9a-4728-ab04-2fc34bcdcba0" humanType="Property" classType="Property" name="base_Comment" icon="StyleGuide_files/icon_property_1714208984.jpg" humanName="Base_ Comment"/></stereotype></report_appliedStereotype_tags></rationale></magicdraw>