<?xml version='1.0' encoding='UTF-8'?><magicdraw><connectorend id="44f9666e-26dd-407a-bcfe-d4a6f60cd15a" refElementId="44f9666e-26dd-407a-bcfe-d4a6f60cd15a" humanType="Connector End" classType="ConnectorEnd" requireSort="node" icon="StyleGuide_files/icon_connectorend_1154174424.jpg"><upper humanName="Upper">1</upper><role refid="5d383797-1da8-45e9-8691-865ceb09c62c" refElementId="5d383797-1da8-45e9-8691-865ceb09c62c" humanType="Value Property" classType="Property" name="totalMass" icon="StyleGuide_files/icon_valueproperty_417492629.jpg" humanName="Role" mode="s,e"/><owner refid="d1fc689c-4a49-42cf-9ddb-613254e26644" refElementId="d1fc689c-4a49-42cf-9ddb-613254e26644" humanType="Binding Connector" classType="Connector" name="NA" isRelationship="true" icon="StyleGuide_files/icon_bindingconnector_1620734737.jpg" humanName="Owner" mode="s,e"/><multiplicity humanName="Multiplicity" mode="s,e">NA</multiplicity><lower humanName="Lower">1</lower><isUnique humanName="Is Unique">true</isUnique><isOrdered humanName="Is Ordered">false</isOrdered><documentation humanName="Documentation">NA</documentation><TO_DO humanName="To Do" mode="s,e">NA</TO_DO><ActiveHyperlink humanName="Active Hyperlink">NA</ActiveHyperlink><report_appliedStereotype_tags humanName="Applied Stereotype" requireSort="element" mode="s,e"/></connectorend></magicdraw>