<?xml version='1.0' encoding='UTF-8'?><magicdraw><comment id="47475896-26f3-4b99-86c6-ab3a06a5c3b0" refElementId="47475896-26f3-4b99-86c6-ab3a06a5c3b0" humanType="Comment" classType="Comment" requireSort="node" icon="StyleGuide_files/icon_comment_381730363.jpg"><owningElement refid="06bf5e69-b3f4-46b6-bf76-f1346ca68d23" refElementId="06bf5e69-b3f4-46b6-bf76-f1346ca68d23" humanType="Package" classType="Package" name="1. Top Level Diagram, 12. Model scope &amp; purpose &amp;16. Diagram classification marking" hasDiagram="true" icon="StyleGuide_files/icon_package_1704329166.jpg" humanName="Owning Element"/><owner refid="06bf5e69-b3f4-46b6-bf76-f1346ca68d23" refElementId="06bf5e69-b3f4-46b6-bf76-f1346ca68d23" humanType="Package" classType="Package" name="1. Top Level Diagram, 12. Model scope &amp; purpose &amp;16. Diagram classification marking" hasDiagram="true" icon="StyleGuide_files/icon_package_1704329166.jpg" humanName="Owner" mode="s,e"/><documentation humanName="Documentation">NA</documentation><body humanName="Body" mode="s,e">Data Handling Constraints - ITAR, Dissemination Control (A/B/C/D), Special Instructions, etc.</body><TO_DO humanName="To Do" mode="s,e">NA</TO_DO><ActiveHyperlink humanName="Active Hyperlink">NA</ActiveHyperlink><report_appliedStereotype_tags humanName="Applied Stereotype" requireSort="element" mode="s,e"/></comment></magicdraw>