<?xml version='1.0' encoding='UTF-8'?><magicdraw><constraintparameter id="4ac07776-134c-4b70-aab3-03c81a11f3cb" refElementId="4ac07776-134c-4b70-aab3-03c81a11f3cb" humanType="Constraint Parameter" classType="Port" requireSort="node" icon="StyleGuide_files/icon_constraintparameter_598843222.jpg"><visibility humanName="Visibility">private</visibility><upper humanName="Upper">1</upper><type refid="cf59daa7-de0b-4001-a48b-6be4d990ace5" refElementId="cf59daa7-de0b-4001-a48b-6be4d990ace5" humanType="Value Type" classType="DataType" name="Real" icon="StyleGuide_files/icon_valuetype_1518586259.jpg" humanName="Type" mode="s,e"/><redefinitionContext humanName="Redefinition Context"><constraintblock refid="548c3127-b466-487b-b44e-c2feb76dcc75" refElementId="548c3127-b466-487b-b44e-c2feb76dcc75" humanType="Constraint Block" classType="Class" name="ConstraintBlock1" icon="StyleGuide_files/icon_constraintblock_462393747.jpg"/></redefinitionContext><qualifiedName humanName="Qualified Name" mode="e">AFLCMC Style Guide Rules::AFLCMC Rule Examples::20. Parametric diagram flow::ConstraintBlock1::MassLimit</qualifiedName><owner refid="548c3127-b466-487b-b44e-c2feb76dcc75" refElementId="548c3127-b466-487b-b44e-c2feb76dcc75" humanType="Constraint Block" classType="Class" name="ConstraintBlock1" icon="StyleGuide_files/icon_constraintblock_462393747.jpg" humanName="Owner" mode="s,e"/><namespace refid="548c3127-b466-487b-b44e-c2feb76dcc75" refElementId="548c3127-b466-487b-b44e-c2feb76dcc75" humanType="Constraint Block" classType="Class" name="ConstraintBlock1" icon="StyleGuide_files/icon_constraintblock_462393747.jpg" humanName="Namespace"/><name humanName="Name" mode="s,e">MassLimit</name><multiplicity humanName="Multiplicity" mode="s,e">NA</multiplicity><lower humanName="Lower">1</lower><isUnique humanName="Is Unique">true</isUnique><isStatic humanName="Is Static">false</isStatic><isService humanName="Is Service">true</isService><isReadOnly humanName="Is Read Only">false</isReadOnly><isOrdered humanName="Is Ordered">false</isOrdered><isLeaf humanName="Is Leaf">false</isLeaf><isID humanName="Is ID">false</isID><isDerivedUnion humanName="Is Derived Union">false</isDerivedUnion><isDerived humanName="Is Derived">false</isDerived><isConjugated humanName="Is Conjugated">false</isConjugated><isComposite humanName="Is Composite">true</isComposite><isBehavior humanName="Is Behavior">false</isBehavior><featuringClassifier refid="548c3127-b466-487b-b44e-c2feb76dcc75" refElementId="548c3127-b466-487b-b44e-c2feb76dcc75" humanType="Constraint Block" classType="Class" name="ConstraintBlock1" icon="StyleGuide_files/icon_constraintblock_462393747.jpg" humanName="Featuring Classifier"/><end humanName="End"><connectorend refid="0f2500dd-be2f-4e15-a5bf-834a420a2ca4" refElementId="0f2500dd-be2f-4e15-a5bf-834a420a2ca4" humanType="Connector End" classType="ConnectorEnd" name="(Role :ConstraintBlock1.MassLimit)" icon="StyleGuide_files/icon_connectorend_1154174424.jpg"/></end><effectiveIRI humanName="Effective IRI">NA</effectiveIRI><documentation humanName="Documentation">NA</documentation><classifier refid="548c3127-b466-487b-b44e-c2feb76dcc75" refElementId="548c3127-b466-487b-b44e-c2feb76dcc75" humanType="Constraint Block" classType="Class" name="ConstraintBlock1" icon="StyleGuide_files/icon_constraintblock_462393747.jpg" humanName="Classifier"/><appliedStereotype humanName="Applied Stereotype" mode="s,e"><stereotype refid="cc40c446-e54c-4cba-ae07-10f40923d4f7" refElementId="cc40c446-e54c-4cba-ae07-10f40923d4f7" humanType="Stereotype" classType="Stereotype" name="ConstraintParameter" icon="StyleGuide_files/icon_stereotype_598843222.jpg"/></appliedStereotype><aggregation humanName="Aggregation">composite</aggregation><UMLClass refid="548c3127-b466-487b-b44e-c2feb76dcc75" refElementId="548c3127-b466-487b-b44e-c2feb76dcc75" humanType="Constraint Block" classType="Class" name="ConstraintBlock1" icon="StyleGuide_files/icon_constraintblock_462393747.jpg" humanName="Class"/><TYPE_MODIFIER humanName="Type Modifier">NA</TYPE_MODIFIER><TO_DO humanName="To Do">NA</TO_DO><ActiveHyperlink humanName="Active Hyperlink">NA</ActiveHyperlink><ownedBy refid="548c3127-b466-487b-b44e-c2feb76dcc75" refElementId="548c3127-b466-487b-b44e-c2feb76dcc75" humanType="Constraint Block" classType="Class" name="ConstraintBlock1" icon="StyleGuide_files/icon_constraintblock_462393747.jpg" humanName="Owned By"/><navigable humanName="Navigable">true</navigable><report_appliedStereotype_tags humanName="Applied Stereotype" requireSort="element" mode="s,e"><stereotype refid="cc40c446-e54c-4cba-ae07-10f40923d4f7" refElementId="cc40c446-e54c-4cba-ae07-10f40923d4f7" humanType="Stereotype" classType="Stereotype" name="ConstraintParameter" icon="StyleGuide_files/icon_stereotype_598843222.jpg"><property requireSort="name" refid="fec932b2-935e-42e4-ace0-fe8562104a7c" refElementId="fec932b2-935e-42e4-ace0-fe8562104a7c" humanType="Property" classType="Property" name="base_Element" icon="StyleGuide_files/icon_property_1714208984.jpg" humanName="Base_ Element"/><property requireSort="name" refid="a5793436-8e66-478e-89e6-254975a25940" refElementId="a5793436-8e66-478e-89e6-254975a25940" humanType="Property" classType="Property" name="base_Port" icon="StyleGuide_files/icon_property_1714208984.jpg" humanName="Base_ Port"/></stereotype></report_appliedStereotype_tags></constraintparameter></magicdraw>