<?xml version='1.0' encoding='UTF-8'?><magicdraw><extensionend id="4ac9cf50-4c56-4bf8-aca3-596a58cdbcbd" refElementId="4ac9cf50-4c56-4bf8-aca3-596a58cdbcbd" humanType="Extension End" classType="ExtensionEnd" requireSort="node" icon="StyleGuide_files/icon_extensionend_189990434.jpg"><visibility humanName="Visibility">private</visibility><upperValue refid="a9606ac5-9966-4510-94b9-af8496ce1e6a" refElementId="a9606ac5-9966-4510-94b9-af8496ce1e6a" humanType="Literal Unlimited Natural" classType="LiteralUnlimitedNatural" name="NA" text="1" icon="StyleGuide_files/icon_literalunlimitednatural_1534646925.jpg" humanName="Upper Value"/><upper humanName="Upper">1</upper><type refid="64cf2b43-ccd7-4657-a295-dd55e831eb6e" refElementId="64cf2b43-ccd7-4657-a295-dd55e831eb6e" humanType="Stereotype" classType="Stereotype" name="post-condition" icon="StyleGuide_files/icon_stereotype_726025092.jpg" humanName="Type"/><redefinitionContext humanName="Redefinition Context"><extension refid="fe241adc-0596-417d-bb7d-ade7ce7ed64c" refElementId="fe241adc-0596-417d-bb7d-ade7ce7ed64c" humanType="Extension" classType="Extension" name="NA" isRelationship="true" icon="StyleGuide_files/icon_extension_367537354.jpg"/></redefinitionContext><qualifiedName humanName="Qualified Name">AFLCMC Style Guide Rules::AFLCMC Rule Examples::22. Use Case Precondition &amp; 23. Use  Case Post-condition::Profile::::extension_unnamed1</qualifiedName><owningAssociation refid="fe241adc-0596-417d-bb7d-ade7ce7ed64c" refElementId="fe241adc-0596-417d-bb7d-ade7ce7ed64c" humanType="Extension" classType="Extension" name="NA" isRelationship="true" icon="StyleGuide_files/icon_extension_367537354.jpg" humanName="Owning Association"/><owner refid="fe241adc-0596-417d-bb7d-ade7ce7ed64c" refElementId="fe241adc-0596-417d-bb7d-ade7ce7ed64c" humanType="Extension" classType="Extension" name="NA" isRelationship="true" icon="StyleGuide_files/icon_extension_367537354.jpg" humanName="Owner"/><ownedElement humanName="Owned Element"><literalinteger refid="f11d520a-5a9e-4439-aa43-5094e90202bd" refElementId="f11d520a-5a9e-4439-aa43-5094e90202bd" humanType="Literal Integer" classType="LiteralInteger" name="NA" text="0" icon="StyleGuide_files/icon_literalinteger_384875058.jpg"/><literalunlimitednatural refid="a9606ac5-9966-4510-94b9-af8496ce1e6a" refElementId="a9606ac5-9966-4510-94b9-af8496ce1e6a" humanType="Literal Unlimited Natural" classType="LiteralUnlimitedNatural" name="NA" text="1" icon="StyleGuide_files/icon_literalunlimitednatural_1534646925.jpg"/></ownedElement><opposite refid="28ecc6e3-e0c3-4675-8ced-e4f12a0ee014" refElementId="28ecc6e3-e0c3-4675-8ced-e4f12a0ee014" humanType="Property" classType="Property" name="base_Element" icon="StyleGuide_files/icon_property_1714208984.jpg" humanName="Opposite"/><namespace refid="fe241adc-0596-417d-bb7d-ade7ce7ed64c" refElementId="fe241adc-0596-417d-bb7d-ade7ce7ed64c" humanType="Extension" classType="Extension" name="NA" isRelationship="true" icon="StyleGuide_files/icon_extension_367537354.jpg" humanName="Namespace"/><name humanName="Name">extension_unnamed1</name><multiplicity humanName="Multiplicity" mode="s,e">0..1</multiplicity><lowerValue refid="f11d520a-5a9e-4439-aa43-5094e90202bd" refElementId="f11d520a-5a9e-4439-aa43-5094e90202bd" humanType="Literal Integer" classType="LiteralInteger" name="NA" text="0" icon="StyleGuide_files/icon_literalinteger_384875058.jpg" humanName="Lower Value"/><lower humanName="Lower">0</lower><isUnique humanName="Is Unique">true</isUnique><isStatic humanName="Is Static">false</isStatic><isReadOnly humanName="Is Read Only">false</isReadOnly><isOrdered humanName="Is Ordered">false</isOrdered><isLeaf humanName="Is Leaf">false</isLeaf><isID humanName="Is ID" mode="s,e">false</isID><isDerivedUnion humanName="Is Derived Union">false</isDerivedUnion><isDerived humanName="Is Derived">false</isDerived><isComposite humanName="Is Composite">true</isComposite><featuringClassifier refid="fe241adc-0596-417d-bb7d-ade7ce7ed64c" refElementId="fe241adc-0596-417d-bb7d-ade7ce7ed64c" humanType="Extension" classType="Extension" name="NA" isRelationship="true" icon="StyleGuide_files/icon_extension_367537354.jpg" humanName="Featuring Classifier"/><effectiveIRI humanName="Effective IRI">NA</effectiveIRI><documentation humanName="Documentation">NA</documentation><association refid="fe241adc-0596-417d-bb7d-ade7ce7ed64c" refElementId="fe241adc-0596-417d-bb7d-ade7ce7ed64c" humanType="Extension" classType="Extension" name="NA" isRelationship="true" icon="StyleGuide_files/icon_extension_367537354.jpg" humanName="Association"/><aggregation humanName="Aggregation">composite</aggregation><TYPE_MODIFIER humanName="Type Modifier">NA</TYPE_MODIFIER><TO_DO humanName="To Do">NA</TO_DO><ActiveHyperlink humanName="Active Hyperlink">NA</ActiveHyperlink><ownedBy refid="fe241adc-0596-417d-bb7d-ade7ce7ed64c" refElementId="fe241adc-0596-417d-bb7d-ade7ce7ed64c" humanType="Extension" classType="Extension" name="NA" isRelationship="true" icon="StyleGuide_files/icon_extension_367537354.jpg" humanName="Owned By" mode="s,e"/><navigable humanName="Navigable">true</navigable><report_appliedStereotype_tags humanName="Applied Stereotype" requireSort="element"/></extensionend></magicdraw>