<?xml version='1.0' encoding='UTF-8'?><magicdraw><derivereqt id="4b560281-aea9-49d5-8cfe-66bf73a88002" refElementId="4b560281-aea9-49d5-8cfe-66bf73a88002" humanType="DeriveReqt" classType="Abstraction" requireSort="node" icon="StyleGuide_files/icon_derivereqt_146792998.jpg"><visibility humanName="Visibility">public</visibility><target humanName="Target"><requirement refid="214cfa0e-2ceb-4626-b9bc-49d36daa0580" refElementId="214cfa0e-2ceb-4626-b9bc-49d36daa0580" humanType="Requirement" classType="Class" name="Provide a Vegan Diet" icon="StyleGuide_files/icon_requirement_1047273168.jpg"/></target><supplier humanName="Supplier" mode="s,e"><requirement refid="214cfa0e-2ceb-4626-b9bc-49d36daa0580" refElementId="214cfa0e-2ceb-4626-b9bc-49d36daa0580" humanType="Requirement" classType="Class" name="Provide a Vegan Diet" icon="StyleGuide_files/icon_requirement_1047273168.jpg"/></supplier><source humanName="Source"><requirement refid="1bbe11ce-033c-4260-ab1b-7d33280b0abc" refElementId="1bbe11ce-033c-4260-ab1b-7d33280b0abc" humanType="Requirement" classType="Class" name="Provide Fruit" icon="StyleGuide_files/icon_requirement_1047273168.jpg"/></source><relatedElement humanName="Related Element"><requirement refid="214cfa0e-2ceb-4626-b9bc-49d36daa0580" refElementId="214cfa0e-2ceb-4626-b9bc-49d36daa0580" humanType="Requirement" classType="Class" name="Provide a Vegan Diet" icon="StyleGuide_files/icon_requirement_1047273168.jpg"/><requirement refid="1bbe11ce-033c-4260-ab1b-7d33280b0abc" refElementId="1bbe11ce-033c-4260-ab1b-7d33280b0abc" humanType="Requirement" classType="Class" name="Provide Fruit" icon="StyleGuide_files/icon_requirement_1047273168.jpg"/></relatedElement><qualifiedName humanName="Qualified Name" mode="e">AFLCMC Style Guide Rules::AFLCMC Rule Examples::19. Requirement Ownership::</qualifiedName><owningPackage refid="71fc5db1-c7e3-4b34-87c8-90cecbbd61cb" refElementId="71fc5db1-c7e3-4b34-87c8-90cecbbd61cb" humanType="Package" classType="Package" name="19. Requirement Ownership" hasDiagram="true" icon="StyleGuide_files/icon_package_1704329166.jpg" humanName="Owning Package"/><owner refid="71fc5db1-c7e3-4b34-87c8-90cecbbd61cb" refElementId="71fc5db1-c7e3-4b34-87c8-90cecbbd61cb" humanType="Package" classType="Package" name="19. Requirement Ownership" hasDiagram="true" icon="StyleGuide_files/icon_package_1704329166.jpg" humanName="Owner" mode="s,e"/><namespace refid="71fc5db1-c7e3-4b34-87c8-90cecbbd61cb" refElementId="71fc5db1-c7e3-4b34-87c8-90cecbbd61cb" humanType="Package" classType="Package" name="19. Requirement Ownership" hasDiagram="true" icon="StyleGuide_files/icon_package_1704329166.jpg" humanName="Namespace"/><name humanName="Name" mode="s,e">NA</name><documentation humanName="Documentation">NA</documentation><client humanName="Client" mode="s,e"><requirement refid="1bbe11ce-033c-4260-ab1b-7d33280b0abc" refElementId="1bbe11ce-033c-4260-ab1b-7d33280b0abc" humanType="Requirement" classType="Class" name="Provide Fruit" icon="StyleGuide_files/icon_requirement_1047273168.jpg"/></client><appliedStereotype humanName="Applied Stereotype" mode="s,e"><stereotype refid="75451d39-f615-41e9-863b-91eb425b4aba" refElementId="75451d39-f615-41e9-863b-91eb425b4aba" humanType="Stereotype" classType="Stereotype" name="DeriveReqt" icon="StyleGuide_files/icon_stereotype_146792998.jpg"/></appliedStereotype><TO_DO humanName="To Do" mode="s,e">NA</TO_DO><ActiveHyperlink humanName="Active Hyperlink">NA</ActiveHyperlink><report_appliedStereotype_tags humanName="Applied Stereotype" requireSort="element" mode="s,e"><stereotype refid="75451d39-f615-41e9-863b-91eb425b4aba" refElementId="75451d39-f615-41e9-863b-91eb425b4aba" humanType="Stereotype" classType="Stereotype" name="DeriveReqt" icon="StyleGuide_files/icon_stereotype_146792998.jpg"><property requireSort="name" refid="c2a26416-e141-4794-9840-bcbde7221145" refElementId="c2a26416-e141-4794-9840-bcbde7221145" humanType="Property" classType="Property" name="base_Abstraction" icon="StyleGuide_files/icon_property_1714208984.jpg" humanName="Base_ Abstraction"/><property requireSort="name" refid="21cf9192-6f3a-4572-b5ab-02fad002e8b9" refElementId="21cf9192-6f3a-4572-b5ab-02fad002e8b9" humanType="Property" classType="Property" name="base_Abstraction" icon="StyleGuide_files/icon_property_1714208984.jpg" humanName="Base_ Abstraction"/><property requireSort="name" refid="24aaf58c-b8a9-41e0-b418-bcf676a0127c" refElementId="24aaf58c-b8a9-41e0-b418-bcf676a0127c" humanType="Property" classType="Property" name="base_DirectedRelationship" icon="StyleGuide_files/icon_property_1714208984.jpg" humanName="Base_ Directed Relationship"/><property requireSort="name" refid="5e0f23a4-d3b5-4785-8568-b1fb372f35a1" refElementId="5e0f23a4-d3b5-4785-8568-b1fb372f35a1" humanType="Property" classType="Property" name="sourceContext" icon="StyleGuide_files/icon_property_1714208984.jpg" humanName="Source Context"/><property requireSort="name" refid="b3c7527b-ed41-4f00-9a6a-6f1d8291538b" refElementId="b3c7527b-ed41-4f00-9a6a-6f1d8291538b" humanType="Property" classType="Property" name="sourcePropertyPath" icon="StyleGuide_files/icon_property_1714208984.jpg" humanName="Source Property Path"/><property requireSort="name" refid="8327e138-86e4-429a-adac-47dc66f7e95c" refElementId="8327e138-86e4-429a-adac-47dc66f7e95c" humanType="Property" classType="Property" name="targetContext" icon="StyleGuide_files/icon_property_1714208984.jpg" humanName="Target Context"/><property requireSort="name" refid="7c7ac45f-e17a-419b-bfa9-96355d11ff50" refElementId="7c7ac45f-e17a-419b-bfa9-96355d11ff50" humanType="Property" classType="Property" name="targetPropertyPath" icon="StyleGuide_files/icon_property_1714208984.jpg" humanName="Target Property Path"/></stereotype></report_appliedStereotype_tags></derivereqt></magicdraw>