<?xml version='1.0' encoding='UTF-8'?><magicdraw><activityfinalnode id="4b7da561-cfff-4fd4-913f-d5da0d883c19" refElementId="4b7da561-cfff-4fd4-913f-d5da0d883c19" humanType="Activity Final Node" classType="ActivityFinalNode" requireSort="node" icon="StyleGuide_files/icon_activityfinalnode_816956885.jpg"><visibility humanName="Visibility">public</visibility><qualifiedName humanName="Qualified Name" mode="e">AFLCMC Style Guide Rules::AFLCMC Rule Examples::22. Use Case Precondition &amp; 23. Use  Case Post-condition::Use Case::Use Case Activities::</qualifiedName><owner refid="963099f9-bf8a-487d-9371-ce6f9f390e71" refElementId="963099f9-bf8a-487d-9371-ce6f9f390e71" humanType="Activity" classType="Activity" name="Use Case Activities" hasDiagram="true" icon="StyleGuide_files/icon_activity_1420294701.jpg" humanName="Owner" mode="s,e"/><name humanName="Name" mode="s,e">NA</name><isLeaf humanName="Is Leaf">false</isLeaf><incoming humanName="Incoming"><controlflow refid="5aff34f2-dbbb-4f1b-a243-bf2b8928f4c7" refElementId="5aff34f2-dbbb-4f1b-a243-bf2b8928f4c7" humanType="Control Flow" classType="ControlFlow" name="NA" isRelationship="true" icon="StyleGuide_files/icon_controlflow_234107628.jpg"/></incoming><documentation humanName="Documentation">NA</documentation><activity refid="963099f9-bf8a-487d-9371-ce6f9f390e71" refElementId="963099f9-bf8a-487d-9371-ce6f9f390e71" humanType="Activity" classType="Activity" name="Use Case Activities" hasDiagram="true" icon="StyleGuide_files/icon_activity_1420294701.jpg" humanName="Activity"/><TO_DO humanName="To Do" mode="s,e">NA</TO_DO><ActiveHyperlink humanName="Active Hyperlink">NA</ActiveHyperlink><report_appliedStereotype_tags humanName="Applied Stereotype" requireSort="element" mode="s,e"/></activityfinalnode></magicdraw>