<?xml version='1.0' encoding='UTF-8'?><magicdraw><referenceproperty id="4c62a166-44c5-4695-b3a0-0d19e2119aef" refElementId="4c62a166-44c5-4695-b3a0-0d19e2119aef" humanType="Reference Property" classType="Property" requireSort="node" icon="StyleGuide_files/icon_referenceproperty_398808367.jpg"><visibility humanName="Visibility" mode="e">public</visibility><upper humanName="Upper">1</upper><type refid="b564de41-9d14-4d59-ae99-79e38edf2707" refElementId="b564de41-9d14-4d59-ae99-79e38edf2707" humanType="Block" classType="Class" name="Block 3" icon="StyleGuide_files/icon_block_115264500.jpg" humanName="Type" mode="s,e"/><redefinitionContext humanName="Redefinition Context"><block refid="4dbd0dfd-6abf-4a7d-96a4-30cf96a18dff" refElementId="4dbd0dfd-6abf-4a7d-96a4-30cf96a18dff" humanType="Block" classType="Class" name="Block" icon="StyleGuide_files/icon_block_115264500.jpg"/></redefinitionContext><qualifiedName humanName="Qualified Name" mode="e">AFLCMC Style Guide Rules::AFLCMC Rule Examples::11. Use of multiplicity with associations::Block::block 3</qualifiedName><owner refid="4dbd0dfd-6abf-4a7d-96a4-30cf96a18dff" refElementId="4dbd0dfd-6abf-4a7d-96a4-30cf96a18dff" humanType="Block" classType="Class" name="Block" icon="StyleGuide_files/icon_block_115264500.jpg" humanName="Owner"/><opposite refid="b01a15e8-e5d2-4ee5-9286-2901c01ada67" refElementId="b01a15e8-e5d2-4ee5-9286-2901c01ada67" humanType="Property" classType="Property" name="NA" icon="StyleGuide_files/icon_property_1714208984.jpg" humanName="Opposite"/><namespace refid="4dbd0dfd-6abf-4a7d-96a4-30cf96a18dff" refElementId="4dbd0dfd-6abf-4a7d-96a4-30cf96a18dff" humanType="Block" classType="Class" name="Block" icon="StyleGuide_files/icon_block_115264500.jpg" humanName="Namespace"/><name humanName="Name" mode="s,e">block 3</name><multiplicity humanName="Multiplicity" mode="s,e">NA</multiplicity><lower humanName="Lower">1</lower><isUnique humanName="Is Unique" mode="e">true</isUnique><isStatic humanName="Is Static" mode="s,e">false</isStatic><isReadOnly humanName="Is Read Only" mode="s,e">false</isReadOnly><isOrdered humanName="Is Ordered" mode="e">false</isOrdered><isLeaf humanName="Is Leaf">false</isLeaf><isID humanName="Is ID" mode="e">false</isID><isDerivedUnion humanName="Is Derived Union" mode="e">false</isDerivedUnion><isDerived humanName="Is Derived" mode="s,e">false</isDerived><isComposite humanName="Is Composite">false</isComposite><featuringClassifier refid="4dbd0dfd-6abf-4a7d-96a4-30cf96a18dff" refElementId="4dbd0dfd-6abf-4a7d-96a4-30cf96a18dff" humanType="Block" classType="Class" name="Block" icon="StyleGuide_files/icon_block_115264500.jpg" humanName="Featuring Classifier"/><effectiveIRI humanName="Effective IRI">NA</effectiveIRI><documentation humanName="Documentation">NA</documentation><classifier refid="4dbd0dfd-6abf-4a7d-96a4-30cf96a18dff" refElementId="4dbd0dfd-6abf-4a7d-96a4-30cf96a18dff" humanType="Block" classType="Class" name="Block" icon="StyleGuide_files/icon_block_115264500.jpg" humanName="Classifier"/><association refid="ede650b4-52a1-4942-9743-1e164e48c6e5" refElementId="ede650b4-52a1-4942-9743-1e164e48c6e5" humanType="Association" classType="Association" name="NA" isRelationship="true" icon="StyleGuide_files/icon_association_1195740206.jpg" humanName="Association"/><appliedStereotype humanName="Applied Stereotype" mode="s,e"><stereotype refid="975b44dd-e52f-4ee9-89ce-1e6f1bcf2de3" refElementId="975b44dd-e52f-4ee9-89ce-1e6f1bcf2de3" humanType="Stereotype" classType="Stereotype" name="ReferenceProperty" icon="StyleGuide_files/icon_stereotype_398808367.jpg"/></appliedStereotype><aggregation humanName="Aggregation" mode="s,e">none</aggregation><UMLClass refid="4dbd0dfd-6abf-4a7d-96a4-30cf96a18dff" refElementId="4dbd0dfd-6abf-4a7d-96a4-30cf96a18dff" humanType="Block" classType="Class" name="Block" icon="StyleGuide_files/icon_block_115264500.jpg" humanName="Class"/><TYPE_MODIFIER humanName="Type Modifier" mode="e">NA</TYPE_MODIFIER><TO_DO humanName="To Do" mode="s,e">NA</TO_DO><ActiveHyperlink humanName="Active Hyperlink">NA</ActiveHyperlink><ownedBy refid="4dbd0dfd-6abf-4a7d-96a4-30cf96a18dff" refElementId="4dbd0dfd-6abf-4a7d-96a4-30cf96a18dff" humanType="Block" classType="Class" name="Block" icon="StyleGuide_files/icon_block_115264500.jpg" humanName="Owned By"/><navigable humanName="Navigable">true</navigable><report_appliedStereotype_tags humanName="Applied Stereotype" requireSort="element" mode="s,e"><stereotype refid="975b44dd-e52f-4ee9-89ce-1e6f1bcf2de3" refElementId="975b44dd-e52f-4ee9-89ce-1e6f1bcf2de3" humanType="Stereotype" classType="Stereotype" name="ReferenceProperty" icon="StyleGuide_files/icon_stereotype_398808367.jpg"><property requireSort="name" refid="fec932b2-935e-42e4-ace0-fe8562104a7c" refElementId="fec932b2-935e-42e4-ace0-fe8562104a7c" humanType="Property" classType="Property" name="base_Element" icon="StyleGuide_files/icon_property_1714208984.jpg" humanName="Base_ Element"/><property requireSort="name" refid="27091019-e633-48aa-9fac-6c4008748d0e" refElementId="27091019-e633-48aa-9fac-6c4008748d0e" humanType="Property" classType="Property" name="base_Property" icon="StyleGuide_files/icon_property_1714208984.jpg" humanName="Base_ Property"/><property requireSort="name" refid="27ba0235-2edb-413e-8816-f2109d1678a9" refElementId="27ba0235-2edb-413e-8816-f2109d1678a9" humanType="Property" classType="Property" name="base_Property" icon="StyleGuide_files/icon_property_1714208984.jpg" humanName="Base_ Property"/><property requireSort="name" refid="ebb026cc-db93-4a70-9ee9-7cbec8ebdacd" refElementId="ebb026cc-db93-4a70-9ee9-7cbec8ebdacd" humanType="Property" classType="Property" name="base_Property" icon="StyleGuide_files/icon_property_1714208984.jpg" humanName="Base_ Property"/></stereotype></report_appliedStereotype_tags></referenceproperty></magicdraw>