<?xml version='1.0' encoding='UTF-8'?><magicdraw><block id="4dbd0dfd-6abf-4a7d-96a4-30cf96a18dff" refElementId="4dbd0dfd-6abf-4a7d-96a4-30cf96a18dff" humanType="Block" classType="Class" requireSort="node" icon="StyleGuide_files/icon_block_115264500.jpg"><visibility humanName="Visibility">public</visibility><usedAsType humanName="Used As Type"><property refid="3d2471e4-2ced-41f2-91f3-40efcde6ba1a" refElementId="3d2471e4-2ced-41f2-91f3-40efcde6ba1a" humanType="Property" classType="Property" name="NA" icon="StyleGuide_files/icon_property_1714208984.jpg"/><property refid="b01a15e8-e5d2-4ee5-9286-2901c01ada67" refElementId="b01a15e8-e5d2-4ee5-9286-2901c01ada67" humanType="Property" classType="Property" name="NA" icon="StyleGuide_files/icon_property_1714208984.jpg"/></usedAsType><role humanName="Role"><referenceproperty refid="ac5e2645-6b85-4b64-bd0a-4abdc924b299" refElementId="ac5e2645-6b85-4b64-bd0a-4abdc924b299" humanType="Reference Property" classType="Property" name="block 2" icon="StyleGuide_files/icon_referenceproperty_398808367.jpg"/><referenceproperty refid="4c62a166-44c5-4695-b3a0-0d19e2119aef" refElementId="4c62a166-44c5-4695-b3a0-0d19e2119aef" humanType="Reference Property" classType="Property" name="block 3" icon="StyleGuide_files/icon_referenceproperty_398808367.jpg"/></role><qualifiedName humanName="Qualified Name" mode="e">AFLCMC Style Guide Rules::AFLCMC Rule Examples::11. Use of multiplicity with associations::Block</qualifiedName><package refid="5caeada1-e49d-4e7d-9454-78336030b058" refElementId="5caeada1-e49d-4e7d-9454-78336030b058" humanType="Package" classType="Package" name="11. Use of multiplicity with associations" hasDiagram="true" icon="StyleGuide_files/icon_package_1704329166.jpg" humanName="Package"/><owningPackage refid="5caeada1-e49d-4e7d-9454-78336030b058" refElementId="5caeada1-e49d-4e7d-9454-78336030b058" humanType="Package" classType="Package" name="11. Use of multiplicity with associations" hasDiagram="true" icon="StyleGuide_files/icon_package_1704329166.jpg" humanName="Owning Package"/><owner refid="5caeada1-e49d-4e7d-9454-78336030b058" refElementId="5caeada1-e49d-4e7d-9454-78336030b058" humanType="Package" classType="Package" name="11. Use of multiplicity with associations" hasDiagram="true" icon="StyleGuide_files/icon_package_1704329166.jpg" humanName="Owner" mode="s,e"/><ownedMember humanName="Owned Member"><referenceproperty refid="ac5e2645-6b85-4b64-bd0a-4abdc924b299" refElementId="ac5e2645-6b85-4b64-bd0a-4abdc924b299" humanType="Reference Property" classType="Property" name="block 2" icon="StyleGuide_files/icon_referenceproperty_398808367.jpg"/><referenceproperty refid="4c62a166-44c5-4695-b3a0-0d19e2119aef" refElementId="4c62a166-44c5-4695-b3a0-0d19e2119aef" humanType="Reference Property" classType="Property" name="block 3" icon="StyleGuide_files/icon_referenceproperty_398808367.jpg"/></ownedMember><ownedElement humanName="Owned Element"><referenceproperty refid="ac5e2645-6b85-4b64-bd0a-4abdc924b299" refElementId="ac5e2645-6b85-4b64-bd0a-4abdc924b299" humanType="Reference Property" classType="Property" name="block 2" icon="StyleGuide_files/icon_referenceproperty_398808367.jpg"/><referenceproperty refid="4c62a166-44c5-4695-b3a0-0d19e2119aef" refElementId="4c62a166-44c5-4695-b3a0-0d19e2119aef" humanType="Reference Property" classType="Property" name="block 3" icon="StyleGuide_files/icon_referenceproperty_398808367.jpg"/></ownedElement><ownedAttribute humanName="Owned Attribute"><referenceproperty refid="ac5e2645-6b85-4b64-bd0a-4abdc924b299" refElementId="ac5e2645-6b85-4b64-bd0a-4abdc924b299" humanType="Reference Property" classType="Property" name="block 2" icon="StyleGuide_files/icon_referenceproperty_398808367.jpg"/><referenceproperty refid="4c62a166-44c5-4695-b3a0-0d19e2119aef" refElementId="4c62a166-44c5-4695-b3a0-0d19e2119aef" humanType="Reference Property" classType="Property" name="block 3" icon="StyleGuide_files/icon_referenceproperty_398808367.jpg"/></ownedAttribute><namespace refid="5caeada1-e49d-4e7d-9454-78336030b058" refElementId="5caeada1-e49d-4e7d-9454-78336030b058" humanType="Package" classType="Package" name="11. Use of multiplicity with associations" hasDiagram="true" icon="StyleGuide_files/icon_package_1704329166.jpg" humanName="Namespace"/><name humanName="Name" mode="s,e">Block</name><member humanName="Member"><referenceproperty refid="ac5e2645-6b85-4b64-bd0a-4abdc924b299" refElementId="ac5e2645-6b85-4b64-bd0a-4abdc924b299" humanType="Reference Property" classType="Property" name="block 2" icon="StyleGuide_files/icon_referenceproperty_398808367.jpg"/><referenceproperty refid="4c62a166-44c5-4695-b3a0-0d19e2119aef" refElementId="4c62a166-44c5-4695-b3a0-0d19e2119aef" humanType="Reference Property" classType="Property" name="block 3" icon="StyleGuide_files/icon_referenceproperty_398808367.jpg"/></member><isLeaf humanName="Is Leaf">false</isLeaf><isFinalSpecialization humanName="Is Final Specialization">false</isFinalSpecialization><isActive humanName="Is Active" mode="e">false</isActive><isAbstract humanName="Is Abstract">false</isAbstract><feature humanName="Feature"><referenceproperty refid="ac5e2645-6b85-4b64-bd0a-4abdc924b299" refElementId="ac5e2645-6b85-4b64-bd0a-4abdc924b299" humanType="Reference Property" classType="Property" name="block 2" icon="StyleGuide_files/icon_referenceproperty_398808367.jpg"/><referenceproperty refid="4c62a166-44c5-4695-b3a0-0d19e2119aef" refElementId="4c62a166-44c5-4695-b3a0-0d19e2119aef" humanType="Reference Property" classType="Property" name="block 3" icon="StyleGuide_files/icon_referenceproperty_398808367.jpg"/></feature><effectiveIRI humanName="Effective IRI">NA</effectiveIRI><documentation humanName="Documentation">NA</documentation><derivedExplanation humanName="Derived Explanation">NA</derivedExplanation><attribute humanName="Attribute"><referenceproperty refid="ac5e2645-6b85-4b64-bd0a-4abdc924b299" refElementId="ac5e2645-6b85-4b64-bd0a-4abdc924b299" humanType="Reference Property" classType="Property" name="block 2" icon="StyleGuide_files/icon_referenceproperty_398808367.jpg"/><referenceproperty refid="4c62a166-44c5-4695-b3a0-0d19e2119aef" refElementId="4c62a166-44c5-4695-b3a0-0d19e2119aef" humanType="Reference Property" classType="Property" name="block 3" icon="StyleGuide_files/icon_referenceproperty_398808367.jpg"/></attribute><appliedStereotype humanName="Applied Stereotype" mode="e"><stereotype refid="2a4f4cbc-9ea6-4f20-b409-6716a55a9e59" refElementId="2a4f4cbc-9ea6-4f20-b409-6716a55a9e59" humanType="Stereotype" classType="Stereotype" name="Block" icon="StyleGuide_files/icon_stereotype_115264500.jpg"/></appliedStereotype><TO_DO humanName="To Do">NA</TO_DO><ActiveHyperlink humanName="Active Hyperlink">NA</ActiveHyperlink><report_appliedStereotype_tags humanName="Applied Stereotype" requireSort="element" mode="e"><stereotype refid="2a4f4cbc-9ea6-4f20-b409-6716a55a9e59" refElementId="2a4f4cbc-9ea6-4f20-b409-6716a55a9e59" humanType="Stereotype" classType="Stereotype" name="Block" icon="StyleGuide_files/icon_stereotype_115264500.jpg"><property requireSort="name" refid="bc7751b1-76b0-4daa-9db2-8f2e91343ae1" refElementId="bc7751b1-76b0-4daa-9db2-8f2e91343ae1" humanType="Property" classType="Property" name="base_Class" icon="StyleGuide_files/icon_property_1714208984.jpg" humanName="Base_ Class"/><property requireSort="name" refid="bcd3c93f-2a66-496e-b6e5-3c281bfca79a" refElementId="bcd3c93f-2a66-496e-b6e5-3c281bfca79a" humanType="Property" classType="Property" name="isEncapsulated" icon="StyleGuide_files/icon_property_1714208984.jpg" humanName="Is Encapsulated"/></stereotype></report_appliedStereotype_tags></block></magicdraw>