<?xml version='1.0' encoding='UTF-8'?><magicdraw><block id="4dd850cc-74c0-4332-9b6e-d692d9fd4d76" refElementId="4dd850cc-74c0-4332-9b6e-d692d9fd4d76" humanType="Block" classType="Class" requireSort="node" icon="StyleGuide_files/icon_block_1918934099.jpg"><visibility humanName="Visibility">public</visibility><qualifiedName humanName="Qualified Name" mode="e">AFLCMC Style Guide Rules::AFLCMC Rule Examples::3. Use of Legends::Schooner</qualifiedName><package refid="6afb0f26-b2b6-47a5-8ca8-a23ded4d257e" refElementId="6afb0f26-b2b6-47a5-8ca8-a23ded4d257e" humanType="Package" classType="Package" name="3. Use of Legends" hasDiagram="true" icon="StyleGuide_files/icon_package_1704329166.jpg" humanName="Package"/><owningPackage refid="6afb0f26-b2b6-47a5-8ca8-a23ded4d257e" refElementId="6afb0f26-b2b6-47a5-8ca8-a23ded4d257e" humanType="Package" classType="Package" name="3. Use of Legends" hasDiagram="true" icon="StyleGuide_files/icon_package_1704329166.jpg" humanName="Owning Package"/><owner refid="6afb0f26-b2b6-47a5-8ca8-a23ded4d257e" refElementId="6afb0f26-b2b6-47a5-8ca8-a23ded4d257e" humanType="Package" classType="Package" name="3. Use of Legends" hasDiagram="true" icon="StyleGuide_files/icon_package_1704329166.jpg" humanName="Owner" mode="s,e"/><namespace refid="6afb0f26-b2b6-47a5-8ca8-a23ded4d257e" refElementId="6afb0f26-b2b6-47a5-8ca8-a23ded4d257e" humanType="Package" classType="Package" name="3. Use of Legends" hasDiagram="true" icon="StyleGuide_files/icon_package_1704329166.jpg" humanName="Namespace"/><name humanName="Name" mode="s,e">Schooner</name><isLeaf humanName="Is Leaf">false</isLeaf><isFinalSpecialization humanName="Is Final Specialization">false</isFinalSpecialization><isActive humanName="Is Active" mode="e">false</isActive><isAbstract humanName="Is Abstract">false</isAbstract><effectiveIRI humanName="Effective IRI">NA</effectiveIRI><documentation humanName="Documentation">NA</documentation><derivedExplanation humanName="Derived Explanation">NA</derivedExplanation><appliedStereotype humanName="Applied Stereotype" mode="e"><stereotype refid="2a4f4cbc-9ea6-4f20-b409-6716a55a9e59" refElementId="2a4f4cbc-9ea6-4f20-b409-6716a55a9e59" humanType="Stereotype" classType="Stereotype" name="Block" icon="StyleGuide_files/icon_stereotype_1918934099.jpg"/></appliedStereotype><TO_DO humanName="To Do">NA</TO_DO><ActiveHyperlink humanName="Active Hyperlink">NA</ActiveHyperlink><report_appliedStereotype_tags humanName="Applied Stereotype" requireSort="element" mode="e"><stereotype refid="2a4f4cbc-9ea6-4f20-b409-6716a55a9e59" refElementId="2a4f4cbc-9ea6-4f20-b409-6716a55a9e59" humanType="Stereotype" classType="Stereotype" name="Block" icon="StyleGuide_files/icon_stereotype_1918934099.jpg"><property requireSort="name" refid="bc7751b1-76b0-4daa-9db2-8f2e91343ae1" refElementId="bc7751b1-76b0-4daa-9db2-8f2e91343ae1" humanType="Property" classType="Property" name="base_Class" icon="StyleGuide_files/icon_property_1714208984.jpg" humanName="Base_ Class"/><property requireSort="name" refid="bcd3c93f-2a66-496e-b6e5-3c281bfca79a" refElementId="bcd3c93f-2a66-496e-b6e5-3c281bfca79a" humanType="Property" classType="Property" name="isEncapsulated" icon="StyleGuide_files/icon_property_1714208984.jpg" humanName="Is Encapsulated"/></stereotype></report_appliedStereotype_tags></block></magicdraw>