<?xml version='1.0' encoding='UTF-8'?><magicdraw><rationale id="4fb426bb-22a4-4d7a-bf45-b49ec96dc0c2" refElementId="4fb426bb-22a4-4d7a-bf45-b49ec96dc0c2" humanType="Rationale" classType="Comment" requireSort="node" icon="StyleGuide_files/icon_rationale_1252082738.jpg"><owningElement refid="399425b7-9467-475b-bbc0-a7e803d64225" refElementId="399425b7-9467-475b-bbc0-a7e803d64225" humanType="Requirement" classType="Class" name="26. Unique requirement Id" icon="StyleGuide_files/icon_requirement_1047273168.jpg" humanName="Owning Element"/><owner refid="399425b7-9467-475b-bbc0-a7e803d64225" refElementId="399425b7-9467-475b-bbc0-a7e803d64225" humanType="Requirement" classType="Class" name="26. Unique requirement Id" icon="StyleGuide_files/icon_requirement_1047273168.jpg" humanName="Owner" mode="s,e"/><documentation humanName="Documentation">NA</documentation><body humanName="Body" mode="s,e">Provides flexibility when all requirements are germane to a common boundary (e.g., a program)</body><appliedStereotype humanName="Applied Stereotype" mode="s,e"><stereotype refid="b8bdccbb-5972-4740-af73-7c1102b8e174" refElementId="b8bdccbb-5972-4740-af73-7c1102b8e174" humanType="Stereotype" classType="Stereotype" name="Rationale" icon="StyleGuide_files/icon_stereotype_1252082738.jpg"/></appliedStereotype><annotatedElement humanName="Annotated Element" mode="s,e"><requirement refid="399425b7-9467-475b-bbc0-a7e803d64225" refElementId="399425b7-9467-475b-bbc0-a7e803d64225" humanType="Requirement" classType="Class" name="26. Unique requirement Id" icon="StyleGuide_files/icon_requirement_1047273168.jpg"/></annotatedElement><TO_DO humanName="To Do" mode="s,e">NA</TO_DO><ActiveHyperlink humanName="Active Hyperlink">NA</ActiveHyperlink><report_appliedStereotype_tags humanName="Applied Stereotype" requireSort="element" mode="s,e"><stereotype refid="b8bdccbb-5972-4740-af73-7c1102b8e174" refElementId="b8bdccbb-5972-4740-af73-7c1102b8e174" humanType="Stereotype" classType="Stereotype" name="Rationale" icon="StyleGuide_files/icon_stereotype_1252082738.jpg"><property requireSort="name" refid="4081ac1c-ad9a-4728-ab04-2fc34bcdcba0" refElementId="4081ac1c-ad9a-4728-ab04-2fc34bcdcba0" humanType="Property" classType="Property" name="base_Comment" icon="StyleGuide_files/icon_property_1714208984.jpg" humanName="Base_ Comment"/></stereotype></report_appliedStereotype_tags></rationale></magicdraw>