<?xml version='1.0' encoding='UTF-8'?><magicdraw><slot id="523f835d-c1c5-442a-b3b6-213bf6081918" refElementId="523f835d-c1c5-442a-b3b6-213bf6081918" humanType="Slot" classType="Slot" requireSort="node" icon="StyleGuide_files/icon_slot_1240926833.jpg"><value humanName="Value" mode="s,e"><literalstring refid="57f90cc4-f0e3-44d0-96ff-fe7f02213424" refElementId="57f90cc4-f0e3-44d0-96ff-fe7f02213424" humanType="Literal String" classType="LiteralString" name="NA" text="Name" icon="StyleGuide_files/icon_literalstring_938830494.jpg"/></value><owningInstance refid="3e95ff39-72cd-41c8-9558-ee36246cdbe9" refElementId="3e95ff39-72cd-41c8-9558-ee36246cdbe9" humanType="Instance Specification" classType="InstanceSpecification" name="lineItemExample" icon="StyleGuide_files/icon_instancespecification_1706407405.jpg" humanName="Owning Instance"/><owner refid="3e95ff39-72cd-41c8-9558-ee36246cdbe9" refElementId="3e95ff39-72cd-41c8-9558-ee36246cdbe9" humanType="Instance Specification" classType="InstanceSpecification" name="lineItemExample" icon="StyleGuide_files/icon_instancespecification_1706407405.jpg" humanName="Owner" mode="s,e"/><ownedElement humanName="Owned Element"><literalstring refid="57f90cc4-f0e3-44d0-96ff-fe7f02213424" refElementId="57f90cc4-f0e3-44d0-96ff-fe7f02213424" humanType="Literal String" classType="LiteralString" name="NA" text="Name" icon="StyleGuide_files/icon_literalstring_938830494.jpg"/></ownedElement><documentation humanName="Documentation">NA</documentation><definingFeature refid="78b18ffc-2ea3-48b0-886e-b767d2bf7e4a" refElementId="78b18ffc-2ea3-48b0-886e-b767d2bf7e4a" humanType="Value Property" classType="Property" name="POC" icon="StyleGuide_files/icon_valueproperty_394706776.jpg" humanName="Defining Feature" mode="s,e"/><TO_DO humanName="To Do" mode="s,e">NA</TO_DO><ActiveHyperlink humanName="Active Hyperlink">NA</ActiveHyperlink><report_appliedStereotype_tags humanName="Applied Stereotype" requireSort="element" mode="s,e"/></slot></magicdraw>