<?xml version='1.0' encoding='UTF-8'?><magicdraw><usecase id="53572c08-fe9c-4149-a755-f68ee9754e8f" refElementId="53572c08-fe9c-4149-a755-f68ee9754e8f" humanType="UseCase" classType="UseCase" requireSort="node" icon="StyleGuide_files/icon_usecase_2090866284.jpg"><visibility humanName="Visibility">public</visibility><qualifiedName humanName="Qualified Name" mode="e">AFLCMC Style Guide Rules::AFLCMC Rule Examples::21. Actor interactions::Use Case</qualifiedName><package refid="08a6b552-e231-4ac3-8da8-f22175a482af" refElementId="08a6b552-e231-4ac3-8da8-f22175a482af" humanType="Package" classType="Package" name="21. Actor interactions" hasDiagram="true" icon="StyleGuide_files/icon_package_1704329166.jpg" humanName="Package"/><owningPackage refid="08a6b552-e231-4ac3-8da8-f22175a482af" refElementId="08a6b552-e231-4ac3-8da8-f22175a482af" humanType="Package" classType="Package" name="21. Actor interactions" hasDiagram="true" icon="StyleGuide_files/icon_package_1704329166.jpg" humanName="Owning Package"/><owner refid="08a6b552-e231-4ac3-8da8-f22175a482af" refElementId="08a6b552-e231-4ac3-8da8-f22175a482af" humanType="Package" classType="Package" name="21. Actor interactions" hasDiagram="true" icon="StyleGuide_files/icon_package_1704329166.jpg" humanName="Owner" mode="s,e"/><namespace refid="08a6b552-e231-4ac3-8da8-f22175a482af" refElementId="08a6b552-e231-4ac3-8da8-f22175a482af" humanType="Package" classType="Package" name="21. Actor interactions" hasDiagram="true" icon="StyleGuide_files/icon_package_1704329166.jpg" humanName="Namespace"/><name humanName="Name" mode="s,e">Use Case</name><isLeaf humanName="Is Leaf">false</isLeaf><isFinalSpecialization humanName="Is Final Specialization">false</isFinalSpecialization><isAbstract humanName="Is Abstract" mode="e">false</isAbstract><documentation humanName="Documentation">NA</documentation><TO_DO humanName="To Do" mode="s,e">NA</TO_DO><ActiveHyperlink humanName="Active Hyperlink" mode="e">NA</ActiveHyperlink><report_appliedStereotype_tags humanName="Applied Stereotype" requireSort="element" mode="s,e"/></usecase></magicdraw>