<?xml version='1.0' encoding='UTF-8'?><magicdraw><model id="54602204-cb87-4a7f-aa10-cfd9153328af" refElementId="54602204-cb87-4a7f-aa10-cfd9153328af" humanType="Model" classType="Model" requireSort="node" icon="StyleGuide_files/icon_model_1438076523.jpg"><visibility humanName="Visibility">public</visibility><viewpoint humanName="Viewpoint">NA</viewpoint><qualifiedName humanName="Qualified Name" mode="e">AFLCMC Style Guide Rules::AFLCMC Rule Examples::6. Model File Name::[U] ModelSubject.mdzip [U]</qualifiedName><owningPackage refid="8a9a74ec-df8b-466f-a58b-ae3462a5acc4" refElementId="8a9a74ec-df8b-466f-a58b-ae3462a5acc4" humanType="Package" classType="Package" name="6. Model File Name" hasDiagram="true" icon="StyleGuide_files/icon_package_1704329166.jpg" humanName="Owning Package"/><owner refid="8a9a74ec-df8b-466f-a58b-ae3462a5acc4" refElementId="8a9a74ec-df8b-466f-a58b-ae3462a5acc4" humanType="Package" classType="Package" name="6. Model File Name" hasDiagram="true" icon="StyleGuide_files/icon_package_1704329166.jpg" humanName="Owner" mode="s,e"/><nestingPackage refid="8a9a74ec-df8b-466f-a58b-ae3462a5acc4" refElementId="8a9a74ec-df8b-466f-a58b-ae3462a5acc4" humanType="Package" classType="Package" name="6. Model File Name" hasDiagram="true" icon="StyleGuide_files/icon_package_1704329166.jpg" humanName="Nesting Package"/><namespace refid="8a9a74ec-df8b-466f-a58b-ae3462a5acc4" refElementId="8a9a74ec-df8b-466f-a58b-ae3462a5acc4" humanType="Package" classType="Package" name="6. Model File Name" hasDiagram="true" icon="StyleGuide_files/icon_package_1704329166.jpg" humanName="Namespace"/><name humanName="Name" mode="s,e">[U] ModelSubject.mdzip [U]</name><documentation humanName="Documentation">NA</documentation><URI humanName="URI" mode="s,e">NA</URI><TO_DO humanName="To Do" mode="s,e">NA</TO_DO><ActiveHyperlink humanName="Active Hyperlink" mode="e">NA</ActiveHyperlink><report_appliedStereotype_tags humanName="Applied Stereotype" requireSort="element" mode="s,e"/></model></magicdraw>