<?xml version='1.0' encoding='UTF-8'?><magicdraw><constraintblock id="548c3127-b466-487b-b44e-c2feb76dcc75" refElementId="548c3127-b466-487b-b44e-c2feb76dcc75" humanType="Constraint Block" classType="Class" requireSort="node" icon="StyleGuide_files/icon_constraintblock_462393747.jpg"><visibility humanName="Visibility">public</visibility><usedAsType humanName="Used As Type"><constraintproperty refid="42e205aa-2e12-4a88-9682-b44908a4110a" refElementId="42e205aa-2e12-4a88-9682-b44908a4110a" humanType="Constraint Property" classType="Property" name="NA" icon="StyleGuide_files/icon_constraintproperty_183622963.jpg"/></usedAsType><role humanName="Role"><constraintparameter refid="4ac07776-134c-4b70-aab3-03c81a11f3cb" refElementId="4ac07776-134c-4b70-aab3-03c81a11f3cb" humanType="Constraint Parameter" classType="Port" name="MassLimit" icon="StyleGuide_files/icon_constraintparameter_598843222.jpg"/><constraintparameter refid="e336f283-51a2-47f1-bad3-03c31c75c5c7" refElementId="e336f283-51a2-47f1-bad3-03c31c75c5c7" humanType="Constraint Parameter" classType="Port" name="totalMass" icon="StyleGuide_files/icon_constraintparameter_598843222.jpg"/></role><qualifiedName humanName="Qualified Name" mode="e">AFLCMC Style Guide Rules::AFLCMC Rule Examples::20. Parametric diagram flow::ConstraintBlock1</qualifiedName><part humanName="Part"><constraintparameter refid="4ac07776-134c-4b70-aab3-03c81a11f3cb" refElementId="4ac07776-134c-4b70-aab3-03c81a11f3cb" humanType="Constraint Parameter" classType="Port" name="MassLimit" icon="StyleGuide_files/icon_constraintparameter_598843222.jpg"/><constraintparameter refid="e336f283-51a2-47f1-bad3-03c31c75c5c7" refElementId="e336f283-51a2-47f1-bad3-03c31c75c5c7" humanType="Constraint Parameter" classType="Port" name="totalMass" icon="StyleGuide_files/icon_constraintparameter_598843222.jpg"/></part><package refid="ec682748-a094-4c33-b4df-50ad9d28c09b" refElementId="ec682748-a094-4c33-b4df-50ad9d28c09b" humanType="Package" classType="Package" name="20. Parametric diagram flow" hasDiagram="true" icon="StyleGuide_files/icon_package_1704329166.jpg" humanName="Package"/><owningPackage refid="ec682748-a094-4c33-b4df-50ad9d28c09b" refElementId="ec682748-a094-4c33-b4df-50ad9d28c09b" humanType="Package" classType="Package" name="20. Parametric diagram flow" hasDiagram="true" icon="StyleGuide_files/icon_package_1704329166.jpg" humanName="Owning Package"/><owner refid="ec682748-a094-4c33-b4df-50ad9d28c09b" refElementId="ec682748-a094-4c33-b4df-50ad9d28c09b" humanType="Package" classType="Package" name="20. Parametric diagram flow" hasDiagram="true" icon="StyleGuide_files/icon_package_1704329166.jpg" humanName="Owner" mode="s,e"/><ownedRule humanName="Owned Rule"><constraint refid="804f9f03-654c-48ed-83f4-c4c24a01b680" refElementId="804f9f03-654c-48ed-83f4-c4c24a01b680" humanType="Constraint" classType="Constraint" name="NA" icon="StyleGuide_files/icon_constraint_1137662975.jpg"/></ownedRule><ownedPort humanName="Owned Port"><constraintparameter refid="4ac07776-134c-4b70-aab3-03c81a11f3cb" refElementId="4ac07776-134c-4b70-aab3-03c81a11f3cb" humanType="Constraint Parameter" classType="Port" name="MassLimit" icon="StyleGuide_files/icon_constraintparameter_598843222.jpg"/><constraintparameter refid="e336f283-51a2-47f1-bad3-03c31c75c5c7" refElementId="e336f283-51a2-47f1-bad3-03c31c75c5c7" humanType="Constraint Parameter" classType="Port" name="totalMass" icon="StyleGuide_files/icon_constraintparameter_598843222.jpg"/></ownedPort><ownedMember humanName="Owned Member"><constraintparameter refid="4ac07776-134c-4b70-aab3-03c81a11f3cb" refElementId="4ac07776-134c-4b70-aab3-03c81a11f3cb" humanType="Constraint Parameter" classType="Port" name="MassLimit" icon="StyleGuide_files/icon_constraintparameter_598843222.jpg"/><constraintparameter refid="e336f283-51a2-47f1-bad3-03c31c75c5c7" refElementId="e336f283-51a2-47f1-bad3-03c31c75c5c7" humanType="Constraint Parameter" classType="Port" name="totalMass" icon="StyleGuide_files/icon_constraintparameter_598843222.jpg"/><constraint refid="804f9f03-654c-48ed-83f4-c4c24a01b680" refElementId="804f9f03-654c-48ed-83f4-c4c24a01b680" humanType="Constraint" classType="Constraint" name="NA" icon="StyleGuide_files/icon_constraint_1137662975.jpg"/></ownedMember><ownedElement humanName="Owned Element"><constraintparameter refid="4ac07776-134c-4b70-aab3-03c81a11f3cb" refElementId="4ac07776-134c-4b70-aab3-03c81a11f3cb" humanType="Constraint Parameter" classType="Port" name="MassLimit" icon="StyleGuide_files/icon_constraintparameter_598843222.jpg"/><constraintparameter refid="e336f283-51a2-47f1-bad3-03c31c75c5c7" refElementId="e336f283-51a2-47f1-bad3-03c31c75c5c7" humanType="Constraint Parameter" classType="Port" name="totalMass" icon="StyleGuide_files/icon_constraintparameter_598843222.jpg"/><constraint refid="804f9f03-654c-48ed-83f4-c4c24a01b680" refElementId="804f9f03-654c-48ed-83f4-c4c24a01b680" humanType="Constraint" classType="Constraint" name="NA" icon="StyleGuide_files/icon_constraint_1137662975.jpg"/></ownedElement><ownedAttribute humanName="Owned Attribute"><constraintparameter refid="4ac07776-134c-4b70-aab3-03c81a11f3cb" refElementId="4ac07776-134c-4b70-aab3-03c81a11f3cb" humanType="Constraint Parameter" classType="Port" name="MassLimit" icon="StyleGuide_files/icon_constraintparameter_598843222.jpg"/><constraintparameter refid="e336f283-51a2-47f1-bad3-03c31c75c5c7" refElementId="e336f283-51a2-47f1-bad3-03c31c75c5c7" humanType="Constraint Parameter" classType="Port" name="totalMass" icon="StyleGuide_files/icon_constraintparameter_598843222.jpg"/></ownedAttribute><namespace refid="ec682748-a094-4c33-b4df-50ad9d28c09b" refElementId="ec682748-a094-4c33-b4df-50ad9d28c09b" humanType="Package" classType="Package" name="20. Parametric diagram flow" hasDiagram="true" icon="StyleGuide_files/icon_package_1704329166.jpg" humanName="Namespace"/><name humanName="Name" mode="s,e">ConstraintBlock1</name><member humanName="Member"><constraintparameter refid="4ac07776-134c-4b70-aab3-03c81a11f3cb" refElementId="4ac07776-134c-4b70-aab3-03c81a11f3cb" humanType="Constraint Parameter" classType="Port" name="MassLimit" icon="StyleGuide_files/icon_constraintparameter_598843222.jpg"/><constraintparameter refid="e336f283-51a2-47f1-bad3-03c31c75c5c7" refElementId="e336f283-51a2-47f1-bad3-03c31c75c5c7" humanType="Constraint Parameter" classType="Port" name="totalMass" icon="StyleGuide_files/icon_constraintparameter_598843222.jpg"/><constraint refid="804f9f03-654c-48ed-83f4-c4c24a01b680" refElementId="804f9f03-654c-48ed-83f4-c4c24a01b680" humanType="Constraint" classType="Constraint" name="NA" icon="StyleGuide_files/icon_constraint_1137662975.jpg"/></member><isLeaf humanName="Is Leaf">false</isLeaf><isFinalSpecialization humanName="Is Final Specialization">false</isFinalSpecialization><isActive humanName="Is Active" mode="e">false</isActive><isAbstract humanName="Is Abstract">false</isAbstract><feature humanName="Feature"><constraintparameter refid="4ac07776-134c-4b70-aab3-03c81a11f3cb" refElementId="4ac07776-134c-4b70-aab3-03c81a11f3cb" humanType="Constraint Parameter" classType="Port" name="MassLimit" icon="StyleGuide_files/icon_constraintparameter_598843222.jpg"/><constraintparameter refid="e336f283-51a2-47f1-bad3-03c31c75c5c7" refElementId="e336f283-51a2-47f1-bad3-03c31c75c5c7" humanType="Constraint Parameter" classType="Port" name="totalMass" icon="StyleGuide_files/icon_constraintparameter_598843222.jpg"/></feature><effectiveIRI humanName="Effective IRI">NA</effectiveIRI><documentation humanName="Documentation">NA</documentation><derivedExplanation humanName="Derived Explanation">NA</derivedExplanation><attribute humanName="Attribute"><constraintparameter refid="4ac07776-134c-4b70-aab3-03c81a11f3cb" refElementId="4ac07776-134c-4b70-aab3-03c81a11f3cb" humanType="Constraint Parameter" classType="Port" name="MassLimit" icon="StyleGuide_files/icon_constraintparameter_598843222.jpg"/><constraintparameter refid="e336f283-51a2-47f1-bad3-03c31c75c5c7" refElementId="e336f283-51a2-47f1-bad3-03c31c75c5c7" humanType="Constraint Parameter" classType="Port" name="totalMass" icon="StyleGuide_files/icon_constraintparameter_598843222.jpg"/></attribute><appliedStereotype humanName="Applied Stereotype" mode="e"><stereotype refid="6a35a614-f6a2-4dc7-afdb-ef0bc9d4c356" refElementId="6a35a614-f6a2-4dc7-afdb-ef0bc9d4c356" humanType="Stereotype" classType="Stereotype" name="ConstraintBlock" icon="StyleGuide_files/icon_stereotype_462393747.jpg"/></appliedStereotype><TO_DO humanName="To Do">NA</TO_DO><ActiveHyperlink humanName="Active Hyperlink">NA</ActiveHyperlink><report_appliedStereotype_tags humanName="Applied Stereotype" requireSort="element" mode="e"><stereotype refid="6a35a614-f6a2-4dc7-afdb-ef0bc9d4c356" refElementId="6a35a614-f6a2-4dc7-afdb-ef0bc9d4c356" humanType="Stereotype" classType="Stereotype" name="ConstraintBlock" icon="StyleGuide_files/icon_stereotype_462393747.jpg"><property requireSort="name" refid="5226ecbd-0d12-4d45-8058-746ec309cebc" refElementId="5226ecbd-0d12-4d45-8058-746ec309cebc" humanType="Property" classType="Property" name="base_Class" icon="StyleGuide_files/icon_property_1714208984.jpg" humanName="Base_ Class"/><property requireSort="name" refid="bc7751b1-76b0-4daa-9db2-8f2e91343ae1" refElementId="bc7751b1-76b0-4daa-9db2-8f2e91343ae1" humanType="Property" classType="Property" name="base_Class" icon="StyleGuide_files/icon_property_1714208984.jpg" humanName="Base_ Class"/><property requireSort="name" refid="bcd3c93f-2a66-496e-b6e5-3c281bfca79a" refElementId="bcd3c93f-2a66-496e-b6e5-3c281bfca79a" humanType="Property" classType="Property" name="isEncapsulated" icon="StyleGuide_files/icon_property_1714208984.jpg" humanName="Is Encapsulated"/></stereotype></report_appliedStereotype_tags></constraintblock></magicdraw>