<?xml version='1.0' encoding='UTF-8'?><magicdraw><requirement id="5515f626-9675-40b2-b708-c62523c4fe0b" refElementId="5515f626-9675-40b2-b708-c62523c4fe0b" humanType="Requirement" classType="Class" requireSort="node" icon="StyleGuide_files/icon_requirement_1047273168.jpg"><documentation humanName="Documentation" mode="s">A time event shall be annotated as "after (time expression)" for relative time event or "at (time expression) for absolute time event.</documentation><visibility humanName="Visibility">public</visibility><taggedValue humanName="Tagged Value"><stringtaggedvalue refid="ea7b5e7c-0b9f-4358-add6-e7e41459b3bd" refElementId="ea7b5e7c-0b9f-4358-add6-e7e41459b3bd" humanType="String Tagged Value" classType="StringTaggedValue" name="Text = &quot;A time event shall be annotated as &quot;after (time expression)&quot; for relative time event or &quot;at (time expression) for absolute time event.&quot;" icon="StyleGuide_files/icon_stringtaggedvalue_907973731.jpg"/><stringtaggedvalue refid="3e81106b-3f13-427f-b7c7-64081e9e08fe" refElementId="3e81106b-3f13-427f-b7c7-64081e9e08fe" humanType="String Tagged Value" classType="StringTaggedValue" name="Id = &quot;LCMCRule-25&quot;" icon="StyleGuide_files/icon_stringtaggedvalue_907973731.jpg"/></taggedValue><qualifiedName humanName="Qualified Name" mode="e">AFLCMC Style Guide Rules::25. Time event annotation (deprecated)</qualifiedName><package refid="169ad86e-2d29-49c8-aedd-26aeac8d0151" refElementId="169ad86e-2d29-49c8-aedd-26aeac8d0151" humanType="Package" classType="Package" name="AFLCMC Style Guide Rules" hasDiagram="true" icon="StyleGuide_files/icon_package_1704329166.jpg" humanName="Package"/><owningPackage refid="169ad86e-2d29-49c8-aedd-26aeac8d0151" refElementId="169ad86e-2d29-49c8-aedd-26aeac8d0151" humanType="Package" classType="Package" name="AFLCMC Style Guide Rules" hasDiagram="true" icon="StyleGuide_files/icon_package_1704329166.jpg" humanName="Owning Package"/><owner refid="169ad86e-2d29-49c8-aedd-26aeac8d0151" refElementId="169ad86e-2d29-49c8-aedd-26aeac8d0151" humanType="Package" classType="Package" name="AFLCMC Style Guide Rules" hasDiagram="true" icon="StyleGuide_files/icon_package_1704329166.jpg" humanName="Owner" mode="s,e"/><ownedElement humanName="Owned Element"><comment refid="75dc2b1b-636d-4466-bc0e-5d9d2ce2fed9" refElementId="75dc2b1b-636d-4466-bc0e-5d9d2ce2fed9" humanType="Comment" classType="Comment" name="A time event shall be annotated as &quot;after (time ex..." icon="StyleGuide_files/icon_comment_568925759.jpg"/><rationale refid="136b07d5-f018-43b4-a716-278cde2c1ace" refElementId="136b07d5-f018-43b4-a716-278cde2c1ace" humanType="Rationale" classType="Comment" name="This is standard SysML" icon="StyleGuide_files/icon_rationale_1252082738.jpg"/><stringtaggedvalue refid="ea7b5e7c-0b9f-4358-add6-e7e41459b3bd" refElementId="ea7b5e7c-0b9f-4358-add6-e7e41459b3bd" humanType="String Tagged Value" classType="StringTaggedValue" name="Text = &quot;A time event shall be annotated as &quot;after (time expression)&quot; for relative time event or &quot;at (time expression) for absolute time event.&quot;" icon="StyleGuide_files/icon_stringtaggedvalue_907973731.jpg"/><stringtaggedvalue refid="3e81106b-3f13-427f-b7c7-64081e9e08fe" refElementId="3e81106b-3f13-427f-b7c7-64081e9e08fe" humanType="String Tagged Value" classType="StringTaggedValue" name="Id = &quot;LCMCRule-25&quot;" icon="StyleGuide_files/icon_stringtaggedvalue_907973731.jpg"/></ownedElement><ownedComment humanName="Owned Comment"><comment refid="75dc2b1b-636d-4466-bc0e-5d9d2ce2fed9" refElementId="75dc2b1b-636d-4466-bc0e-5d9d2ce2fed9" humanType="Comment" classType="Comment" name="A time event shall be annotated as &quot;after (time ex..." icon="StyleGuide_files/icon_comment_568925759.jpg"/><rationale refid="136b07d5-f018-43b4-a716-278cde2c1ace" refElementId="136b07d5-f018-43b4-a716-278cde2c1ace" humanType="Rationale" classType="Comment" name="This is standard SysML" icon="StyleGuide_files/icon_rationale_1252082738.jpg"/></ownedComment><namespace refid="169ad86e-2d29-49c8-aedd-26aeac8d0151" refElementId="169ad86e-2d29-49c8-aedd-26aeac8d0151" humanType="Package" classType="Package" name="AFLCMC Style Guide Rules" hasDiagram="true" icon="StyleGuide_files/icon_package_1704329166.jpg" humanName="Namespace"/><name humanName="Name" mode="s,e">25. Time event annotation (deprecated)</name><isLeaf humanName="Is Leaf">false</isLeaf><isFinalSpecialization humanName="Is Final Specialization">false</isFinalSpecialization><isActive humanName="Is Active" mode="e">false</isActive><isAbstract humanName="Is Abstract">false</isAbstract><effectiveIRI humanName="Effective IRI">NA</effectiveIRI><derivedExplanation humanName="Derived Explanation">NA</derivedExplanation><appliedStereotype humanName="Applied Stereotype" mode="e"><stereotype refid="8bf34745-8ee8-4115-b25b-f48b214b2a4e" refElementId="8bf34745-8ee8-4115-b25b-f48b214b2a4e" humanType="Stereotype" classType="Stereotype" name="Requirement" icon="StyleGuide_files/icon_stereotype_1047273168.jpg"/></appliedStereotype><TO_DO humanName="To Do">NA</TO_DO><ActiveHyperlink humanName="Active Hyperlink">NA</ActiveHyperlink><report_appliedStereotype_tags humanName="Applied Stereotype" requireSort="element" mode="e"><stereotype refid="8bf34745-8ee8-4115-b25b-f48b214b2a4e" refElementId="8bf34745-8ee8-4115-b25b-f48b214b2a4e" humanType="Stereotype" classType="Stereotype" name="Requirement" icon="StyleGuide_files/icon_stereotype_1047273168.jpg"><property requireSort="name" refid="5dafd8f8-cf8f-4a65-8182-243ac0b22b19" refElementId="5dafd8f8-cf8f-4a65-8182-243ac0b22b19" humanType="Property" classType="Property" name="base_Class" icon="StyleGuide_files/icon_property_1714208984.jpg" humanName="Base_ Class"/><property requireSort="name" refid="2bbdd836-fb29-4d38-9b9b-54a019631007" refElementId="2bbdd836-fb29-4d38-9b9b-54a019631007" humanType="Property" classType="Property" name="base_NamedElement" icon="StyleGuide_files/icon_property_1714208984.jpg" humanName="Base_ Named Element"/><property requireSort="name" refid="11f636dd-5eaa-4190-b16d-013f26033c3a" refElementId="11f636dd-5eaa-4190-b16d-013f26033c3a" humanType="Property" classType="Property" name="Derived" icon="StyleGuide_files/icon_property_1714208984.jpg" humanName="Derived"/><property requireSort="name" refid="5a8cafab-64a9-4a32-9abf-c4bb8cec6632" refElementId="5a8cafab-64a9-4a32-9abf-c4bb8cec6632" humanType="Property" classType="Property" name="DerivedFrom" icon="StyleGuide_files/icon_property_1714208984.jpg" humanName="Derived From"/><property requireSort="name" refid="94a2d3e4-c3df-465e-9480-5c4389e63be1" refElementId="94a2d3e4-c3df-465e-9480-5c4389e63be1" humanType="Property" classType="Property" name="Id" icon="StyleGuide_files/icon_property_1714208984.jpg" humanName="Id"><String>LCMCRule-25</String></property><property requireSort="name" refid="321ff866-d508-4559-91c3-ddece6de352a" refElementId="321ff866-d508-4559-91c3-ddece6de352a" humanType="Property" classType="Property" name="Master" icon="StyleGuide_files/icon_property_1714208984.jpg" humanName="Master"/><property requireSort="name" refid="bae37973-55e9-4fd2-91ae-ca4c621bcd2c" refElementId="bae37973-55e9-4fd2-91ae-ca4c621bcd2c" humanType="Property" classType="Property" name="RefinedBy" icon="StyleGuide_files/icon_property_1714208984.jpg" humanName="Refined By"/><property requireSort="name" refid="41eaa8f1-85e4-4159-acf1-f7c637b2f7a5" refElementId="41eaa8f1-85e4-4159-acf1-f7c637b2f7a5" humanType="Property" classType="Property" name="SatisfiedBy" icon="StyleGuide_files/icon_property_1714208984.jpg" humanName="Satisfied By"/><property requireSort="name" refid="bd489283-0106-4e17-ac05-65e53068ad7a" refElementId="bd489283-0106-4e17-ac05-65e53068ad7a" humanType="Property" classType="Property" name="Text" icon="StyleGuide_files/icon_property_1714208984.jpg" humanName="Text"><String>A time event shall be annotated as "after (time expression)" for relative time event or "at (time expression) for absolute time event.</String></property><property requireSort="name" refid="5bb7aa4b-dc88-42e7-9dc0-130def271492" refElementId="5bb7aa4b-dc88-42e7-9dc0-130def271492" humanType="Property" classType="Property" name="TracedTo" icon="StyleGuide_files/icon_property_1714208984.jpg" humanName="Traced To"/><property requireSort="name" refid="f23a6c2e-eac0-4b7a-928c-969a194e41ef" refElementId="f23a6c2e-eac0-4b7a-928c-969a194e41ef" humanType="Property" classType="Property" name="VerifiedBy" icon="StyleGuide_files/icon_property_1714208984.jpg" humanName="Verified By"/></stereotype></report_appliedStereotype_tags></requirement></magicdraw>