<?xml version='1.0' encoding='UTF-8'?><magicdraw><block id="577d6720-fbe5-41e7-b87e-5e792232d593" refElementId="577d6720-fbe5-41e7-b87e-5e792232d593" humanType="Block" classType="Class" requireSort="node" icon="StyleGuide_files/icon_block_1918934099.jpg"><visibility humanName="Visibility">public</visibility><usedAsType humanName="Used As Type"><partproperty refid="d3197039-654c-4259-829f-75fb405eda53" refElementId="d3197039-654c-4259-829f-75fb405eda53" humanType="Part Property" classType="Property" name="Component1" icon="StyleGuide_files/icon_partproperty_533272914.jpg"/></usedAsType><role humanName="Role"><valueproperty refid="54ddd1db-3871-4c29-92b3-047692acb82f" refElementId="54ddd1db-3871-4c29-92b3-047692acb82f" humanType="Value Property" classType="Property" name="Comp1Mass" icon="StyleGuide_files/icon_valueproperty_417492629.jpg"/></role><qualifiedName humanName="Qualified Name" mode="e">AFLCMC Style Guide Rules::AFLCMC Rule Examples::20. Parametric diagram flow::Component1</qualifiedName><part humanName="Part"><valueproperty refid="54ddd1db-3871-4c29-92b3-047692acb82f" refElementId="54ddd1db-3871-4c29-92b3-047692acb82f" humanType="Value Property" classType="Property" name="Comp1Mass" icon="StyleGuide_files/icon_valueproperty_417492629.jpg"/></part><package refid="ec682748-a094-4c33-b4df-50ad9d28c09b" refElementId="ec682748-a094-4c33-b4df-50ad9d28c09b" humanType="Package" classType="Package" name="20. Parametric diagram flow" hasDiagram="true" icon="StyleGuide_files/icon_package_1704329166.jpg" humanName="Package"/><owningPackage refid="ec682748-a094-4c33-b4df-50ad9d28c09b" refElementId="ec682748-a094-4c33-b4df-50ad9d28c09b" humanType="Package" classType="Package" name="20. Parametric diagram flow" hasDiagram="true" icon="StyleGuide_files/icon_package_1704329166.jpg" humanName="Owning Package"/><owner refid="ec682748-a094-4c33-b4df-50ad9d28c09b" refElementId="ec682748-a094-4c33-b4df-50ad9d28c09b" humanType="Package" classType="Package" name="20. Parametric diagram flow" hasDiagram="true" icon="StyleGuide_files/icon_package_1704329166.jpg" humanName="Owner" mode="s,e"/><ownedMember humanName="Owned Member"><valueproperty refid="54ddd1db-3871-4c29-92b3-047692acb82f" refElementId="54ddd1db-3871-4c29-92b3-047692acb82f" humanType="Value Property" classType="Property" name="Comp1Mass" icon="StyleGuide_files/icon_valueproperty_417492629.jpg"/></ownedMember><ownedElement humanName="Owned Element"><valueproperty refid="54ddd1db-3871-4c29-92b3-047692acb82f" refElementId="54ddd1db-3871-4c29-92b3-047692acb82f" humanType="Value Property" classType="Property" name="Comp1Mass" icon="StyleGuide_files/icon_valueproperty_417492629.jpg"/></ownedElement><ownedAttribute humanName="Owned Attribute"><valueproperty refid="54ddd1db-3871-4c29-92b3-047692acb82f" refElementId="54ddd1db-3871-4c29-92b3-047692acb82f" humanType="Value Property" classType="Property" name="Comp1Mass" icon="StyleGuide_files/icon_valueproperty_417492629.jpg"/></ownedAttribute><namespace refid="ec682748-a094-4c33-b4df-50ad9d28c09b" refElementId="ec682748-a094-4c33-b4df-50ad9d28c09b" humanType="Package" classType="Package" name="20. Parametric diagram flow" hasDiagram="true" icon="StyleGuide_files/icon_package_1704329166.jpg" humanName="Namespace"/><name humanName="Name" mode="s,e">Component1</name><member humanName="Member"><valueproperty refid="54ddd1db-3871-4c29-92b3-047692acb82f" refElementId="54ddd1db-3871-4c29-92b3-047692acb82f" humanType="Value Property" classType="Property" name="Comp1Mass" icon="StyleGuide_files/icon_valueproperty_417492629.jpg"/></member><isLeaf humanName="Is Leaf">false</isLeaf><isFinalSpecialization humanName="Is Final Specialization">false</isFinalSpecialization><isActive humanName="Is Active" mode="e">false</isActive><isAbstract humanName="Is Abstract">false</isAbstract><feature humanName="Feature"><valueproperty refid="54ddd1db-3871-4c29-92b3-047692acb82f" refElementId="54ddd1db-3871-4c29-92b3-047692acb82f" humanType="Value Property" classType="Property" name="Comp1Mass" icon="StyleGuide_files/icon_valueproperty_417492629.jpg"/></feature><effectiveIRI humanName="Effective IRI">NA</effectiveIRI><documentation humanName="Documentation">NA</documentation><derivedExplanation humanName="Derived Explanation">NA</derivedExplanation><attribute humanName="Attribute"><valueproperty refid="54ddd1db-3871-4c29-92b3-047692acb82f" refElementId="54ddd1db-3871-4c29-92b3-047692acb82f" humanType="Value Property" classType="Property" name="Comp1Mass" icon="StyleGuide_files/icon_valueproperty_417492629.jpg"/></attribute><appliedStereotype humanName="Applied Stereotype" mode="e"><stereotype refid="2a4f4cbc-9ea6-4f20-b409-6716a55a9e59" refElementId="2a4f4cbc-9ea6-4f20-b409-6716a55a9e59" humanType="Stereotype" classType="Stereotype" name="Block" icon="StyleGuide_files/icon_stereotype_1918934099.jpg"/></appliedStereotype><TO_DO humanName="To Do">NA</TO_DO><ActiveHyperlink humanName="Active Hyperlink">NA</ActiveHyperlink><report_appliedStereotype_tags humanName="Applied Stereotype" requireSort="element" mode="e"><stereotype refid="2a4f4cbc-9ea6-4f20-b409-6716a55a9e59" refElementId="2a4f4cbc-9ea6-4f20-b409-6716a55a9e59" humanType="Stereotype" classType="Stereotype" name="Block" icon="StyleGuide_files/icon_stereotype_1918934099.jpg"><property requireSort="name" refid="bc7751b1-76b0-4daa-9db2-8f2e91343ae1" refElementId="bc7751b1-76b0-4daa-9db2-8f2e91343ae1" humanType="Property" classType="Property" name="base_Class" icon="StyleGuide_files/icon_property_1714208984.jpg" humanName="Base_ Class"/><property requireSort="name" refid="bcd3c93f-2a66-496e-b6e5-3c281bfca79a" refElementId="bcd3c93f-2a66-496e-b6e5-3c281bfca79a" humanType="Property" classType="Property" name="isEncapsulated" icon="StyleGuide_files/icon_property_1714208984.jpg" humanName="Is Encapsulated"/></stereotype></report_appliedStereotype_tags></block></magicdraw>